ubigeo,distrito,departamen,provincia,n_ipress,n_centros_poblados,comp1_disponibilidad,comp2_actividad,comp3_acceso,comp1_norm,comp2_norm,comp3_norm,score_baseline,clasificacion,score_alternativa,comp3_norm_alt,diferencia_scores
100902,CODO DEL POZUZO,HUANUCO,PUERTO INCA,8.0,70.0,0.11428571428571428,0.0,0.0,0.0003131115459882583,0.0,0.0,0.00010437051532941944,Subatendido,0.00010437051532941944,0.0,0.0
100904,TOURNAVISTA,HUANUCO,PUERTO INCA,4.0,48.0,0.08333333333333333,0.0,0.0,0.00022831050228310502,0.0,0.0,7.6103500761035e-05,Subatendido,7.6103500761035e-05,0.0,0.0
250305,ALEXANDER VON HUMBOLDT,UCAYALI,PADRE ABAD,2.0,3.0,0.6666666666666666,25.0,0.6666666666666666,0.0018264840182648401,4.029749220646501e-05,0.6666666666666666,0.22284448272571264,Mejor atendido,0.33395559383682377,1.0,0.11111111111111113
250302,IRAZOLA,UCAYALI,PADRE ABAD,7.0,55.0,0.12727272727272726,23.0,0.7272727272727273,0.000348692403486924,3.707369282994781e-05,0.7272727272727273,0.24255283112301473,Mejor atendido,0.32134070991089353,0.9636363636363636,0.0787878787878788
250304,NESHUYA,UCAYALI,PADRE ABAD,8.0,9.0,0.8888888888888888,40.4,0.8888888888888888,0.00243531202435312,6.512074740564745e-05,0.8888888888888888,0.29712977388688255,Mejor atendido,0.3341668109239196,1.0,0.037037037037037035
250301,PADRE ABAD,UCAYALI,PADRE ABAD,15.0,91.0,0.16483516483516483,52.89473684210526,0.42857142857142855,0.0004516031913292187,8.526100982631017e-05,0.42857142857142855,0.14303609759086136,Acceso medio,0.32252327707804085,0.967032967032967,0.1794871794871795
250303,CURIMANA,UCAYALI,PADRE ABAD,6.0,32.0,0.1875,28.285714285714285,0.90625,0.0005136986301369863,4.559373403931469e-05,0.90625,0.3022697641213921,Mejor atendido,0.3335197641213921,1.0,0.03125
100901,PUERTO INCA,HUANUCO,PUERTO INCA,10.0,70.0,0.14285714285714285,0.0,0.0,0.00039138943248532285,0.0,0.0,0.00013046314416177428,Subatendido,0.00013046314416177428,0.0,0.0
250106,NUEVA REQUENA,UCAYALI,CORONEL PORTILLO,8.0,55.0,0.14545454545454545,11.3,0.8181818181818182,0.00039850560398505604,1.8214466477322185e-05,0.8181818181818182,0.27286617941742686,Mejor atendido,0.33347224002348747,1.0,0.06060606060606061
250102,CAMPOVERDE,UCAYALI,CORONEL PORTILLO,24.0,69.0,0.34782608695652173,9.481481481481481,0.8840579710144928,0.0009529481834425253,1.528319704422969e-05,0.8840579710144928,0.29500873413165984,Mejor atendido,0.3288251592524328,0.9855072463768116,0.03381642512077293
160601,CONTAMANA,LORETO,UCAYALI,12.0,109.0,0.11009174311926606,114031.0,0.0,0.00030162121402538646,0.18380653335181646,0.0,0.061369384855280616,Acceso medio,0.061369384855280616,0.0,0.0
130104,HUANCHACO,LA LIBERTAD,TRUJILLO,10.0,21.0,0.47619047619047616,533.2857142857143,0.0,0.001304631441617743,0.0008596030766099079,0.0,0.0007214115060758837,Acceso medio,0.0007214115060758837,0.0,0.0
130207,SANTIAGO DE CAO,LA LIBERTAD,ASCOPE,4.0,35.0,0.11428571428571428,0.0,0.0,0.0003131115459882583,0.0,0.0,0.00010437051532941944,Subatendido,0.00010437051532941944,0.0,0.0
130110,SIMBAL,LA LIBERTAD,TRUJILLO,1.0,41.0,0.024390243902439025,0.0,0.0,6.682258603407952e-05,0.0,0.0,2.2274195344693174e-05,Subatendido,2.2274195344693174e-05,0.0,0.0
130204,MAGDALENA DE CAO,LA LIBERTAD,ASCOPE,1.0,40.0,0.025,0.0,0.0,6.849315068493152e-05,0.0,0.0,2.2831050228310506e-05,Subatendido,2.2831050228310506e-05,0.0,0.0
130203,CHOCOPE,LA LIBERTAD,ASCOPE,5.0,20.0,0.25,272752.0,0.0,0.0006849315068493151,0.43964886377190976,0.0,0.14677793175958637,Acceso medio,0.14677793175958637,0.0,0.0
130205,PAIJAN,LA LIBERTAD,ASCOPE,3.0,43.0,0.06976744186046512,483.0,0.0,0.0001911436763300414,0.0007785475494289039,0.0,0.0003232304085863151,Acceso medio,0.0003232304085863151,0.0,0.0
130613,SINSICAP,LA LIBERTAD,OTUZCO,3.0,75.0,0.04,0.0,0.0,0.00010958904109589041,0.0,0.0,3.6529680365296805e-05,Subatendido,3.6529680365296805e-05,0.0,0.0
130202,CHICAMA,LA LIBERTAD,ASCOPE,5.0,32.0,0.15625,810.0,0.0,0.0004280821917808219,0.0013056387474894662,0.0,0.0005779069797567627,Acceso medio,0.0005779069797567627,0.0,0.0
130206,RAZURI,LA LIBERTAD,ASCOPE,2.0,50.0,0.04,0.0,0.0,0.00010958904109589041,0.0,0.0,3.6529680365296805e-05,Subatendido,3.6529680365296805e-05,0.0,0.0
131103,MARMOT,LA LIBERTAD,GRAN CHIMU,3.0,40.0,0.075,0.0,0.0,0.0002054794520547945,0.0,0.0,6.84931506849315e-05,Subatendido,6.84931506849315e-05,0.0,0.0
130201,ASCOPE,LA LIBERTAD,ASCOPE,2.0,29.0,0.06896551724137931,6588.0,0.0,0.0001889466225791214,0.01061919514624766,0.0,0.00360271392294226,Acceso medio,0.00360271392294226,0.0,0.0
131101,CASCAS,LA LIBERTAD,GRAN CHIMU,5.0,166.0,0.030120481927710843,4317.5,0.0,8.25218682950982e-05,0.0069593769040565065,0.0,0.002347299590783868,Acceso medio,0.002347299590783868,0.0,0.0
130208,CASA GRANDE,LA LIBERTAD,ASCOPE,4.0,35.0,0.11428571428571428,42549.0,0.0,0.0003131115459882583,0.06858471983571518,0.0,0.022965943793901145,Acceso medio,0.022965943793901145,0.0,0.0
060505,SAN BENITO,CAJAMARCA,CONTUMAZA,3.0,78.0,0.038461538461538464,0.3333333333333333,0.0,0.00010537407797681771,5.372998960862001e-07,0.0,3.53037926243013e-05,Subatendido,3.53037926243013e-05,0.0,0.0
130701,SAN PEDRO DE LLOC,LA LIBERTAD,PACASMAYO,4.0,33.0,0.12121212121212122,2454.0,0.0,0.00033208800332088005,0.0039556018349866055,0.0,0.0014292299461024954,Acceso medio,0.0014292299461024954,0.0,0.0
060503,CUPISNIQUE,CAJAMARCA,CONTUMAZA,2.0,65.0,0.03076923076923077,0.0,0.0,8.429926238145417e-05,0.0,0.0,2.809975412715139e-05,Subatendido,2.809975412715139e-05,0.0,0.0
230110,CORONEL GREGORIO ALBARRACIN LANCHIPA,TACNA,TACNA,21.0,17.0,1.2352941176470589,15827.0,0.5882352941176471,0.0033843674456083806,0.025511536366068868,0.5882352941176471,0.20571039930977478,Mejor atendido,0.3429653012705591,1.0,0.1372549019607843
230108,POCOLLAY,TACNA,TACNA,3.0,10.0,0.3,0.0,1.0,0.000821917808219178,0.0,1.0,0.3336073059360731,Mejor atendido,0.3336073059360731,1.0,0.0
230103,CALANA,TACNA,TACNA,2.0,27.0,0.07407407407407407,620386.0,0.9629629629629629,0.00020294266869609335,1.0,0.9629629629629629,0.654388635210553,Mejor atendido,0.6667343142228986,1.0,0.012345679012345623
230101,TACNA,TACNA,TACNA,314.0,32.0,9.8125,16595.444444444445,0.90625,0.026883561643835617,0.026750191726512922,0.90625,0.31996125112344953,Mejor atendido,0.35121125112344953,1.0,0.03125
230109,SAMA,TACNA,TACNA,3.0,41.0,0.07317073170731707,0.0,0.6341463414634146,0.00020046775810223855,0.0,0.6341463414634146,0.2114489364071723,Mejor atendido,0.27648958681367636,0.8292682926829268,0.06504065040650406
230104,CIUDAD NUEVA,TACNA,TACNA,10.0,6.0,1.6666666666666667,4842.0,1.0,0.004566210045662101,0.007804818290548143,1.0,0.3374570094454034,Mejor atendido,0.3374570094454034,1.0,0.0
230303,ITE,TACNA,JORGE BASADRE,3.0,27.0,0.1111111111111111,0.0,0.3333333333333333,0.00030441400304414,0.0,0.3333333333333333,0.11121258244545916,Acceso medio,0.2470150515812616,0.7407407407407407,0.13580246913580246
180301,ILO,MOQUEGUA,ILO,23.0,7.0,3.2857142857142856,64454.0,0.7142857142857143,0.009001956947162427,0.10389338250701982,0.7142857142857143,0.27572701791329884,Mejor atendido,0.3709651131513941,1.0,0.09523809523809523
230102,ALTO DE LA ALIANZA,TACNA,TACNA,10.0,14.0,0.7142857142857143,18065.0,1.0,0.0019569471624266144,0.029118967868391615,1.0,0.3436919716769394,Mejor atendido,0.3436919716769394,1.0,0.0
230106,PACHIA,TACNA,TACNA,5.0,31.0,0.16129032258064516,0.0,0.6774193548387096,0.00044189129474149356,0.0,0.6774193548387096,0.22595374871115037,Mejor atendido,0.3334806304315805,1.0,0.10752688172043012
230404,ESTIQUE-PAMPA,TACNA,TARATA,1.0,12.0,0.08333333333333333,0.0,0.5833333333333334,0.00022831050228310502,0.0,0.5833333333333334,0.19452054794520549,Mejor atendido,0.30563165905631656,0.9166666666666666,0.11111111111111108
230403,ESTIQUE,TACNA,TARATA,1.0,13.0,0.07692307692307693,0.0,0.15384615384615385,0.00021074815595363542,0.0,0.15384615384615385,0.051352300667369156,Acceso medio,0.2564805057955743,0.7692307692307693,0.20512820512820515
230407,TARUCACHI,TACNA,TARATA,1.0,10.0,0.1,0.0,0.5,0.00027397260273972606,0.0,0.5,0.16675799086757992,Acceso medio,0.33342465753424655,1.0,0.16666666666666663
230105,INCLAN,TACNA,TACNA,2.0,30.0,0.06666666666666667,0.0,0.6333333333333333,0.00018264840182648402,0.0,0.6333333333333333,0.21117199391171992,Mejor atendido,0.32228310502283103,0.9666666666666667,0.1111111111111111
230301,LOCUMBA,TACNA,JORGE BASADRE,4.0,33.0,0.12121212121212122,0.0,0.30303030303030304,0.00033208800332088005,0.0,0.30303030303030304,0.10112079701120798,Acceso medio,0.30314099903140995,0.9090909090909091,0.202020202020202
180302,EL ALGARROBAL,MOQUEGUA,ILO,1.0,57.0,0.017543859649122806,0.0,0.19298245614035087,4.8065368901706317e-05,0.0,0.19298245614035087,0.06434350716975086,Acceso medio,0.2573259633101017,0.7719298245614035,0.19298245614035087
230107,PALCA,TACNA,TACNA,8.0,131.0,0.061068702290076333,0.0,0.549618320610687,0.0001673115131234968,0.0,0.549618320610687,0.18326187737460353,Mejor atendido,0.33084457457562133,0.9923664122137404,0.1475826972010178
230402,HEROES ALBARRACIN,TACNA,TARATA,2.0,14.0,0.14285714285714285,0.0,0.8571428571428571,0.00039138943248532285,0.0,0.8571428571428571,0.28584474885844746,Mejor atendido,0.33346379647749513,1.0,0.04761904761904767
230204,CURIBAYA,TACNA,CANDARAVE,1.0,14.0,0.07142857142857142,0.0,0.5714285714285714,0.00019569471624266143,0.0,0.5714285714285714,0.19054142204827137,Mejor atendido,0.33339856490541425,1.0,0.14285714285714288
230405,SITAJARA,TACNA,TARATA,1.0,6.0,0.16666666666666666,0.0,0.6666666666666666,0.00045662100456621003,0.0,0.6666666666666666,0.22237442922374429,Mejor atendido,0.3334855403348554,1.0,0.1111111111111111
230206,QUILAHUANI,TACNA,CANDARAVE,2.0,21.0,0.09523809523809523,0.0,1.0,0.0002609262883235486,0.0,1.0,0.3334203087627745,Mejor atendido,0.3334203087627745,1.0,0.0
180303,PACOCHA,MOQUEGUA,ILO,2.0,18.0,0.1111111111111111,29703.0,0.2777777777777778,0.00030441400304414,0.047878256440345206,0.2777777777777778,0.10865348274038905,Acceso medio,0.10865348274038905,0.2777777777777778,0.0
230401,TARATA,TACNA,TARATA,6.0,132.0,0.045454545454545456,0.0,0.5984848484848485,0.00012453300124533,0.0,0.5984848484848485,0.19953646049536464,Mejor atendido,0.33084959180849594,0.9924242424242424,0.1313131313131313
230205,HUANUARA,TACNA,CANDARAVE,1.0,13.0,0.07692307692307693,0.0,0.7692307692307693,0.00021074815595363542,0.0,0.7692307692307693,0.2564805057955743,Mejor atendido,0.3334035827186512,1.0,0.07692307692307693
230408,TICACO,TACNA,TARATA,1.0,36.0,0.027777777777777776,0.0,0.19444444444444445,7.6103500761035e-05,0.0,0.19444444444444445,0.06484018264840183,Acceso medio,0.1666920345002537,0.5,0.10185185185185186
230302,ILABAYA,TACNA,JORGE BASADRE,6.0,54.0,0.1111111111111111,26093.0,0.4074074074074074,0.00030441400304414,0.04205929856573166,0.4074074074074074,0.14992370665872773,Acceso medio,0.31041753381922155,0.8888888888888888,0.16049382716049382
180104,SAMEGUA,MOQUEGUA,MARISCAL NIETO,3.0,32.0,0.09375,0.0,1.0,0.0002568493150684931,0.0,1.0,0.3334189497716895,Mejor atendido,0.3334189497716895,1.0,0.0
040706,PUNTA DE BOMBON,AREQUIPA,ISLAY,1.0,18.0,0.05555555555555555,894.0,0.6111111111111112,0.00015220700152207,0.0014410383213031887,0.6111111111111112,0.2042347854779788,Mejor atendido,0.2227533039964973,0.6666666666666666,0.01851851851851849
230202,CAIRANI,TACNA,CANDARAVE,2.0,25.0,0.08,0.0,0.48,0.00021917808219178083,0.0,0.48,0.1600730593607306,Acceso medio,0.26673972602739726,0.8,0.10666666666666666
230406,SUSAPAYA,TACNA,TARATA,2.0,81.0,0.024691358024691357,0.0,0.037037037037037035,6.764755623203111e-05,0.0,0.037037037037037035,0.012368228197756355,Acceso medio,0.07821184959693331,0.2345679012345679,0.06584362139917696
040703,DEAN VALDIVIA,AREQUIPA,ISLAY,3.0,26.0,0.11538461538461539,1234.0,0.9615384615384616,0.00031612223393045314,0.0019890842153111126,0.9615384615384616,0.3212812226625677,Mejor atendido,0.3341017354830805,1.0,0.012820512820512775
230203,CAMILACA,TACNA,CANDARAVE,1.0,45.0,0.022222222222222223,0.0,0.6,6.088280060882801e-05,0.0,0.6,0.2000202942668696,Mejor atendido,0.27409436834094364,0.8222222222222222,0.07407407407407404
040705,MEJIA,AREQUIPA,ISLAY,1.0,10.0,0.1,0.0,0.9,0.00027397260273972606,0.0,0.9,0.3000913242009133,Mejor atendido,0.33342465753424655,1.0,0.03333333333333327
210502,CAPAZO,PUNO,EL COLLAO,6.0,157.0,0.03821656050955414,0.0,0.4713375796178344,0.00010470290550562778,0.0,0.4713375796178344,0.15714742750778002,Acceso medio,0.32912194980077364,0.9872611464968153,0.17197452229299362
230201,CANDARAVE,TACNA,CANDARAVE,4.0,148.0,0.02702702702702703,0.0,0.34459459459459457,7.404664938911514e-05,0.0,0.34459459459459457,0.11488954708132788,Acceso medio,0.28831297050475135,0.8648648648648649,0.17342342342342348
040704,ISLAY,AREQUIPA,ISLAY,2.0,11.0,0.18181818181818182,726.5,0.9090909090909091,0.00049813200498132,0.001171045123519873,0.9090909090909091,0.3035866954064701,Mejor atendido,0.3338897257095004,1.0,0.030303030303030276
180106,TORATA,MOQUEGUA,MARISCAL NIETO,6.0,150.0,0.04,12200.5,0.24,0.00010958904109589041,0.019665982146599054,0.24,0.08659185706256499,Acceso medio,0.2688140792847872,0.7866666666666666,0.18222222222222217
180101,MOQUEGUA,MOQUEGUA,MARISCAL NIETO,35.0,128.0,0.2734375,126197.75,0.609375,0.0007491438356164383,0.20341811388393677,0.609375,0.2711807525731844,Mejor atendido,0.37795158590651773,0.9296875,0.10677083333333331
180103,CUCHUMBAYA,MOQUEGUA,MARISCAL NIETO,3.0,22.0,0.13636363636363635,0.0,1.0,0.00037359900373599,0.0,1.0,0.33345786633457863,Mejor atendido,0.33345786633457863,1.0,0.0
210405,PISACOMA,PUNO,CHUCUITO,2.0,349.0,0.0057306590257879654,0.0,0.0,1.5700435687090317e-05,0.0,0.0,5.233478562363439e-06,Subatendido,0.060177153249336,0.18051575931232092,0.06017191977077364
040702,COCACHACRA,AREQUIPA,ISLAY,8.0,43.0,0.18604651162790697,174.16666666666666,0.7209302325581395,0.0005097164702134437,0.00028073919570503953,0.7209302325581395,0.24057356274135266,Mejor atendido,0.3103410046018178,0.9302325581395349,0.06976744186046513
040701,MOLLENDO,AREQUIPA,ISLAY,14.0,19.0,0.7368421052631579,60654.833333333336,0.6842105263157895,0.0020187454938716655,0.09776950694137736,0.6842105263157895,0.26133292625034615,Mejor atendido,0.3490522244959602,0.9473684210526315,0.08771929824561403
180205,LA CAPILLA,MOQUEGUA,GENERAL SANCHEZ CERRO,2.0,64.0,0.03125,0.0,0.296875,8.561643835616438e-05,0.0,0.296875,0.09898687214611872,Acceso medio,0.25523687214611873,0.765625,0.15625
040201,CAMANA,AREQUIPA,CAMANA,14.0,8.0,1.75,29509.0,1.0,0.004794520547945206,0.047565547900823034,1.0,0.35078668948292274,Mejor atendido,0.35078668948292274,1.0,0.0
180209,QUINISTAQUILLAS,MOQUEGUA,GENERAL SANCHEZ CERRO,1.0,23.0,0.043478260869565216,0.0,0.6521739130434783,0.00011911852293031566,0.0,0.6521739130434783,0.2174310105221362,Mejor atendido,0.33337303950764346,1.0,0.11594202898550726
040202,JOSE MARIA QUIMPER,AREQUIPA,CAMANA,3.0,9.0,0.3333333333333333,0.0,1.0,0.0009132420091324201,0.0,1.0,0.33363774733637747,Mejor atendido,0.33363774733637747,1.0,0.0
210404,KELLUYO,PUNO,CHUCUITO,4.0,235.0,0.01702127659574468,0.0,0.0,4.6633634508889534e-05,0.0,0.0,1.554454483629651e-05,Subatendido,1.554454483629651e-05,0.0,0.0
180105,SAN CRISTOBAL,MOQUEGUA,MARISCAL NIETO,4.0,68.0,0.058823529411764705,0.0,0.36764705882352944,0.00016116035455278002,0.0,0.36764705882352944,0.12260273972602741,Acceso medio,0.26475960247112545,0.7941176470588235,0.14215686274509803
210402,DESAGUADERO,PUNO,CHUCUITO,4.0,109.0,0.03669724770642202,9985.5,0.0,0.00010054040467512883,0.016095624337106252,0.0,0.005398721580593794,Acceso medio,0.005398721580593794,0.0,0.0
040208,SAMUEL PASTOR,AREQUIPA,CAMANA,6.0,32.0,0.1875,23977.666666666668,0.90625,0.0005136986301369863,0.03864959342516863,0.90625,0.31513776401843524,Mejor atendido,0.3463877640184352,1.0,0.031249999999999944
040115,QUEQUEÑA,AREQUIPA,AREQUIPA,1.0,13.0,0.07692307692307693,0.0,1.0,0.00021074815595363542,0.0,1.0,0.3334035827186512,Mejor atendido,0.3334035827186512,1.0,0.0
180201,OMATE,MOQUEGUA,GENERAL SANCHEZ CERRO,3.0,48.0,0.0625,0.0,0.8333333333333334,0.00017123287671232877,0.0,0.8333333333333334,0.27783485540334857,Mejor atendido,0.3333904109589041,1.0,0.055555555555555525
210504,SANTA ROSA,PUNO,EL COLLAO,7.0,483.0,0.014492753623188406,0.0,0.36438923395445133,3.9706174310105225e-05,0.0,0.36438923395445133,0.12147631337625381,Acceso medio,0.30229066810365207,0.906832298136646,0.18081435472739826
040127,YARABAMBA,AREQUIPA,AREQUIPA,1.0,20.0,0.05,0.0,0.8,0.00013698630136986303,0.0,0.8,0.2667123287671233,Mejor atendido,0.33337899543378996,1.0,0.06666666666666665
040114,POLOBAYA,AREQUIPA,AREQUIPA,1.0,55.0,0.01818181818181818,0.0,0.32727272727272727,4.9813200498132005e-05,0.0,0.32727272727272727,0.10910751349107513,Acceso medio,0.3333499377334994,1.0,0.2242424242424243
040111,MOLLEBAYA,AREQUIPA,AREQUIPA,2.0,15.0,0.13333333333333333,0.0,1.0,0.00036529680365296805,0.0,1.0,0.333455098934551,Mejor atendido,0.333455098934551,1.0,0.0
180102,CARUMAS,MOQUEGUA,MARISCAL NIETO,4.0,417.0,0.009592326139088728,0.0,0.19904076738609114,2.628034558654446e-05,0.0,0.19904076738609114,0.06635568257722589,Acceso medio,0.2358201110344601,0.7074340527577938,0.1694644284572342
180208,PUQUINA,MOQUEGUA,GENERAL SANCHEZ CERRO,4.0,85.0,0.047058823529411764,0.0,0.611764705882353,0.00012892828364222402,0.0,0.611764705882353,0.2039645447219984,Mejor atendido,0.33337630942788077,1.0,0.12941176470588237
040207,QUILCA,AREQUIPA,CAMANA,1.0,37.0,0.02702702702702703,0.0,0.24324324324324326,7.404664938911514e-05,0.0,0.24324324324324326,0.08110576329754413,Acceso medio,0.2793039614957423,0.8378378378378378,0.1981981981981982
180203,COALAQUE,MOQUEGUA,GENERAL SANCHEZ CERRO,2.0,38.0,0.05263157894736842,0.0,0.7894736842105263,0.00014419610670511894,0.0,0.7894736842105263,0.2632059601057438,Mejor atendido,0.333381398702235,1.0,0.07017543859649117
210403,HUACULLANI,PUNO,CHUCUITO,2.0,156.0,0.01282051282051282,0.0,0.0,3.5124692658939236e-05,0.0,0.0,1.1708230886313078e-05,Subatendido,0.04274675096592904,0.1282051282051282,0.04273504273504272
040122,SOCABAYA,AREQUIPA,AREQUIPA,13.0,20.0,0.65,3335.6666666666665,1.0,0.0017808219178082193,0.005376760060134604,1.0,0.3357191939926476,Mejor atendido,0.3357191939926476,1.0,0.0
040113,POCSI,AREQUIPA,AREQUIPA,2.0,18.0,0.1111111111111111,0.0,0.4444444444444444,0.00030441400304414,0.0,0.4444444444444444,0.14824961948249618,Acceso medio,0.3334348046676814,1.0,0.1851851851851852
040107,JACOBO HUNTER,AREQUIPA,AREQUIPA,16.0,5.0,3.2,6156.5,1.0,0.008767123287671234,0.009923660430764073,1.0,0.33956359457281177,Mejor atendido,0.33956359457281177,1.0,0.0
040116,SABANDIA,AREQUIPA,AREQUIPA,1.0,19.0,0.05263157894736842,0.0,1.0,0.00014419610670511894,0.0,1.0,0.333381398702235,Mejor atendido,0.333381398702235,1.0,0.0
210505,CONDURIRI,PUNO,EL COLLAO,2.0,277.0,0.007220216606498195,0.0,0.23104693140794225,1.978141536026903e-05,0.0,0.23104693140794225,0.07702223760776751,Acceso medio,0.3309331882696207,0.9927797833935018,0.2539109506618532
040129,JOSE LUIS BUSTAMANTE Y RIVERO,AREQUIPA,AREQUIPA,38.0,4.0,9.5,0.0,1.0,0.026027397260273973,0.0,1.0,0.34200913242009134,Mejor atendido,0.34200913242009134,1.0,0.0
040123,TIABAYA,AREQUIPA,AREQUIPA,3.0,17.0,0.17647058823529413,0.0,1.0,0.00048348106365834006,0.0,1.0,0.3334944936878861,Mejor atendido,0.3334944936878861,1.0,0.0
040117,SACHACA,AREQUIPA,AREQUIPA,5.0,7.0,0.7142857142857143,0.0,1.0,0.0019569471624266144,0.0,1.0,0.3339856490541422,Mejor atendido,0.3339856490541422,1.0,0.0
040105,CHARACATO,AREQUIPA,AREQUIPA,1.0,13.0,0.07692307692307693,0.0,0.7692307692307693,0.00021074815595363542,0.0,0.7692307692307693,0.2564805057955743,Mejor atendido,0.3334035827186512,1.0,0.07692307692307693
040108,LA JOYA,AREQUIPA,AREQUIPA,11.0,65.0,0.16923076923076924,81.91666666666667,0.8923076923076924,0.0004636459430979979,0.0001320414494631837,0.8923076923076924,0.2976344599000845,Mejor atendido,0.3335318957975204,1.0,0.03589743589743588
040112,PAUCARPATA,AREQUIPA,AREQUIPA,61.0,2.0,30.5,43450.944444444445,1.0,0.08356164383561644,0.07003856380454176,1.0,0.38453340254671936,Mejor atendido,0.38453340254671936,1.0,0.0
040121,SANTA RITA DE SIGUAS,AREQUIPA,AREQUIPA,2.0,24.0,0.08333333333333333,0.0,0.7083333333333334,0.00022831050228310502,0.0,0.7083333333333334,0.23618721461187217,Mejor atendido,0.33340943683409435,1.0,0.09722222222222218
040101,AREQUIPA,AREQUIPA,AREQUIPA,365.0,1.0,365.0,100313.15,1.0,1.0,0.1616947352132382,1.0,0.7205649117377462,Mejor atendido,0.7205649117377462,1.0,0.0
180207,MATALAQUE,MOQUEGUA,GENERAL SANCHEZ CERRO,2.0,52.0,0.038461538461538464,0.0,0.6538461538461539,0.00010537407797681771,0.0,0.6538461538461539,0.2179838426413769,Mejor atendido,0.3333684580259923,1.0,0.11538461538461539
040126,YANAHUARA,AREQUIPA,AREQUIPA,123.0,1.0,123.0,268654.54545454547,1.0,0.336986301369863,0.4330441780674378,1.0,0.5900101598124335,Mejor atendido,0.5900101598124335,1.0,0.0
040124,UCHUMAYO,AREQUIPA,AREQUIPA,6.0,38.0,0.15789473684210525,0.0,0.8421052631578947,0.0004325883201153569,0.0,0.8421052631578947,0.28084595049267,Mejor atendido,0.33347752944003844,1.0,0.05263157894736842
040205,NICOLAS DE PIEROLA,AREQUIPA,CAMANA,3.0,34.0,0.08823529411764706,0.0,0.6470588235294118,0.00024174053182917003,0.0,0.6470588235294118,0.21576685468708032,Mejor atendido,0.3138060703733548,0.9411764705882353,0.09803921568627447
210407,ZEPITA,PUNO,CHUCUITO,11.0,289.0,0.03806228373702422,0.0,0.05536332179930796,0.00010428022941650471,0.0,0.05536332179930796,0.018489200676241487,Acceso medio,0.0969205732252611,0.2906574394463668,0.0784313725490196
040118,SAN JUAN DE SIGUAS,AREQUIPA,AREQUIPA,1.0,26.0,0.038461538461538464,0.0,0.5,0.00010537407797681771,0.0,0.5,0.1667017913593256,Acceso medio,0.3333684580259923,1.0,0.16666666666666669
211303,COPANI,PUNO,YUNGUYO,1.0,46.0,0.021739130434782608,0.0,1.0,5.955926146515783e-05,0.0,1.0,0.3333531864204884,Mejor atendido,0.3333531864204884,1.0,0.0
040109,MARIANO MELGAR,AREQUIPA,AREQUIPA,12.0,1.0,12.0,3785.0,1.0,0.03287671232876712,0.006101040320058802,1.0,0.3463259175496087,Mejor atendido,0.3463259175496087,1.0,0.0
180202,CHOJATA,MOQUEGUA,GENERAL SANCHEZ CERRO,2.0,111.0,0.018018018018018018,0.0,0.2072072072072072,4.936443292607676e-05,0.0,0.2072072072072072,0.06908552388004442,Acceso medio,0.28229873709325765,0.8468468468468469,0.21321321321321324
040204,MARISCAL CACERES,AREQUIPA,CAMANA,3.0,30.0,0.1,0.0,0.5,0.00027397260273972606,0.0,0.5,0.16675799086757992,Acceso medio,0.23342465753424657,0.7,0.06666666666666665
040110,MIRAFLORES,AREQUIPA,AREQUIPA,24.0,1.0,24.0,680.1666666666666,1.0,0.06575342465753424,0.0010963604379638913,1.0,0.3556165950318327,Mejor atendido,0.3556165950318327,1.0,0.0
040106,CHIGUATA,AREQUIPA,AREQUIPA,2.0,42.0,0.047619047619047616,0.0,0.9047619047619048,0.0001304631441617743,0.0,0.9047619047619048,0.3016307893020222,Mejor atendido,0.33337682104805394,1.0,0.031746031746031744
040102,ALTO SELVA ALEGRE,AREQUIPA,AREQUIPA,14.0,4.0,3.5,0.0,0.75,0.009589041095890411,0.0,0.75,0.2531963470319635,Mejor atendido,0.3365296803652968,1.0,0.08333333333333331
211304,CUTURAPI,PUNO,YUNGUYO,1.0,23.0,0.043478260869565216,0.0,1.0,0.00011911852293031566,0.0,1.0,0.33337303950764346,Mejor atendido,0.33337303950764346,1.0,0.0
210406,POMATA,PUNO,CHUCUITO,9.0,143.0,0.06293706293706294,0.0,0.14685314685314685,0.0001724303094166108,0.0,0.14685314685314685,0.049008525720854484,Acceso medio,0.2541367308490596,0.7622377622377622,0.2051282051282051
211302,ANAPIA,PUNO,YUNGUYO,1.0,0.0,,0.0,0.0,0.0,0.0,0.0,0.0,Subatendido,0.0,0.0,0.0
180206,LLOQUE,MOQUEGUA,GENERAL SANCHEZ CERRO,1.0,45.0,0.022222222222222223,0.0,0.28888888888888886,6.088280060882801e-05,0.0,0.28888888888888886,0.0963165905631659,Acceso medio,0.33335362760020293,1.0,0.23703703703703705
211307,UNICACHI,PUNO,YUNGUYO,1.0,19.0,0.05263157894736842,0.0,1.0,0.00014419610670511894,0.0,1.0,0.333381398702235,Mejor atendido,0.333381398702235,1.0,0.0
211301,YUNGUYO,PUNO,YUNGUYO,11.0,192.0,0.057291666666666664,1871.5714285714287,0.984375,0.0001569634703196347,0.003016785402267989,0.984375,0.32918291629086255,Mejor atendido,0.33439124962419586,1.0,0.005208333333333315
211305,OLLARAYA,PUNO,YUNGUYO,1.0,43.0,0.023255813953488372,0.0,1.0,6.371455877668046e-05,0.0,1.0,0.33335457151959225,Mejor atendido,0.33335457151959225,1.0,0.0
040104,CERRO COLORADO,AREQUIPA,AREQUIPA,28.0,12.0,2.3333333333333335,8822.857142857143,1.0,0.006392694063926941,0.014221560678121593,1.0,0.3402047515806828,Mejor atendido,0.3402047515806828,1.0,0.0
211306,TINICACHI,PUNO,YUNGUYO,1.0,6.0,0.16666666666666666,0.0,1.0,0.00045662100456621003,0.0,1.0,0.3334855403348554,Mejor atendido,0.3334855403348554,1.0,0.0
210401,JULI,PUNO,CHUCUITO,16.0,375.0,0.042666666666666665,4539.0,0.18933333333333333,0.00011689497716894977,0.007316412685005787,0.18933333333333333,0.06558888033183602,Acceso medio,0.2833666581096138,0.8426666666666667,0.2177777777777778
040103,CAYMA,AREQUIPA,AREQUIPA,53.0,14.0,3.7857142857142856,18519.9,0.2857142857142857,0.010371819960861057,0.029852221036580452,0.2857142857142857,0.10864610890390906,Acceso medio,0.34674134699914716,1.0,0.23809523809523808
180211,YUNGA,MOQUEGUA,GENERAL SANCHEZ CERRO,1.0,28.0,0.03571428571428571,0.0,0.32142857142857145,9.784735812133071e-05,0.0,0.32142857142857145,0.1071754729288976,Acceso medio,0.33336594911937373,1.0,0.2261904761904761
040125,VITOR,AREQUIPA,AREQUIPA,3.0,77.0,0.03896103896103896,0.0,0.6753246753246753,0.00010674257249599716,0.0,0.6753246753246753,0.22514380596572378,Mejor atendido,0.3290399098618277,0.987012987012987,0.1038961038961039
040120,SANTA ISABEL DE SIGUAS,AREQUIPA,AREQUIPA,3.0,42.0,0.07142857142857142,0.0,0.9761904761904762,0.00019569471624266143,0.0,0.9761904761904762,0.3254620569689063,Mejor atendido,0.33339856490541425,1.0,0.007936507936507964
040413,URACA,AREQUIPA,CASTILLA,5.0,51.0,0.09803921568627451,143.8,0.5882352941176471,0.00026860059092130003,0.00023179117517158675,0.5882352941176471,0.1962452286279133,Mejor atendido,0.3138922874514427,0.9411764705882353,0.11764705882352941
040520,MAJES,AREQUIPA,CAYLLOMA,14.0,52.0,0.2692307692307692,14137.75,0.5961538461538461,0.0007376185458377239,0.022788634817678025,0.5961538461538461,0.20656003317245397,Mejor atendido,0.2898933665057873,0.8461538461538461,0.08333333333333331
040206,OCOÑA,AREQUIPA,CAMANA,3.0,32.0,0.09375,0.0,0.5,0.0002568493150684931,0.0,0.5,0.16675228310502285,Acceso medio,0.2813356164383562,0.84375,0.11458333333333334
210503,PILCUYO,PUNO,EL COLLAO,8.0,126.0,0.06349206349206349,0.0,1.0,0.00017395085888236573,0.0,1.0,0.33339131695296076,Mejor atendido,0.33339131695296076,1.0,0.0
180204,ICHUÑA,MOQUEGUA,GENERAL SANCHEZ CERRO,4.0,308.0,0.012987012987012988,0.0,0.3344155844155844,3.558085749866572e-05,0.0,0.3344155844155844,0.11148372175769435,Acceso medio,0.33334519361916626,1.0,0.22186147186147193
210113,SAN ANTONIO,PUNO,PUNO,1.0,115.0,0.008695652173913044,0.0,0.24347826086956523,2.3823704586063134e-05,0.0,0.24347826086956523,0.0811673615247171,Acceso medio,0.31594997022036925,0.9478260869565217,0.23478260869565215
180210,UBINAS,MOQUEGUA,GENERAL SANCHEZ CERRO,5.0,150.0,0.03333333333333333,0.0,0.4,9.132420091324201e-05,0.0,0.4,0.13336377473363775,Acceso medio,0.3244748858447489,0.9733333333333334,0.19111111111111112
210111,PICHACANI,PUNO,PUNO,8.0,451.0,0.017738359201773836,0.0,0.3458980044345898,4.859824438842147e-05,0.0,0.3458980044345898,0.11531553422632607,Acceso medio,0.33187133614798164,0.9955654101995566,0.21655580192165558
040128,YURA,AREQUIPA,AREQUIPA,6.0,89.0,0.06741573033707865,0.0,0.2696629213483146,0.00018470063106048944,0.0,0.2696629213483146,0.08994920732645835,Acceso medio,0.26972448822533474,0.8089887640449438,0.1797752808988764
040119,SAN JUAN DE TARUCANI,AREQUIPA,AREQUIPA,2.0,323.0,0.006191950464396285,0.0,0.21362229102167182,1.6964247847661054e-05,0.0,0.21362229102167182,0.07121308508983983,Acceso medio,0.292059318319974,0.8761609907120743,0.2208462332301342
040508,HUANCA,AREQUIPA,CAYLLOMA,1.0,65.0,0.015384615384615385,0.0,0.3230769230769231,4.2149631190727085e-05,0.0,0.3230769230769231,0.10770635756937126,Acceso medio,0.28719353705655076,0.8615384615384616,0.17948717948717952
210106,CHUCUITO,PUNO,PUNO,4.0,77.0,0.05194805194805195,0.0,1.0,0.00014232342999466287,0.0,1.0,0.33338077447666487,Mejor atendido,0.33338077447666487,1.0,0.0
040203,MARIANO NICOLAS VALCARCEL,AREQUIPA,CAMANA,3.0,24.0,0.125,0.0,0.5416666666666666,0.00034246575342465754,0.0,0.5416666666666666,0.1806697108066971,Mejor atendido,0.29178082191780824,0.875,0.11111111111111113
040407,HUANCARQUI,AREQUIPA,CASTILLA,1.0,28.0,0.03571428571428571,0.0,0.7142857142857143,9.784735812133071e-05,0.0,0.7142857142857143,0.23812785388127855,Mejor atendido,0.32146118721461187,0.9642857142857143,0.08333333333333331
040605,IRAY,AREQUIPA,CONDESUYOS,1.0,27.0,0.037037037037037035,0.0,0.0,0.00010147133434804668,0.0,0.0,3.382377811601556e-05,Subatendido,3.382377811601556e-05,0.0,0.0
040401,APLAO,AREQUIPA,CASTILLA,7.0,54.0,0.12962962962962962,2739.25,0.4444444444444444,0.00035514967021816333,0.004415396221062371,0.4444444444444444,0.14973833011190832,Acceso medio,0.2855407992477108,0.8518518518518519,0.1358024691358025
210101,PUNO,PUNO,PUNO,86.0,206.0,0.4174757281553398,27336.7,0.6553398058252428,0.0011437691182338077,0.044064018208018876,0.6553398058252428,0.2335158643838318,Mejor atendido,0.34840259577541755,1.0,0.11488673139158576
210114,TIQUILLACA,PUNO,PUNO,2.0,152.0,0.013157894736842105,0.0,0.48026315789473684,3.6049026676279736e-05,0.0,0.48026315789473684,0.16009973564047103,Acceso medio,0.31799447248257634,0.9539473684210527,0.1578947368421053
040303,ATICO,AREQUIPA,CARAVELI,2.0,35.0,0.05714285714285714,0.0,0.2571428571428571,0.00015655577299412916,0.0,0.2571428571428571,0.0857664709719504,Acceso medio,0.21909980430528375,0.6571428571428571,0.13333333333333336
040511,LLUTA,AREQUIPA,CAYLLOMA,3.0,127.0,0.023622047244094488,0.0,0.5275590551181102,6.47179376550534e-05,0.0,0.5275590551181102,0.1758745910185884,Mejor atendido,0.30973285873512385,0.9291338582677166,0.13385826771653545
040411,TIPAN,AREQUIPA,CASTILLA,2.0,32.0,0.0625,0.0,0.0,0.00017123287671232877,0.0,0.0,5.7077625570776254e-05,Subatendido,5.7077625570776254e-05,0.0,0.0
040301,CARAVELI,AREQUIPA,CARAVELI,2.0,47.0,0.0425531914893617,0.0,0.5531914893617021,0.00011658408627222384,0.0,0.5531914893617021,0.18443602448265814,Mejor atendido,0.33337219469542406,1.0,0.14893617021276592
040606,RIO GRANDE,AREQUIPA,CONDESUYOS,3.0,42.0,0.07142857142857142,0.0,0.40476190476190477,0.00019569471624266143,0.0,0.40476190476190477,0.1349858664927158,Acceso medio,0.29371602522287454,0.8809523809523809,0.15873015873015875
040307,CHALA,AREQUIPA,CARAVELI,3.0,14.0,0.21428571428571427,614.0,0.35714285714285715,0.0005870841487279843,0.0009897064085907805,0.35714285714285715,0.11957321590005864,Acceso medio,0.3338589301857729,1.0,0.21428571428571425
040502,ACHOMA,AREQUIPA,CAYLLOMA,1.0,59.0,0.01694915254237288,0.0,0.3389830508474576,4.643603436266543e-05,0.0,0.3389830508474576,0.11300982896060675,Acceso medio,0.17515672161597404,0.5254237288135594,0.06214689265536728
210110,PAUCARCOLLA,PUNO,PUNO,1.0,131.0,0.007633587786259542,0.0,0.6030534351145038,2.09139391404371e-05,0.0,0.6030534351145038,0.2010247830178814,Mejor atendido,0.33334030464638015,1.0,0.13231552162849874
040412,UÑON,AREQUIPA,CASTILLA,1.0,11.0,0.09090909090909091,0.0,0.0,0.00024906600249066,0.0,0.0,8.302200083022e-05,Subatendido,0.030386052303860527,0.09090909090909091,0.030303030303030307
040512,MACA,AREQUIPA,CAYLLOMA,1.0,23.0,0.043478260869565216,0.0,0.5652173913043478,0.00011911852293031566,0.0,0.5652173913043478,0.18844550327575937,Mejor atendido,0.2754020250148898,0.8260869565217391,0.08695652173913043
211103,CABANILLAS,PUNO,SAN ROMAN,4.0,273.0,0.014652014652014652,0.0,0.18681318681318682,4.014250589593055e-05,0.0,0.18681318681318682,0.062284443106360915,Acceso medio,0.3138106946326124,0.9413919413919414,0.2515262515262515
210104,ATUNCOLLA,PUNO,PUNO,1.0,109.0,0.009174311926605505,0.0,0.7064220183486238,2.5135101168782206e-05,0.0,0.7064220183486238,0.2354823844832642,Mejor atendido,0.3333417117003896,1.0,0.09785932721712542
040519,YANQUE,AREQUIPA,CAYLLOMA,1.0,242.0,0.004132231404958678,0.0,0.13636363636363635,1.1321181931393638e-05,0.0,0.13636363636363635,0.045458319181855916,Acceso medio,0.2148798067851617,0.6446280991735537,0.16942148760330578
040601,CHUQUIBAMBA,AREQUIPA,CONDESUYOS,2.0,54.0,0.037037037037037035,1650.0,0.0,0.00010147133434804668,0.0026596344856266905,0.0,0.0009203686066582457,Acceso medio,0.0009203686066582457,0.0,0.0
210107,COATA,PUNO,PUNO,3.0,80.0,0.0375,0.0,0.975,0.00010273972602739725,0.0,0.975,0.32503424657534247,Mejor atendido,0.33336757990867577,1.0,0.008333333333333304
040507,HUAMBO,AREQUIPA,CAYLLOMA,1.0,53.0,0.018867924528301886,0.0,0.41509433962264153,5.1692943913155855e-05,0.0,0.41509433962264153,0.13838201085551824,Acceso medio,0.29561471525803396,0.8867924528301887,0.15723270440251572
040503,CABANACONDE,AREQUIPA,CAYLLOMA,2.0,45.0,0.044444444444444446,0.0,0.4,0.00012176560121765602,0.0,0.4,0.13337392186707256,Acceso medio,0.3037442922374429,0.9111111111111111,0.17037037037037037
040514,SAN ANTONIO DE CHUCA,AREQUIPA,CAYLLOMA,3.0,376.0,0.007978723404255319,0.0,0.13829787234042554,2.1859516176041968e-05,0.0,0.13829787234042554,0.046106577285533856,Acceso medio,0.26773778295929274,0.8031914893617021,0.22163120567375888
210108,HUATA,PUNO,PUNO,1.0,85.0,0.011764705882352941,0.0,0.6705882352941176,3.2232070910556004e-05,0.0,0.6705882352941176,0.22354015578834271,Mejor atendido,0.3333440773569702,1.0,0.10980392156862748
040308,CHAPARRA,AREQUIPA,CARAVELI,2.0,79.0,0.02531645569620253,0.0,0.4810126582278481,6.93601525923357e-05,0.0,0.4810126582278481,0.16036067279348015,Acceso medio,0.30382058840529447,0.9113924050632911,0.14345991561181431
211102,CABANA,PUNO,SAN ROMAN,3.0,140.0,0.02142857142857143,0.0,0.8714285714285714,5.8708414872798436e-05,0.0,0.8714285714285714,0.29049575994781474,Mejor atendido,0.3333529028049576,1.0,0.04285714285714287
040410,PAMPACOLCA,AREQUIPA,CASTILLA,3.0,88.0,0.03409090909090909,227.66666666666666,0.0,9.33997509339975e-05,0.00036697582902687467,0.0,0.00015345852665362404,Acceso medio,0.00015345852665362404,0.0,0.0
040414,VIRACO,AREQUIPA,CASTILLA,2.0,43.0,0.046511627906976744,0.0,0.0,0.00012742911755336093,0.0,0.0,4.2476372517786974e-05,Subatendido,4.2476372517786974e-05,0.0,0.0
040602,ANDARAY,AREQUIPA,CONDESUYOS,1.0,49.0,0.02040816326530612,0.0,0.0,5.591277606933184e-05,0.0,0.0,1.8637592023110614e-05,Subatendido,1.8637592023110614e-05,0.0,0.0
040403,AYO,AREQUIPA,CASTILLA,1.0,10.0,0.1,0.0,0.7,0.00027397260273972606,0.0,0.7,0.23342465753424657,Mejor atendido,0.33342465753424655,1.0,0.09999999999999998
040501,CHIVAY,AREQUIPA,CAYLLOMA,4.0,69.0,0.057971014492753624,3365.25,0.4927536231884058,0.0001588246972404209,0.005424445425912254,0.4927536231884058,0.1661122977705195,Acceso medio,0.3351944233743842,1.0,0.1690821256038647
040506,COPORAQUE,AREQUIPA,CAYLLOMA,1.0,28.0,0.03571428571428571,0.0,0.8214285714285714,9.784735812133071e-05,0.0,0.8214285714285714,0.27384213959556425,Mejor atendido,0.33336594911937373,1.0,0.05952380952380948
040608,YANAQUIHUA,AREQUIPA,CONDESUYOS,2.0,74.0,0.02702702702702703,0.0,0.0,7.404664938911514e-05,0.0,0.0,2.468221646303838e-05,Subatendido,0.013538195729976553,0.04054054054054054,0.013513513513513514
040509,ICHUPAMPA,AREQUIPA,CAYLLOMA,1.0,36.0,0.027777777777777776,0.0,0.4722222222222222,7.6103500761035e-05,0.0,0.4722222222222222,0.15743277524099442,Acceso medio,0.33335870116692035,1.0,0.17592592592592593
040313,YAUCA,AREQUIPA,CARAVELI,1.0,17.0,0.058823529411764705,23.0,0.4117647058823529,0.00016116035455278002,3.707369282994781e-05,0.4117647058823529,0.13732097997657855,Acceso medio,0.3333994113491276,1.0,0.19607843137254904
040408,MACHAGUAY,AREQUIPA,CASTILLA,1.0,55.0,0.01818181818181818,0.0,0.0,4.9813200498132005e-05,0.0,0.0,1.6604400166044e-05,Subatendido,0.018198422581984227,0.05454545454545454,0.018181818181818184
040304,ATIQUIPA,AREQUIPA,CARAVELI,2.0,29.0,0.06896551724137931,0.0,0.6551724137931034,0.0001889466225791214,0.0,0.6551724137931034,0.2184537868052275,Mejor atendido,0.3219020626672965,0.9655172413793104,0.10344827586206898
210105,CAPACHICA,PUNO,PUNO,6.0,146.0,0.0410958904109589,0.0,0.910958904109589,0.0001125914805779696,0.0,0.910958904109589,0.30369049853005564,Mejor atendido,0.3333708638268593,1.0,0.02968036529680368
210702,CABANILLA,PUNO,LAMPA,3.0,193.0,0.015544041450777202,0.0,0.6113989637305699,4.258641493363617e-05,0.0,0.6113989637305699,0.20381385004850117,Mejor atendido,0.3316204130882248,0.9948186528497409,0.12780656303972365
040513,MADRIGAL,AREQUIPA,CAYLLOMA,1.0,22.0,0.045454545454545456,0.0,0.36363636363636365,0.00012453300124533,0.0,0.36363636363636365,0.12125363221253632,Acceso medio,0.3333748443337485,1.0,0.21212121212121215
210904,TILALI,PUNO,MOHO,2.0,53.0,0.03773584905660377,0.0,1.0,0.00010338588782631171,0.0,1.0,0.3333677952959421,Mejor atendido,0.3333677952959421,1.0,0.0
211104,CARACOTO,PUNO,SAN ROMAN,3.0,175.0,0.017142857142857144,0.0,0.8457142857142858,4.696673189823875e-05,0.0,0.8457142857142858,0.2819204174820613,Mejor atendido,0.33334898891063275,1.0,0.051428571428571435
210902,CONIMA,PUNO,MOHO,2.0,54.0,0.037037037037037035,0.0,0.9444444444444444,0.00010147133434804668,0.0,0.9444444444444444,0.31484863859293083,Mejor atendido,0.3333671571114494,1.0,0.018518518518518545
040604,CHICHAS,AREQUIPA,CONDESUYOS,3.0,33.0,0.09090909090909091,0.0,0.0,0.00024906600249066,0.0,0.0,8.302200083022e-05,Subatendido,8.302200083022e-05,0.0,0.0
040309,HUANUHUANU,AREQUIPA,CARAVELI,1.0,40.0,0.025,0.0,0.4,6.849315068493152e-05,0.0,0.4,0.13335616438356165,Acceso medio,0.24168949771689496,0.725,0.10833333333333331
040518,TUTI,AREQUIPA,CAYLLOMA,1.0,106.0,0.009433962264150943,0.0,0.18867924528301888,2.5846471956577927e-05,0.0,0.18867924528301888,0.06290169725165849,Acceso medio,0.3239079865598346,0.9716981132075472,0.2610062893081761
210605,PUSI,PUNO,HUANCANE,1.0,152.0,0.006578947368421052,0.0,0.7960526315789473,1.8024513338139868e-05,0.0,0.7960526315789473,0.26535688536409513,Mejor atendido,0.33333934150444605,1.0,0.06798245614035092
040402,ANDAGUA,AREQUIPA,CASTILLA,2.0,36.0,0.05555555555555555,0.0,0.3055555555555556,0.00015220700152207,0.0,0.3055555555555556,0.10190258751902588,Acceso medio,0.3241248097412481,0.9722222222222222,0.2222222222222222
040306,CAHUACHO,AREQUIPA,CARAVELI,3.0,29.0,0.10344827586206896,0.0,0.4482758620689655,0.00028341993386868207,0.0,0.4482758620689655,0.14951976066761138,Acceso medio,0.31043930089749644,0.9310344827586207,0.16091954022988506
040510,LARI,AREQUIPA,CAYLLOMA,1.0,79.0,0.012658227848101266,0.0,0.12658227848101267,3.468007629616785e-05,0.0,0.12658227848101267,0.04220565285243628,Acceso medio,0.1054967920929426,0.31645569620253167,0.06329113924050633
040312,QUICACHA,AREQUIPA,CARAVELI,1.0,54.0,0.018518518518518517,0.0,0.18518518518518517,5.073566717402334e-05,0.0,0.18518518518518517,0.0617453069507864,Acceso medio,0.2777946896668358,0.8333333333333334,0.2160493827160494
210709,SANTA LUCIA,PUNO,LAMPA,3.0,428.0,0.007009345794392523,0.0,0.14018691588785046,1.920368710792472e-05,0.0,0.14018691588785046,0.046735373191652795,Acceso medio,0.30763879998293003,0.9228971962616822,0.26090342679127726
211101,JULIACA,PUNO,SAN ROMAN,74.0,101.0,0.7326732673267327,10212.0,0.900990099009901,0.00200732402007324,0.016460719616496824,0.900990099009901,0.3064860475488237,Mejor atendido,0.3394893478788567,1.0,0.033003300330033014
030607,URANMARCA,APURIMAC,CHINCHEROS,3.0,41.0,0.07317073170731707,0.0,0.8780487804878049,0.00020046775810223855,0.0,0.8780487804878049,0.29274974941530235,Mejor atendido,0.3334001559193674,1.0,0.04065040650406504
100502,ARANCAY,HUANUCO,HUAMALIES,1.0,26.0,0.038461538461538464,0.0,0.0,0.00010537407797681771,0.0,0.0,3.5124692658939236e-05,Subatendido,3.5124692658939236e-05,0.0,0.0
021805,MORO,ANCASH,SANTA,3.0,81.0,0.037037037037037035,0.0,0.0,0.00010147133434804668,0.0,0.0,3.382377811601556e-05,Subatendido,3.382377811601556e-05,0.0,0.0
020305,MIRGAS,ANCASH,ANTONIO RAYMONDI,4.0,102.0,0.0392156862745098,0.0,0.0,0.00010744023636852001,0.0,0.0,3.581341212284e-05,Subatendido,3.581341212284e-05,0.0,0.0
021803,COISHCO,ANCASH,SANTA,2.0,1.0,2.0,46572.5,0.0,0.005479452054794521,0.07507019823142366,0.0,0.026849883428739396,Acceso medio,0.026849883428739396,0.0,0.0
020301,LLAMELLIN,ANCASH,ANTONIO RAYMONDI,1.0,75.0,0.013333333333333334,0.0,0.0,3.6529680365296805e-05,0.0,0.0,1.2176560121765601e-05,Subatendido,1.2176560121765601e-05,0.0,0.0
021809,NUEVO CHIMBOTE,ANCASH,SANTA,27.0,29.0,0.9310344827586207,45111.0,0.0,0.0025507794048181386,0.07271440683703372,0.0,0.02508839541395062,Acceso medio,0.02508839541395062,0.0,0.0
022001,YUNGAY,ANCASH,YUNGAY,9.0,129.0,0.06976744186046512,3707.875,0.0,0.0001911436763300414,0.005976722556601858,0.0,0.0020559554109772994,Acceso medio,0.0020559554109772994,0.0,0.0
100403,COCHABAMBA,HUANUCO,HUACAYBAMBA,2.0,65.0,0.03076923076923077,0.0,0.0,8.429926238145417e-05,0.0,0.0,2.809975412715139e-05,Subatendido,2.809975412715139e-05,0.0,0.0
021203,HUATA,ANCASH,HUAYLAS,2.0,61.0,0.03278688524590164,0.0,0.0,8.982708286548394e-05,0.0,0.0,2.9942360955161315e-05,Subatendido,2.9942360955161315e-05,0.0,0.0
021806,NEPEÑA,ANCASH,SANTA,3.0,45.0,0.06666666666666667,4683.333333333333,0.0,0.00018264840182648402,0.007549063540011111,0.0,0.002577237313945865,Acceso medio,0.002577237313945865,0.0,0.0
021206,PAMPAROMAS,ANCASH,HUAYLAS,8.0,128.0,0.0625,0.0,0.0,0.00017123287671232877,0.0,0.0,5.7077625570776254e-05,Subatendido,5.7077625570776254e-05,0.0,0.0
020701,SAN LUIS,ANCASH,CARLOS FERMIN FITZCARRALD,5.0,165.0,0.030303030303030304,0.0,0.0,8.302200083022001e-05,0.0,0.0,2.7674000276740005e-05,Subatendido,2.7674000276740005e-05,0.0,0.0
020303,CHACCHO,ANCASH,ANTONIO RAYMONDI,1.0,55.0,0.01818181818181818,0.0,0.0,4.9813200498132005e-05,0.0,0.0,1.6604400166044e-05,Subatendido,1.6604400166044e-05,0.0,0.0
021808,SANTA,ANCASH,SANTA,8.0,25.0,0.32,0.0,0.0,0.0008767123287671233,0.0,0.0,0.00029223744292237444,Acceso medio,0.00029223744292237444,0.0,0.0
021201,CARAZ,ANCASH,HUAYLAS,8.0,87.0,0.09195402298850575,4202.9,0.0,0.0002519288301054952,0.0067746531997820705,0.0,0.002342194009962522,Acceso medio,0.002342194009962522,0.0,0.0
020903,BAMBAS,ANCASH,CORONGO,1.0,13.0,0.07692307692307693,0.0,0.0,0.00021074815595363542,0.0,0.0,7.024938531787847e-05,Subatendido,7.024938531787847e-05,0.0,0.0
021603,PAROBAMBA,ANCASH,POMABAMBA,6.0,118.0,0.05084745762711865,30123.5,0.0,0.0001393081030879963,0.04855606025925795,0.0,0.016231789454115315,Acceso medio,0.016231789454115315,0.0,0.0
210809,UMACHIRI,PUNO,MELGAR,3.0,83.0,0.03614457831325301,0.0,0.6867469879518072,9.902624195411784e-05,0.0,0.6867469879518072,0.22894867139792044,Mejor atendido,0.33336634208065136,1.0,0.10441767068273092
080805,PALLPATA,CUSCO,ESPINAR,1.0,300.0,0.0033333333333333335,0.0,0.16333333333333333,9.132420091324201e-06,0.0,0.16333333333333333,0.05444748858447488,Acceso medio,0.30111415525114155,0.9033333333333333,0.24666666666666667
210201,AZANGARO,PUNO,AZANGARO,5.0,311.0,0.01607717041800643,6888.666666666667,0.35691318327974275,4.404704224111351e-05,0.011103839652517412,0.35691318327974275,0.12268702332483376,Acceso medio,0.3370492955649195,1.0,0.21436227224008575
080801,ESPINAR,CUSCO,ESPINAR,15.0,366.0,0.040983606557377046,7367.0,0.27049180327868855,0.00011228385358185492,0.011874865003401108,0.27049180327868855,0.09415965071189052,Acceso medio,0.2917917089996865,0.8633879781420765,0.19763205828779595
110301,NASCA,ICA,NASCA,16.0,100.0,0.16,67088.5,0.59,0.00043835616438356166,0.1081399322357371,0.59,0.23285942946670687,Mejor atendido,0.36619276280004026,0.99,0.1333333333333334
211004,QUILCAPUNCU,PUNO,SAN ANTONIO DE PUTINA,2.0,72.0,0.027777777777777776,0.0,0.1527777777777778,7.6103500761035e-05,0.0,0.1527777777777778,0.05095129375951294,Acceso medio,0.30095129375951296,0.9027777777777778,0.25
210801,AYAVIRI,PUNO,MELGAR,7.0,243.0,0.02880658436213992,5136.0,0.39094650205761317,7.892214893736964e-05,0.008278716798896172,0.39094650205761317,0.1331013803351489,Acceso medio,0.33474747087012835,0.9958847736625515,0.20164609053497945
040806,PUYCA,AREQUIPA,LA UNION,2.0,168.0,0.011904761904761904,0.0,0.09523809523809523,3.2615786040443576e-05,0.0,0.09523809523809523,0.031756903674711894,Acceso medio,0.146836268754077,0.44047619047619047,0.11507936507936509
040804,HUAYNACOTAS,AREQUIPA,LA UNION,3.0,140.0,0.02142857142857143,0.0,0.34285714285714286,5.8708414872798436e-05,0.0,0.34285714285714286,0.11430528375733856,Acceso medio,0.2976386170906719,0.8928571428571429,0.18333333333333335
080808,ALTO PICHIGUA,CUSCO,ESPINAR,1.0,164.0,0.006097560975609756,0.0,0.2865853658536585,1.670564650851988e-05,0.0,0.2865853658536585,0.095534023833389,Acceso medio,0.3333389018821695,1.0,0.23780487804878053
040603,CAYARANI,AREQUIPA,CONDESUYOS,3.0,215.0,0.013953488372093023,0.0,0.19534883720930232,3.822873526600828e-05,0.0,0.19534883720930232,0.06512902198152277,Acceso medio,0.23567165764043752,0.7069767441860465,0.17054263565891475
080806,PICHIGUA,CUSCO,ESPINAR,2.0,145.0,0.013793103448275862,0.0,0.5310344827586206,3.778932451582428e-05,0.0,0.5310344827586206,0.17702409069437883,Mejor atendido,0.3333459297748386,1.0,0.1563218390804598
101104,APARICIO POMARES,HUANUCO,YAROWILCA,3.0,93.0,0.03225806451612903,0.0,0.0,8.837825894829872e-05,0.0,0.0,2.9459419649432907e-05,Subatendido,2.9459419649432907e-05,0.0,0.0
020104,HUANCHAY,ANCASH,HUARAZ,2.0,134.0,0.014925373134328358,0.0,0.0,4.0891433244735225e-05,0.0,0.0,1.3630477748245075e-05,Subatendido,1.3630477748245075e-05,0.0,0.0
021701,RECUAY,ANCASH,RECUAY,2.0,133.0,0.015037593984962405,9914.0,0.0,4.119888763003399e-05,0.015980373509395764,0.0,0.005340524132341933,Acceso medio,0.005340524132341933,0.0,0.0
100323,YANAS,HUANUCO,DOS DE MAYO,1.0,75.0,0.013333333333333334,14.0,0.0,3.6529680365296805e-05,2.2566595635620403e-05,0.0,1.96987586669724e-05,Subatendido,1.96987586669724e-05,0.0,0.0
021710,TICAPAMPA,ANCASH,RECUAY,2.0,63.0,0.031746031746031744,0.0,0.0,8.697542944118286e-05,0.0,0.0,2.8991809813727622e-05,Subatendido,2.8991809813727622e-05,0.0,0.0
101004,QUEROPALCA,HUANUCO,LAURICOCHA,1.0,128.0,0.0078125,0.0,0.0,2.1404109589041096e-05,0.0,0.0,7.134703196347032e-06,Subatendido,7.134703196347032e-06,0.0,0.0
020501,CHIQUIAN,ANCASH,BOLOGNESI,2.0,52.0,0.038461538461538464,533.0,0.0,0.00010537407797681771,0.0008591425338418339,0.0,0.0003215055372728839,Acceso medio,0.0003215055372728839,0.0,0.0
100201,AMBO,HUANUCO,AMBO,7.0,104.0,0.0673076923076923,0.0,0.0,0.00018440463645943097,0.0,0.0,6.146821215314366e-05,Subatendido,6.146821215314366e-05,0.0,0.0
060103,CHETILLA,CAJAMARCA,CAJAMARCA,1.0,39.0,0.02564102564102564,108.0,0.0,7.024938531787847e-05,0.00017408516633192882,0.0,8.144485054993577e-05,Subatendido,8.144485054993577e-05,0.0,0.0
130301,BOLIVAR,LA LIBERTAD,BOLIVAR,2.0,121.0,0.01652892561983471,747.5,0.0,4.528472772557455e-05,0.0012048950169733037,0.0,0.00041672658156629276,Acceso medio,0.00041672658156629276,0.0,0.0
130403,PUEBLO NUEVO,LA LIBERTAD,CHEPEN,3.0,49.0,0.061224489795918366,0.0,0.0,0.00016773832820799552,0.0,0.0,5.591277606933184e-05,Subatendido,5.591277606933184e-05,0.0,0.0
220601,JUANJUI,SAN MARTIN,MARISCAL CACERES,17.0,124.0,0.13709677419354838,18467.375,0.0,0.0003756076005302695,0.02976755600545467,0.0,0.010047721201994979,Acceso medio,0.010047721201994979,0.0,0.0
061007,JOSE SABOGAL,CAJAMARCA,SAN MARCOS,6.0,87.0,0.06896551724137931,280.8333333333333,0.0,0.0001889466225791214,0.00045267516245262355,0.0,0.00021387392834391496,Acceso medio,0.00021387392834391496,0.0,0.0
220405,SACANCHE,SAN MARTIN,HUALLAGA,1.0,66.0,0.015151515151515152,1706.5,0.0,4.1511000415110007e-05,0.0027507068180133015,0.0,0.0009307392728094705,Acceso medio,0.0009307392728094705,0.0,0.0
140104,ETEN PUERTO,LAMBAYEQUE,CHICLAYO,1.0,1.0,1.0,0.0,0.0,0.0027397260273972603,0.0,0.0,0.0009132420091324201,Acceso medio,0.0009132420091324201,0.0,0.0
220403,EL ESLABON,SAN MARTIN,HUALLAGA,2.0,60.0,0.03333333333333333,1324.5,0.0,9.132420091324201e-05,0.002134961137098516,0.0,0.000742095112670586,Acceso medio,0.000742095112670586,0.0,0.0
060305,JORGE CHAVEZ,CAJAMARCA,CELENDIN,1.0,20.0,0.05,0.0,0.0,0.00013698630136986303,0.0,0.0,4.566210045662101e-05,Subatendido,4.566210045662101e-05,0.0,0.0
020503,ANTONIO RAYMONDI,ANCASH,BOLOGNESI,1.0,5.0,0.2,0.0,0.0,0.0005479452054794521,0.0,0.0,0.00018264840182648405,Acceso medio,0.00018264840182648405,0.0,0.0
020505,CAJACAY,ANCASH,BOLOGNESI,3.0,50.0,0.06,2.6666666666666665,0.0,0.00016438356164383562,4.298399168689601e-06,0.0,5.6227320270841744e-05,Subatendido,5.6227320270841744e-05,0.0,0.0
020107,LA LIBERTAD,ANCASH,HUARAZ,1.0,79.0,0.012658227848101266,0.0,0.0,3.468007629616785e-05,0.0,0.0,1.156002543205595e-05,Subatendido,1.156002543205595e-05,0.0,0.0
100316,QUIVILLA,HUANUCO,DOS DE MAYO,1.0,62.0,0.016129032258064516,0.0,0.0,4.418912947414936e-05,0.0,0.0,1.4729709824716453e-05,Subatendido,1.4729709824716453e-05,0.0,0.0
020103,COLCABAMBA,ANCASH,HUARAZ,1.0,23.0,0.043478260869565216,0.0,0.0,0.00011911852293031566,0.0,0.0,3.970617431010522e-05,Subatendido,3.970617431010522e-05,0.0,0.0
020108,OLLEROS,ANCASH,HUARAZ,4.0,56.0,0.07142857142857142,0.0,0.0,0.00019569471624266143,0.0,0.0,6.523157208088714e-05,Subatendido,6.523157208088714e-05,0.0,0.0
020109,PAMPAS GRANDE,ANCASH,HUARAZ,1.0,143.0,0.006993006993006993,0.0,0.0,1.915892326851231e-05,0.0,0.0,6.38630775617077e-06,Subatendido,6.38630775617077e-06,0.0,0.0
021404,CARHUAPAMPA,ANCASH,OCROS,1.0,18.0,0.05555555555555555,0.0,0.0,0.00015220700152207,0.0,0.0,5.073566717402333e-05,Subatendido,5.073566717402333e-05,0.0,0.0
021010,PAUCAS,ANCASH,HUARI,2.0,47.0,0.0425531914893617,0.0,0.0,0.00011658408627222384,0.0,0.0,3.886136209074128e-05,Subatendido,3.886136209074128e-05,0.0,0.0
021510,SANTA ROSA,ANCASH,PALLASCA,1.0,30.0,0.03333333333333333,0.0,0.0,9.132420091324201e-05,0.0,0.0,3.0441400304414005e-05,Subatendido,3.0441400304414005e-05,0.0,0.0
020901,CORONGO,ANCASH,CORONGO,1.0,42.0,0.023809523809523808,0.0,0.0,6.523157208088715e-05,0.0,0.0,2.1743857360295716e-05,Subatendido,2.1743857360295716e-05,0.0,0.0
100701,HUACRACHUCO,HUANUCO,MARAÑON,8.0,135.0,0.05925925925925926,0.0,0.0,0.0001623541349568747,0.0,0.0,5.41180449856249e-05,Subatendido,5.41180449856249e-05,0.0,0.0
020902,ACO,ANCASH,CORONGO,1.0,7.0,0.14285714285714285,0.0,0.0,0.00039138943248532285,0.0,0.0,0.00013046314416177428,Subatendido,0.00013046314416177428,0.0,0.0
090613,SANTIAGO DE CHOCORVOS,HUANCAVELICA,HUAYTARA,8.0,289.0,0.02768166089965398,0.0,0.4844290657439446,7.584016684836706e-05,0.0,0.4844290657439446,0.16150163530359765,Acceso medio,0.2779952915896415,0.8339100346020761,0.11649365628604383
210308,OLLACHEA,PUNO,CARABAYA,5.0,78.0,0.0641025641025641,0.0,0.5384615384615384,0.00017562346329469617,0.0,0.5384615384615384,0.17954572064161103,Mejor atendido,0.3333918744877649,1.0,0.15384615384615388
081202,ANDAHUAYLILLAS,CUSCO,QUISPICANCHI,1.0,40.0,0.025,0.0,0.7,6.849315068493152e-05,0.0,0.7,0.23335616438356163,Mejor atendido,0.33335616438356164,1.0,0.1
110507,SAN CLEMENTE,ICA,PISCO,5.0,34.0,0.14705882352941177,0.0,0.8235294117647058,0.0004029008863819501,0.0,0.8235294117647058,0.2746441042170293,Mejor atendido,0.333467633628794,1.0,0.05882352941176472
030204,HUANCARAMA,APURIMAC,ANDAHUAYLAS,10.0,59.0,0.1694915254237288,0.0,1.0,0.00046436034362665424,0.0,1.0,0.33348812011454226,Mejor atendido,0.33348812011454226,1.0,0.0
110504,INDEPENDENCIA,ICA,PISCO,6.0,58.0,0.10344827586206896,0.0,1.0,0.00028341993386868207,0.0,1.0,0.33342780664462285,Mejor atendido,0.33342780664462285,1.0,0.0
210102,ACORA,PUNO,PUNO,21.0,551.0,0.038112522686025406,342.3333333333333,0.5517241379310345,0.00010441787037267235,0.0005518069932805274,0.5517241379310345,0.18412678759822923,Mejor atendido,0.32931735021165937,0.9872958257713249,0.14519056261343014
210109,MAÑAZO,PUNO,PUNO,5.0,155.0,0.03225806451612903,0.0,0.567741935483871,8.837825894829872e-05,0.0,0.567741935483871,0.18927677124760642,Mejor atendido,0.33336279275298275,1.0,0.14408602150537633
210115,VILQUE,PUNO,PUNO,2.0,84.0,0.023809523809523808,0.0,0.6666666666666666,6.523157208088715e-05,0.0,0.6666666666666666,0.22224396607958252,Mejor atendido,0.3333550771906936,1.0,0.1111111111111111
040405,CHILCAYMARCA,AREQUIPA,CASTILLA,2.0,23.0,0.08695652173913043,0.0,0.782608695652174,0.00023823704586063132,0.0,0.782608695652174,0.26094897756601154,Mejor atendido,0.33341274568195356,1.0,0.07246376811594202
040504,CALLALLI,AREQUIPA,CAYLLOMA,2.0,804.0,0.0024875621890547263,0.0,0.060945273631840796,6.8152388741225375e-06,0.0,0.060945273631840796,0.020317362956904974,Acceso medio,0.1480122219950476,0.44402985074626866,0.12769485903814262
040516,TAPAY,AREQUIPA,CAYLLOMA,2.0,65.0,0.03076923076923077,0.0,0.24615384615384617,8.429926238145417e-05,0.0,0.24615384615384617,0.0820793818054092,Acceso medio,0.12310502283105024,0.36923076923076925,0.04102564102564103
210607,TARACO,PUNO,HUANCANE,5.0,136.0,0.03676470588235294,50.2,0.9485294117647058,0.00010072522159548752,8.091736435058174e-05,0.9485294117647058,0.316237018116884,Mejor atendido,0.333393880861982,1.0,0.017156862745098034
020402,ACOCHACA,ANCASH,ASUNCION,2.0,81.0,0.024691358024691357,0.0,0.0,6.764755623203111e-05,0.0,0.0,2.2549185410677036e-05,Subatendido,2.2549185410677036e-05,0.0,0.0
021901,SIHUAS,ANCASH,SIHUAS,3.0,43.0,0.06976744186046512,7340.666666666667,0.0,0.0001911436763300414,0.011832418311610299,0.0,0.004007853995980114,Acceso medio,0.004007853995980114,0.0,0.0
021507,LLAPO,ANCASH,PALLASCA,1.0,13.0,0.07692307692307693,0.0,0.0,0.00021074815595363542,0.0,0.0,7.024938531787847e-05,Subatendido,7.024938531787847e-05,0.0,0.0
021104,HUAYAN,ANCASH,HUARMEY,1.0,45.0,0.022222222222222223,0.0,0.0,6.088280060882801e-05,0.0,0.0,2.0294266869609337e-05,Subatendido,2.0294266869609337e-05,0.0,0.0
101102,CAHUAC,HUANUCO,YAROWILCA,1.0,58.0,0.017241379310344827,0.0,0.0,4.723665564478035e-05,0.0,0.0,1.574555188159345e-05,Subatendido,1.574555188159345e-05,0.0,0.0
020504,AQUIA,ANCASH,BOLOGNESI,3.0,120.0,0.025,0.0,0.0,6.849315068493152e-05,0.0,0.0,2.2831050228310506e-05,Subatendido,2.2831050228310506e-05,0.0,0.0
100301,LA UNION,HUANUCO,DOS DE MAYO,2.0,77.0,0.025974025974025976,1154.6666666666667,0.0,7.116171499733143e-05,0.0018612068400425973,0.0,0.0006441228516799762,Acceso medio,0.0006441228516799762,0.0,0.0
020205,SUCCHA,ANCASH,AIJA,2.0,51.0,0.0392156862745098,0.0,0.0,0.00010744023636852001,0.0,0.0,3.581341212284e-05,Subatendido,3.581341212284e-05,0.0,0.0
101106,OBAS,HUANUCO,YAROWILCA,5.0,167.0,0.029940119760479042,0.0,0.0,8.202772537117546e-05,0.0,0.0,2.7342575123725154e-05,Subatendido,2.7342575123725154e-05,0.0,0.0
020203,HUACLLAN,ANCASH,AIJA,1.0,23.0,0.043478260869565216,0.0,0.0,0.00011911852293031566,0.0,0.0,3.970617431010522e-05,Subatendido,3.970617431010522e-05,0.0,0.0
020204,LA MERCED,ANCASH,AIJA,2.0,101.0,0.019801980198019802,0.0,0.0,5.425200054252e-05,0.0,0.0,1.808400018084e-05,Subatendido,1.808400018084e-05,0.0,0.0
100307,CHUQUIS,HUANUCO,DOS DE MAYO,4.0,113.0,0.035398230088495575,15.75,0.0,9.698145229724816e-05,2.5387420090072953e-05,0.0,4.078962412910704e-05,Subatendido,4.078962412910704e-05,0.0,0.0
100313,PACHAS,HUANUCO,DOS DE MAYO,6.0,259.0,0.023166023166023165,20.0,0.0,6.346855661924155e-05,3.2237993765172e-05,0.0,3.190218346147119e-05,Subatendido,3.190218346147119e-05,0.0,0.0
020111,PIRA,ANCASH,HUARAZ,2.0,103.0,0.019417475728155338,0.0,0.0,5.319856363878175e-05,0.0,0.0,1.7732854546260582e-05,Subatendido,1.7732854546260582e-05,0.0,0.0
100508,PUNCHAO,HUANUCO,HUAMALIES,1.0,22.0,0.045454545454545456,0.0,0.0,0.00012453300124533,0.0,0.0,4.151100041511e-05,Subatendido,4.151100041511e-05,0.0,0.0
021015,SAN PEDRO DE CHANA,ANCASH,HUARI,3.0,54.0,0.05555555555555555,0.0,0.0,0.00015220700152207,0.0,0.0,5.073566717402333e-05,Subatendido,5.073566717402333e-05,0.0,0.0
020110,PARIACOTO,ANCASH,HUARAZ,3.0,52.0,0.057692307692307696,0.0,0.0,0.00015806111696522657,0.0,0.0,5.2687038988408854e-05,Subatendido,5.2687038988408854e-05,0.0,0.0
020105,INDEPENDENCIA,ANCASH,HUARAZ,35.0,178.0,0.19662921348314608,2002.0,0.0,0.0005387101739264276,0.003227023175893718,0.0,0.0012552444499400485,Acceso medio,0.0012552444499400485,0.0,0.0
100506,MIRAFLORES,HUANUCO,HUAMALIES,1.0,75.0,0.013333333333333334,0.0,0.0,3.6529680365296805e-05,0.0,0.0,1.2176560121765601e-05,Subatendido,1.2176560121765601e-05,0.0,0.0
040409,ORCOPAMPA,AREQUIPA,CASTILLA,3.0,112.0,0.026785714285714284,0.0,0.25892857142857145,7.338551859099804e-05,0.0,0.25892857142857145,0.08633398564905415,Acceso medio,0.30061969993476845,0.9017857142857143,0.2142857142857143
080807,SUYCKUTAMBO,CUSCO,ESPINAR,1.0,189.0,0.005291005291005291,0.0,0.12169312169312169,1.449590490686381e-05,0.0,0.12169312169312169,0.04056920586600952,Acceso medio,0.32275615471962504,0.9682539682539683,0.2821869488536155
040404,CHACHAS,AREQUIPA,CASTILLA,2.0,142.0,0.014084507042253521,0.0,0.1056338028169014,3.858769052672198e-05,0.0,0.1056338028169014,0.03522413016914271,Acceso medio,0.2535339893240723,0.7605633802816901,0.21830985915492956
110305,VISTA ALEGRE,ICA,NASCA,7.0,46.0,0.15217391304347827,26371.0,0.6956521739130435,0.00041691483025610486,0.04250740667906755,0.6956521739130435,0.24619216514078904,Mejor atendido,0.3259023100683253,0.9347826086956522,0.07971014492753628
210215,TIRAPATA,PUNO,AZANGARO,1.0,59.0,0.01694915254237288,0.0,0.22033898305084745,4.643603436266543e-05,0.0,0.22033898305084745,0.0734618063617367,Acceso medio,0.3333488120114542,1.0,0.2598870056497175
210803,CUPI,PUNO,MELGAR,2.0,103.0,0.019417475728155338,0.0,0.5533980582524272,5.319856363878175e-05,0.0,0.5533980582524272,0.184483752272022,Mejor atendido,0.3333510661878796,1.0,0.14886731391585759
040505,CAYLLOMA,AREQUIPA,CAYLLOMA,3.0,399.0,0.007518796992481203,0.0,0.11779448621553884,2.0599443815016995e-05,0.0,0.11779448621553884,0.03927169521978462,Acceso medio,0.27402524576280884,0.8220551378446115,0.23475355054302421
210602,COJATA,PUNO,HUANCANE,3.0,151.0,0.019867549668874173,0.0,0.3708609271523179,5.443164292842239e-05,0.0,0.3708609271523179,0.12363845293174876,Acceso medio,0.3333514772143095,1.0,0.20971302428256078
040805,PAMPAMARCA,AREQUIPA,LA UNION,3.0,80.0,0.0375,0.0,0.1875,0.00010273972602739725,0.0,0.1875,0.06253424657534247,Acceso medio,0.3083675799086758,0.925,0.24583333333333335
110302,CHANGUILLO,ICA,NASCA,4.0,35.0,0.11428571428571428,0.0,0.6285714285714286,0.0003131115459882583,0.0,0.6285714285714286,0.20962818003913894,Mejor atendido,0.30486627527723414,0.9142857142857143,0.0952380952380952
210807,ORURILLO,PUNO,MELGAR,7.0,166.0,0.04216867469879518,0.0,0.7409638554216867,0.00011553061561313748,0.0,0.7409638554216867,0.24702646201243328,Mejor atendido,0.3333718435385377,1.0,0.08634538152610444
210805,MACARI,PUNO,MELGAR,7.0,184.0,0.03804347826086957,0.0,0.7608695652173914,0.00010422870756402622,0.0,0.7608695652173914,0.25365793130831843,Mejor atendido,0.3333680762358547,1.0,0.07971014492753625
210204,ASILLO,PUNO,AZANGARO,4.0,198.0,0.020202020202020204,0.0,0.5707070707070707,5.534800055348001e-05,0.0,0.5707070707070707,0.19025413956920809,Mejor atendido,0.3333517826668511,1.0,0.14309764309764303
100103,CHINCHAO,HUANUCO,HUANUCO,4.0,174.0,0.022988505747126436,0.0,0.0,6.29822075263738e-05,0.0,0.0,2.0994069175457933e-05,Subatendido,2.0994069175457933e-05,0.0,0.0
100802,CHAGLLA,HUANUCO,PACHITEA,4.0,104.0,0.038461538461538464,0.0,0.0,0.00010537407797681771,0.0,0.0,3.5124692658939236e-05,Subatendido,3.5124692658939236e-05,0.0,0.0
250103,IPARIA,UCAYALI,CORONEL PORTILLO,17.0,83.0,0.20481927710843373,5.0,0.3132530120481928,0.0005611487044066678,8.059498441293e-06,0.3132530120481928,0.10460740675034691,Acceso medio,0.2652499770314714,0.7951807228915663,0.1606425702811245
190308,CONSTITUCION,PASCO,OXAPAMPA,13.0,50.0,0.26,105.5,0.0,0.0007123287671232877,0.00017005541711128232,0.0,0.00029412806141152333,Acceso medio,0.00029412806141152333,0.0,0.0
100905,YUYAPICHIS,HUANUCO,PUERTO INCA,6.0,63.0,0.09523809523809523,0.0,0.0,0.0002609262883235486,0.0,0.0,8.697542944118286e-05,Subatendido,8.697542944118286e-05,0.0,0.0
210501,ILAVE,PUNO,EL COLLAO,30.0,565.0,0.05309734513274336,10315.5,0.7061946902654868,0.00014547217844587223,0.01662755123423159,0.7061946902654868,0.24098923789272142,Mejor atendido,0.3170954325829869,0.9345132743362832,0.07610619469026547
220704,PILLUANA,SAN MARTIN,PICOTA,2.0,13.0,0.15384615384615385,0.0,0.0,0.00042149631190727084,0.0,0.0,0.00014049877063575695,Subatendido,0.00014049877063575695,0.0,0.0
010103,BALSAS,AMAZONAS,CHACHAPOYAS,3.0,27.0,0.1111111111111111,0.0,0.0,0.00030441400304414,0.0,0.0,0.00010147133434804666,Subatendido,0.00010147133434804666,0.0,0.0
220710,TRES UNIDOS,SAN MARTIN,PICOTA,1.0,33.0,0.030303030303030304,599.0,0.0,8.302200083022001e-05,0.0009655279132669015,0.0,0.00034951663803237386,Acceso medio,0.00034951663803237386,0.0,0.0
140111,PICSI,LAMBAYEQUE,CHICLAYO,4.0,20.0,0.2,0.0,0.0,0.0005479452054794521,0.0,0.0,0.00018264840182648405,Acceso medio,0.00018264840182648405,0.0,0.0
140120,TUMAN,LAMBAYEQUE,CHICLAYO,5.0,34.0,0.14705882352941177,0.0,0.0,0.0004029008863819501,0.0,0.0,0.00013430029546065002,Subatendido,0.00013430029546065002,0.0,0.0
220702,BUENOS AIRES,SAN MARTIN,PICOTA,4.0,60.0,0.06666666666666667,5.0,0.0,0.00018264840182648402,8.059498441293e-06,0.0,6.356930008925901e-05,Subatendido,6.356930008925901e-05,0.0,0.0
060304,HUASMIN,CAJAMARCA,CELENDIN,9.0,140.0,0.06428571428571428,0.0,0.0,0.0001761252446183953,0.0,0.0,5.870841487279843e-05,Subatendido,5.870841487279843e-05,0.0,0.0
140110,OYOTUN,LAMBAYEQUE,CHICLAYO,5.0,47.0,0.10638297872340426,0.0,0.0,0.0002914602156805596,0.0,0.0,9.715340522685321e-05,Subatendido,9.715340522685321e-05,0.0,0.0
060415,QUEROCOTO,CAJAMARCA,CHOTA,11.0,62.0,0.1774193548387097,0.0,0.0,0.000486080424215643,0.0,0.0,0.00016202680807188098,Acceso medio,0.00016202680807188098,0.0,0.0
060601,CUTERVO,CAJAMARCA,CUTERVO,58.0,195.0,0.29743589743589743,725.8275862068965,0.0,0.0008148928696873902,0.0011699612599363888,0.0,0.0006616180432079264,Acceso medio,0.0006616180432079264,0.0,0.0
220303,SAN MARTIN,SAN MARTIN,EL DORADO,5.0,45.0,0.1111111111111111,493.2,0.0,0.00030441400304414,0.0007949889262491417,0.0,0.0003664676430977605,Acceso medio,0.0003664676430977605,0.0,0.0
010515,PROVIDENCIA,AMAZONAS,LUYA,3.0,20.0,0.15,0.0,0.0,0.000410958904109589,0.0,0.0,0.000136986301369863,Subatendido,0.000136986301369863,0.0,0.0
010504,COLCAMAR,AMAZONAS,LUYA,4.0,22.0,0.18181818181818182,0.0,0.0,0.00049813200498132,0.0,0.0,0.00016604400166044,Acceso medio,0.00016604400166044,0.0,0.0
010603,COCHAMAL,AMAZONAS,RODRIGUEZ DE MENDOZA,1.0,13.0,0.07692307692307693,0.0,0.0,0.00021074815595363542,0.0,0.0,7.024938531787847e-05,Subatendido,7.024938531787847e-05,0.0,0.0
021016,UCO,ANCASH,HUARI,1.0,32.0,0.03125,0.0,0.0,8.561643835616438e-05,0.0,0.0,2.8538812785388127e-05,Subatendido,2.8538812785388127e-05,0.0,0.0
100505,JIRCAN,HUANUCO,HUAMALIES,1.0,80.0,0.0125,0.0,0.0,3.424657534246576e-05,0.0,0.0,1.1415525114155253e-05,Subatendido,1.1415525114155253e-05,0.0,0.0
022003,MANCOS,ANCASH,YUNGAY,5.0,58.0,0.08620689655172414,0.0,0.0,0.00023618327822390176,0.0,0.0,7.872775940796725e-05,Subatendido,7.872775940796725e-05,0.0,0.0
022006,RANRAHIRCA,ANCASH,YUNGAY,2.0,25.0,0.08,0.0,0.0,0.00021917808219178083,0.0,0.0,7.305936073059361e-05,Subatendido,7.305936073059361e-05,0.0,0.0
021006,HUACCHIS,ANCASH,HUARI,2.0,48.0,0.041666666666666664,0.0,0.0,0.00011415525114155251,0.0,0.0,3.80517503805175e-05,Subatendido,3.80517503805175e-05,0.0,0.0
020304,CHINGAS,ANCASH,ANTONIO RAYMONDI,1.0,51.0,0.0196078431372549,0.0,0.0,5.372011818426001e-05,0.0,0.0,1.790670606142e-05,Subatendido,1.790670606142e-05,0.0,0.0
190113,YANACANCHA,PASCO,PASCO,23.0,92.0,0.25,10702.8,0.0,0.0006849315068493151,0.017251839983494145,0.0,0.005978923830114487,Acceso medio,0.005978923830114487,0.0,0.0
190208,VILCABAMBA,PASCO,DANIEL ALCIDES CARRION,4.0,77.0,0.05194805194805195,0.0,0.0,0.00014232342999466287,0.0,0.0,4.744114333155429e-05,Subatendido,4.744114333155429e-05,0.0,0.0
150304,HUANCAPON,LIMA,CAJATAMBO,1.0,78.0,0.01282051282051282,0.0,0.0,3.5124692658939236e-05,0.0,0.0,1.1708230886313078e-05,Subatendido,1.1708230886313078e-05,0.0,0.0
190203,GOYLLARISQUIZGA,PASCO,DANIEL ALCIDES CARRION,1.0,10.0,0.1,0.0,0.0,0.00027397260273972606,0.0,0.0,9.132420091324203e-05,Subatendido,9.132420091324203e-05,0.0,0.0
060812,SANTA ROSA,CAJAMARCA,JAEN,6.0,65.0,0.09230769230769231,772.3333333333334,0.0,0.0002528977871443625,0.0012449238592317257,0.0,0.0004992738821253627,Acceso medio,0.0004992738821253627,0.0,0.0
010514,PISUQUIA,AMAZONAS,LUYA,10.0,81.0,0.12345679012345678,0.0,0.0,0.00033823778116015557,0.0,0.0,0.0001127459270533852,Subatendido,0.0001127459270533852,0.0,0.0
220509,SHANAO,SAN MARTIN,LAMAS,1.0,20.0,0.05,0.0,0.0,0.00013698630136986303,0.0,0.0,4.566210045662101e-05,Subatendido,4.566210045662101e-05,0.0,0.0
140306,MORROPE,LAMBAYEQUE,LAMBAYEQUE,21.0,91.0,0.23076923076923078,0.0,0.0,0.0006322444678609063,0.0,0.0,0.00021074815595363542,Acceso medio,0.00021074815595363542,0.0,0.0
140205,PITIPO,LAMBAYEQUE,FERREÑAFE,10.0,86.0,0.11627906976744186,0.0,0.0,0.00031857279388340236,0.0,0.0,0.00010619093129446746,Subatendido,0.00010619093129446746,0.0,0.0
060418,TOCMOCHE,CAJAMARCA,CHOTA,1.0,42.0,0.023809523809523808,0.0,0.0,6.523157208088715e-05,0.0,0.0,2.1743857360295716e-05,Subatendido,2.1743857360295716e-05,0.0,0.0
220909,LA BANDA DE SHILCAYO,SAN MARTIN,SAN MARTIN,14.0,34.0,0.4117647058823529,9305.8,0.0,0.00112812248186946,0.015000016118996881,0.0,0.005376046200288781,Acceso medio,0.005376046200288781,0.0,0.0
060416,SAN JUAN DE LICUPIS,CAJAMARCA,CHOTA,3.0,38.0,0.07894736842105263,0.0,0.0,0.00021629416005767844,0.0,0.0,7.209805335255949e-05,Subatendido,7.209805335255949e-05,0.0,0.0
090507,PAUCARBAMBA,HUANCAVELICA,CHURCAMPA,4.0,90.0,0.044444444444444446,1700.6,0.9888888888888889,0.00012176560121765602,0.0027411966098525756,0.9888888888888889,0.33058395036665306,Mejor atendido,0.33428765407035677,1.0,0.003703703703703709
090503,CHINCHIHUASI,HUANCAVELICA,CHURCAMPA,4.0,56.0,0.07142857142857142,706.0,0.8571428571428571,0.00019569471624266143,0.0011380011799105717,0.8571428571428571,0.2861588510130035,Mejor atendido,0.33377789863205104,1.0,0.04761904761904756
090705,COLCABAMBA,HUANCAVELICA,TAYACAJA,10.0,203.0,0.04926108374384237,235.88888888888889,0.9310344827586207,0.000134961873270801,0.0003802292264636676,0.9310344827586207,0.31051655795278504,Mejor atendido,0.3335050636999115,1.0,0.022988505747126464
021008,HUANTAR,ANCASH,HUARI,2.0,28.0,0.07142857142857142,0.0,0.0,0.00019569471624266143,0.0,0.0,6.523157208088714e-05,Subatendido,6.523157208088714e-05,0.0,0.0
250204,YURUA,UCAYALI,ATALAYA,3.0,25.0,0.12,0.0,0.32,0.00032876712328767124,0.0,0.32,0.10677625570776256,Acceso medio,0.2801095890410959,0.84,0.17333333333333334
020102,COCHABAMBA,ANCASH,HUARAZ,3.0,97.0,0.030927835051546393,0.0,0.0,8.473379466177093e-05,0.0,0.0,2.8244598220590312e-05,Subatendido,2.8244598220590312e-05,0.0,0.0
020804,YAUTAN,ANCASH,CASMA,2.0,86.0,0.023255813953488372,0.0,0.0,6.371455877668046e-05,0.0,0.0,2.1238186258893487e-05,Subatendido,2.1238186258893487e-05,0.0,0.0
020106,JANGAS,ANCASH,HUARAZ,3.0,45.0,0.06666666666666667,0.0,0.0,0.00018264840182648402,0.0,0.0,6.088280060882801e-05,Subatendido,6.088280060882801e-05,0.0,0.0
060201,CAJABAMBA,CAJAMARCA,CAJABAMBA,7.0,78.0,0.08974358974358974,8895.666666666666,0.0,0.00024587284861257464,0.01433892232685242,0.0,0.004861598391821665,Acceso medio,0.004861598391821665,0.0,0.0
160603,PADRE MARQUEZ,LORETO,UCAYALI,6.0,38.0,0.15789473684210525,0.0,0.0,0.0004325883201153569,0.0,0.0,0.00014419610670511897,Subatendido,0.00014419610670511897,0.0,0.0
151011,COLONIA,LIMA,YAUYOS,1.0,91.0,0.01098901098901099,3635.0,0.0,3.0106879421947918e-05,0.005859255366820012,0.0,0.00196312074874732,Acceso medio,0.00196312074874732,0.0,0.0
090103,ACORIA,HUANCAVELICA,HUANCAVELICA,28.0,252.0,0.1111111111111111,9.285714285714286,0.9920634920634921,0.00030441400304414,1.496763996240129e-05,0.9920634920634921,0.3307942912354995,Mejor atendido,0.33343979388100214,1.0,0.0026455026455026176
090510,PACHAMARCA,HUANCAVELICA,CHURCAMPA,6.0,51.0,0.11764705882352941,365.3333333333333,0.45098039215686275,0.00032232070910556004,0.0005888806861104753,0.45098039215686275,0.15063053118402628,Acceso medio,0.33363706713173863,1.0,0.18300653594771235
151027,SAN PEDRO DE PILAS,LIMA,YAUYOS,1.0,15.0,0.06666666666666667,0.0,0.0,0.00018264840182648402,0.0,0.0,6.088280060882801e-05,Subatendido,6.088280060882801e-05,0.0,0.0
090106,HUACHOCOLPA,HUANCAVELICA,HUANCAVELICA,2.0,88.0,0.022727272727272728,0.0,0.4090909090909091,6.2266500622665e-05,0.0,0.4090909090909091,0.13638439186384393,Acceso medio,0.3333540888335409,1.0,0.19696969696969696
080404,LARES,CUSCO,CALCA,5.0,93.0,0.053763440860215055,0.0,0.3548387096774194,0.00014729709824716454,0.0,0.3548387096774194,0.11832866892522219,Acceso medio,0.3333824323660824,1.0,0.2150537634408602
090411,SANTA ANA,HUANCAVELICA,CASTROVIRREYNA,5.0,222.0,0.02252252252252252,13.75,0.24324324324324326,6.170554115759595e-05,2.2163620713555754e-05,0.24324324324324326,0.08110903746837146,Acceso medio,0.27330122966056364,0.8198198198198198,0.1921921921921922
150705,CHICLA,LIMA,HUAROCHIRI,4.0,47.0,0.0851063829787234,0.0,0.0,0.00023316817254444768,0.0,0.0,7.772272418148256e-05,Subatendido,7.772272418148256e-05,0.0,0.0
080706,LLUSCO,CUSCO,CHUMBIVILCAS,4.0,151.0,0.026490066225165563,0.0,0.6158940397350994,7.257552390456318e-05,0.0,0.6158940397350994,0.20532220508633467,Mejor atendido,0.33335752517463485,1.0,0.12803532008830018
210213,SAN JUAN DE SALINAS,PUNO,AZANGARO,1.0,75.0,0.013333333333333334,0.0,0.7466666666666667,3.6529680365296805e-05,0.0,0.7466666666666667,0.24890106544901067,Mejor atendido,0.33334550989345507,1.0,0.0844444444444444
211003,PEDRO VILCA APAZA,PUNO,SAN ANTONIO DE PUTINA,1.0,72.0,0.013888888888888888,0.0,0.4444444444444444,3.80517503805175e-05,0.0,0.4444444444444444,0.14816083206494166,Acceso medio,0.3333460172501268,1.0,0.18518518518518515
080804,OCORURO,CUSCO,ESPINAR,1.0,217.0,0.004608294930875576,0.0,0.2119815668202765,1.2625465564042674e-05,0.0,0.2119815668202765,0.07066473076194685,Acceso medio,0.3333375418218547,1.0,0.26267281105990786
210604,INCHUPALLA,PUNO,HUANCANE,2.0,163.0,0.012269938650306749,0.0,0.4662576687116564,3.361627027481301e-05,0.0,0.4662576687116564,0.1554304283273104,Acceso medio,0.33334453875675824,1.0,0.17791411042944782
210708,PUCARA,PUNO,LAMPA,5.0,97.0,0.05154639175257732,0.0,0.6185567010309279,0.00014122299110295156,0.0,0.6185567010309279,0.20623264134067695,Mejor atendido,0.333380407663701,1.0,0.12714776632302402
080704,COLQUEMARCA,CUSCO,CHUMBIVILCAS,5.0,147.0,0.034013605442176874,0.0,0.7074829931972789,9.318796011555308e-05,0.0,0.7074829931972789,0.23585872705246483,Mejor atendido,0.3333643959867052,1.0,0.09750566893424037
030710,SANTA ROSA,APURIMAC,GRAU,2.0,10.0,0.2,5.0,1.0,0.0005479452054794521,8.059498441293e-06,1.0,0.33351866823464027,Mejor atendido,0.33351866823464027,1.0,0.0
080508,TUPAC AMARU,CUSCO,CANAS,3.0,54.0,0.05555555555555555,0.0,0.9444444444444444,0.00015220700152207,0.0,0.9444444444444444,0.31486555048198883,Mejor atendido,0.3333840690005074,1.0,0.018518518518518545
210806,NUÑOA,PUNO,MELGAR,6.0,510.0,0.011764705882352941,0.0,0.2803921568627451,3.2232070910556004e-05,0.0,0.2803921568627451,0.09347479631121856,Acceso medio,0.303278717879846,0.9098039215686274,0.20980392156862743
030402,CAPAYA,APURIMAC,AYMARAES,3.0,24.0,0.125,3845.3333333333335,0.6666666666666666,0.00034246575342465754,0.006198291601250404,0.6666666666666666,0.22440247467378058,Mejor atendido,0.33551358578489165,1.0,0.11111111111111108
030712,VILCABAMBA,APURIMAC,GRAU,1.0,17.0,0.058823529411764705,217.0,1.0,0.00016116035455278002,0.00034978223235211626,1.0,0.33350364752896833,Mejor atendido,0.33350364752896833,1.0,0.0
030706,MICAELA BASTIDAS,APURIMAC,GRAU,1.0,20.0,0.05,0.0,0.9,0.00013698630136986303,0.0,0.9,0.30004566210045663,Mejor atendido,0.33337899543378996,1.0,0.033333333333333326
210302,AJOYANI,PUNO,CARABAYA,1.0,179.0,0.00558659217877095,0.0,0.27932960893854747,1.5305731996632738e-05,0.0,0.27932960893854747,0.09311497155684804,Acceso medio,0.31099206652891503,0.9329608938547486,0.21787709497206698
080606,SAN PABLO,CUSCO,CANCHIS,2.0,144.0,0.013888888888888888,0.0,0.3958333333333333,3.80517503805175e-05,0.0,0.3958333333333333,0.13195712836123794,Acceso medio,0.2639015728056824,0.7916666666666666,0.13194444444444445
030506,CHALLHUAHUACHO,APURIMAC,COTABAMBAS,17.0,126.0,0.1349206349206349,0.0,0.8968253968253969,0.0003696455751250272,0.0,0.8968253968253969,0.2990650141335073,Mejor atendido,0.33345654852504164,1.0,0.03439153439153436
080204,MOSOC LLACTA,CUSCO,ACOMAYO,1.0,21.0,0.047619047619047616,0.0,1.0,0.0001304631441617743,0.0,1.0,0.33337682104805394,Mejor atendido,0.33337682104805394,1.0,0.0
030211,POMACOCHA,APURIMAC,ANDAHUAYLAS,1.0,46.0,0.021739130434782608,0.0,0.4782608695652174,5.955926146515783e-05,0.0,0.4782608695652174,0.15944014294222753,Acceso medio,0.3333531864204884,1.0,0.17391304347826086
090207,POMACOCHA,HUANCAVELICA,ACOBAMBA,5.0,30.0,0.16666666666666666,39.4,1.0,0.00045662100456621003,6.350884771738886e-05,1.0,0.3335067099507612,Mejor atendido,0.3335067099507612,1.0,0.0
150510,NUEVO IMPERIAL,LIMA,CAÑETE,8.0,42.0,0.19047619047619047,192.0,0.0,0.0005218525766470972,0.00030948474014565126,0.0,0.0002771124389309161,Acceso medio,0.0002771124389309161,0.0,0.0
150511,PACARAN,LIMA,CAÑETE,1.0,10.0,0.1,0.0,0.0,0.00027397260273972606,0.0,0.0,9.132420091324203e-05,Subatendido,9.132420091324203e-05,0.0,0.0
090204,CAJA,HUANCAVELICA,ACOBAMBA,4.0,61.0,0.06557377049180328,802.0,0.9836065573770492,0.0001796541657309679,0.0012927435499833974,0.9836065573770492,0.32835965169758785,Mejor atendido,0.33382413257190474,1.0,0.0054644808743168904
090405,CHUPAMARCA,HUANCAVELICA,CASTROVIRREYNA,2.0,65.0,0.03076923076923077,0.5,0.4461538461538462,8.429926238145417e-05,8.059498441293002e-07,0.4461538461538462,0.14874631712202394,Acceso medio,0.30772067609638293,0.9230769230769231,0.158974358974359
150119,LURIN,LIMA,LIMA,60.0,25.0,2.4,313.3333333333333,0.0,0.006575342465753424,0.000505061902321028,0.0,0.0023601347893581507,Acceso medio,0.0023601347893581507,0.0,0.0
090711,PAZOS,HUANCAVELICA,TAYACAJA,6.0,55.0,0.10909090909090909,50.166666666666664,0.9272727272727272,0.000298879202988792,8.086363436097311e-05,0.9272727272727272,0.30921749003669236,Mejor atendido,0.3334599142791166,1.0,0.024242424242424232
120116,HUACRAPUQUIO,JUNIN,HUANCAYO,1.0,12.0,0.08333333333333333,0.0,1.0,0.00022831050228310502,0.0,1.0,0.33340943683409435,Mejor atendido,0.33340943683409435,1.0,0.0
110204,CHINCHA BAJA,ICA,CHINCHA,3.0,63.0,0.047619047619047616,0.0,1.0,0.0001304631441617743,0.0,1.0,0.33337682104805394,Mejor atendido,0.33337682104805394,1.0,0.0
090404,CAPILLAS,HUANCAVELICA,CASTROVIRREYNA,4.0,135.0,0.02962962962962963,1.5,0.37037037037037035,8.117706747843735e-05,2.4178495323879005e-06,0.37037037037037035,0.12348465509579372,Acceso medio,0.32101551929332456,0.9629629629629629,0.19753086419753085
110201,CHINCHA ALTA,ICA,CHINCHA,44.0,14.0,3.142857142857143,72821.6,1.0,0.008610567514677104,0.11738111433849249,1.0,0.37533056061772324,Mejor atendido,0.37533056061772324,1.0,0.0
210304,COASA,PUNO,CARABAYA,6.0,146.0,0.0410958904109589,0.0,0.5342465753424658,0.0001125914805779696,0.0,0.5342465753424658,0.1781197222743479,Mejor atendido,0.3014073935072246,0.9041095890410958,0.1232876712328767
090406,COCAS,HUANCAVELICA,CASTROVIRREYNA,1.0,45.0,0.022222222222222223,20.0,0.9333333333333333,6.088280060882801e-05,3.2237993765172e-05,0.9333333333333333,0.31114215137590245,Mejor atendido,0.33336437359812465,1.0,0.0222222222222222
081301,URUBAMBA,CUSCO,URUBAMBA,8.0,57.0,0.14035087719298245,4840.0,0.8596491228070176,0.00038452295121365053,0.007801594491171625,0.8596491228070176,0.2892784134164676,Mejor atendido,0.33606203914746174,1.0,0.04678362573099415
080401,CALCA,CUSCO,CALCA,5.0,154.0,0.032467532467532464,0.0,0.6818181818181818,8.895214374666428e-05,0.0,0.6818181818181818,0.22730237798730948,Mejor atendido,0.33336298404791553,1.0,0.10606060606060605
110206,GROCIO PRADO,ICA,CHINCHA,3.0,52.0,0.057692307692307696,0.0,0.5,0.00015806111696522657,0.0,0.5,0.16671935370565508,Acceso medio,0.275693712680014,0.8269230769230769,0.10897435897435895
090410,SAN JUAN,HUANCAVELICA,CASTROVIRREYNA,2.0,43.0,0.046511627906976744,0.0,0.46511627906976744,0.00012742911755336093,0.0,0.46511627906976744,0.15508123606244026,Acceso medio,0.3023680577678666,0.9069767441860465,0.14728682170542637
090409,MOLLEPAMPA,HUANCAVELICA,CASTROVIRREYNA,2.0,132.0,0.015151515151515152,30.5,0.8939393939393939,4.1511000415110007e-05,4.916294049188731e-05,0.8939393939393939,0.29801002262676696,Mejor atendido,0.3333635579803023,1.0,0.03535353535353536
010501,LAMUD,AMAZONAS,LUYA,3.0,27.0,0.1111111111111111,0.0,0.0,0.00030441400304414,0.0,0.0,0.00010147133434804666,Subatendido,0.00010147133434804666,0.0,0.0
060607,QUEROCOTILLO,CAJAMARCA,CUTERVO,23.0,111.0,0.2072072072072072,24.652173913043477,0.0,0.0005676909786498827,3.973683144533158e-05,0.0,0.00020247593669840477,Acceso medio,0.00020247593669840477,0.0,0.0
060411,LLAMA,CAJAMARCA,CHOTA,9.0,114.0,0.07894736842105263,0.0,0.0,0.00021629416005767844,0.0,0.0,7.209805335255949e-05,Subatendido,7.209805335255949e-05,0.0,0.0
220507,RUMISAPA,SAN MARTIN,LAMAS,5.0,27.0,0.18518518518518517,0.0,0.0,0.0005073566717402334,0.0,0.0,0.00016911889058007779,Acceso medio,0.00016911889058007779,0.0,0.0
060303,CORTEGANA,CAJAMARCA,CELENDIN,6.0,68.0,0.08823529411764706,0.0,0.0,0.00024174053182917003,0.0,0.0,8.058017727639001e-05,Subatendido,8.058017727639001e-05,0.0,0.0
060403,CHADIN,CAJAMARCA,CHOTA,5.0,24.0,0.20833333333333334,0.0,0.0,0.0005707762557077626,0.0,0.0,0.00019025875190258754,Acceso medio,0.00019025875190258754,0.0,0.0
060404,CHIGUIRIP,CAJAMARCA,CHOTA,6.0,20.0,0.3,0.0,0.0,0.000821917808219178,0.0,0.0,0.000273972602739726,Acceso medio,0.000273972602739726,0.0,0.0
220603,HUICUNGO,SAN MARTIN,MARISCAL CACERES,6.0,60.0,0.1,241.28571428571428,0.0,0.00027397260273972606,0.00038892836763839653,0.0,0.00022096699012604087,Acceso medio,0.00022096699012604087,0.0,0.0
220304,SANTA ROSA,SAN MARTIN,EL DORADO,6.0,49.0,0.12244897959183673,20.0,0.0,0.00033547665641599103,3.2237993765172e-05,0.0,0.00012257155006038768,Subatendido,0.00012257155006038768,0.0,0.0
140301,LAMBAYEQUE,LAMBAYEQUE,LAMBAYEQUE,19.0,75.0,0.25333333333333335,8474.57142857143,0.0,0.0006940639269406393,0.013660159043839527,0.0,0.004784740990260055,Acceso medio,0.004784740990260055,0.0,0.0
220914,SHAPAJA,SAN MARTIN,SAN MARTIN,1.0,21.0,0.047619047619047616,109.0,0.0,0.0001304631441617743,0.00017569706602018744,0.0,0.00010205340339398726,Subatendido,0.00010205340339398726,0.0,0.0
020611,YUNGAR,ANCASH,CARHUAZ,4.0,83.0,0.04819277108433735,0.0,0.0,0.00013203498927215712,0.0,0.0,4.401166309071904e-05,Subatendido,4.401166309071904e-05,0.0,0.0
100110,YARUMAYO,HUANUCO,HUANUCO,3.0,44.0,0.06818181818181818,0.0,0.0,0.000186799501867995,0.0,0.0,6.2266500622665e-05,Subatendido,6.2266500622665e-05,0.0,0.0
100102,AMARILIS,HUANUCO,HUANUCO,11.0,86.0,0.12790697674418605,64385.5,0.0,0.0003504300732717426,0.10378296737837411,0.0,0.034711132483881954,Acceso medio,0.034711132483881954,0.0,0.0
190304,PALCAZU,PASCO,OXAPAMPA,27.0,127.0,0.2125984251968504,11.074074074074074,0.0,0.0005824614388954806,1.785029654775265e-05,0.0,0.00020010391181441106,Acceso medio,0.00020010391181441106,0.0,0.0
101108,CHORAS,HUANUCO,YAROWILCA,2.0,61.0,0.03278688524590164,0.0,0.0,8.982708286548394e-05,0.0,0.0,2.9942360955161315e-05,Subatendido,2.9942360955161315e-05,0.0,0.0
101105,JACAS CHICO,HUANUCO,YAROWILCA,1.0,47.0,0.02127659574468085,0.0,0.0,5.829204313611192e-05,0.0,0.0,1.943068104537064e-05,Subatendido,1.943068104537064e-05,0.0,0.0
100101,HUANUCO,HUANUCO,HUANUCO,49.0,74.0,0.6621621621621622,4255.866666666667,0.0,0.001814142910033321,0.006860030153270169,0.0,0.002891391021101163,Acceso medio,0.002891391021101163,0.0,0.0
150727,SANTA CRUZ DE COCACHACRA,LIMA,HUAROCHIRI,2.0,9.0,0.2222222222222222,0.0,0.0,0.00060882800608828,0.0,0.0,0.00020294266869609333,Acceso medio,0.00020294266869609333,0.0,0.0
120130,SAN JERONIMO DE TUNAN,JUNIN,HUANCAYO,1.0,6.0,0.16666666666666666,0.0,1.0,0.00045662100456621003,0.0,1.0,0.3334855403348554,Mejor atendido,0.3334855403348554,1.0,0.0
090306,CONGALLA,HUANCAVELICA,ANGARAES,5.0,90.0,0.05555555555555555,47.6,0.9222222222222223,0.00015220700152207,7.672642516110937e-05,0.9222222222222223,0.30748371854963513,Mejor atendido,0.33340964447556104,1.0,0.025925925925925908
090307,HUANCA-HUANCA,HUANCAVELICA,ANGARAES,2.0,42.0,0.047619047619047616,467.0,0.9523809523809523,0.0001304631441617743,0.0007527571544167663,0.9523809523809523,0.3177547242265103,Mejor atendido,0.33362774009952617,1.0,0.015873015873015872
150508,LUNAHUANA,LIMA,CAÑETE,1.0,23.0,0.043478260869565216,0.0,0.0,0.00011911852293031566,0.0,0.0,3.970617431010522e-05,Subatendido,3.970617431010522e-05,0.0,0.0
090308,HUAYLLAY GRANDE,HUANCAVELICA,ANGARAES,1.0,28.0,0.03571428571428571,477.0,1.0,9.784735812133071e-05,0.0007688761512993523,1.0,0.3336222411698069,Mejor atendido,0.3336222411698069,1.0,0.0
151015,HUANGASCAR,LIMA,YAUYOS,1.0,58.0,0.017241379310344827,0.0,0.0,4.723665564478035e-05,0.0,0.0,1.574555188159345e-05,Subatendido,1.574555188159345e-05,0.0,0.0
090401,CASTROVIRREYNA,HUANCAVELICA,CASTROVIRREYNA,5.0,273.0,0.018315018315018316,223.0,0.5201465201465202,5.0178132369913194e-05,0.0003594536304816679,0.5201465201465202,0.17351871730312393,Mejor atendido,0.3224808662652729,0.967032967032967,0.14896214896214896
150504,CERRO AZUL,LIMA,CAÑETE,2.0,46.0,0.043478260869565216,0.0,0.0,0.00011911852293031566,0.0,0.0,3.970617431010522e-05,Subatendido,3.970617431010522e-05,0.0,0.0
150516,ZUÑIGA,LIMA,CAÑETE,3.0,16.0,0.1875,0.0,0.0,0.0005136986301369863,0.0,0.0,0.00017123287671232874,Acceso medio,0.00017123287671232874,0.0,0.0
090203,ANTA,HUANCAVELICA,ACOBAMBA,11.0,69.0,0.15942028985507245,0.0,1.0,0.0004367679174111574,0.0,1.0,0.33347892263913703,Mejor atendido,0.33347892263913703,1.0,0.0
090201,ACOBAMBA,HUANCAVELICA,ACOBAMBA,12.0,76.0,0.15789473684210525,1157.25,0.9078947368421053,0.0004325883201153569,0.0018653709142372652,0.9078947368421053,0.3033975653588193,Mejor atendido,0.3340993197447842,1.0,0.030701754385964897
080901,SANTA ANA,CUSCO,LA CONVENCION,39.0,107.0,0.3644859813084112,22805.2,0.897196261682243,0.0009985917296120854,0.03675969477067503,0.897196261682243,0.31165151606084335,Mejor atendido,0.3459194288334291,1.0,0.03426791277258573
150512,QUILMANA,LIMA,CAÑETE,2.0,41.0,0.04878048780487805,5299.0,0.0,0.00013364517206815904,0.008541456448082322,0.0,0.00289170054005016,Acceso medio,0.00289170054005016,0.0,0.0
151019,LINCHA,LIMA,YAUYOS,1.0,84.0,0.011904761904761904,0.0,0.0,3.2615786040443576e-05,0.0,0.0,1.0871928680147858e-05,Subatendido,1.0871928680147858e-05,0.0,0.0
090118,ASCENSION,HUANCAVELICA,HUANCAVELICA,5.0,89.0,0.056179775280898875,61368.0,0.21348314606741572,0.00015391719255040788,0.09891906006905378,0.21348314606741572,0.10418537444300664,Acceso medio,0.2727247002857032,0.7191011235955056,0.1685393258426966
120402,ACOLLA,JUNIN,JAUJA,7.0,24.0,0.2916666666666667,0.0,1.0,0.0007990867579908676,0.0,1.0,0.33359969558599695,Mejor atendido,0.33359969558599695,1.0,0.0
150102,ANCON,LIMA,LIMA,11.0,3.0,3.6666666666666665,16396.0,0.0,0.01004566210045662,0.02642870728868801,0.0,0.012158123129714878,Acceso medio,0.012158123129714878,0.0,0.0
210703,CALAPUJA,PUNO,LAMPA,1.0,34.0,0.029411764705882353,0.0,0.8823529411764706,8.058017727639001e-05,0.0,0.8823529411764706,0.2941445071179157,Mejor atendido,0.33336019339242545,1.0,0.039215686274509776
081001,PARURO,CUSCO,PARURO,1.0,103.0,0.009708737864077669,0.0,0.4368932038834951,2.6599281819390873e-05,0.0,0.4368932038834951,0.14563993438843817,Acceso medio,0.3333421997606065,1.0,0.1877022653721683
090602,AYAVI,HUANCAVELICA,HUAYTARA,2.0,49.0,0.04081632653061224,0.0,0.8571428571428571,0.00011182555213866368,0.0,0.8571428571428571,0.2857515608983319,Mejor atendido,0.33337060851737954,1.0,0.047619047619047616
210307,ITUATA,PUNO,CARABAYA,3.0,208.0,0.014423076923076924,0.0,0.5096153846153846,3.951527924130664e-05,0.0,0.5096153846153846,0.16988496663154196,Mejor atendido,0.3125131717597471,0.9375,0.14262820512820512
110503,HUMAY,ICA,PISCO,4.0,60.0,0.06666666666666667,0.0,0.65,0.00018264840182648402,0.0,0.65,0.2167275494672755,Mejor atendido,0.3167275494672755,0.95,0.1
081005,HUANOQUITE,CUSCO,PARURO,1.0,148.0,0.006756756756756757,0.0,0.4189189189189189,1.8511662347278786e-05,0.0,0.4189189189189189,0.1396458101937554,Acceso medio,0.3333395038874491,1.0,0.19369369369369369
030201,ANDAHUAYLAS,APURIMAC,ANDAHUAYLAS,21.0,73.0,0.2876712328767123,30118.428571428572,1.0,0.0007881403640457871,0.04854788562512464,1.0,0.34977867532972345,Mejor atendido,0.34977867532972345,1.0,0.0
030213,SAN JERONIMO,APURIMAC,ANDAHUAYLAS,10.0,66.0,0.15151515151515152,0.0,0.8484848484848485,0.00041511000415110004,0.0,0.8484848484848485,0.28296665282966654,Mejor atendido,0.33347170333471704,1.0,0.0505050505050505
081201,URCOS,CUSCO,QUISPICANCHI,2.0,77.0,0.025974025974025976,0.0,0.6103896103896104,7.116171499733143e-05,0.0,0.6103896103896104,0.20348692403486923,Mejor atendido,0.3333570539049991,1.0,0.12987012987012986
030215,SANTA MARIA DE CHICMO,APURIMAC,ANDAHUAYLAS,8.0,69.0,0.11594202898550725,0.0,0.9420289855072463,0.0003176493944808418,0.0,0.9420289855072463,0.3141155449672424,Mejor atendido,0.33343921646482694,1.0,0.019323671497584516
081009,YAURISQUE,CUSCO,PARURO,1.0,63.0,0.015873015873015872,0.0,0.873015873015873,4.348771472059143e-05,0.0,0.873015873015873,0.29101978691019786,Mejor atendido,0.3333478292382402,1.0,0.042328042328042326
150729,SANTIAGO DE ANCHUCAYA,LIMA,HUAROCHIRI,1.0,26.0,0.038461538461538464,0.0,0.0,0.00010537407797681771,0.0,0.0,3.5124692658939236e-05,Subatendido,3.5124692658939236e-05,0.0,0.0
120208,MANZANARES,JUNIN,CONCEPCION,1.0,6.0,0.16666666666666666,0.0,1.0,0.00045662100456621003,0.0,1.0,0.3334855403348554,Mejor atendido,0.3334855403348554,1.0,0.0
150702,ANTIOQUIA,LIMA,HUAROCHIRI,2.0,46.0,0.043478260869565216,0.0,0.0,0.00011911852293031566,0.0,0.0,3.970617431010522e-05,Subatendido,3.970617431010522e-05,0.0,0.0
120129,SAN AGUSTIN,JUNIN,HUANCAYO,2.0,13.0,0.15384615384615385,0.0,1.0,0.00042149631190727084,0.0,1.0,0.33347383210396914,Mejor atendido,0.33347383210396914,1.0,0.0
120117,HUALHUAS,JUNIN,HUANCAYO,1.0,8.0,0.125,0.0,1.0,0.00034246575342465754,0.0,1.0,0.33344748858447487,Mejor atendido,0.33344748858447487,1.0,0.0
120213,ORCOTUNA,JUNIN,CONCEPCION,2.0,6.0,0.3333333333333333,0.0,1.0,0.0009132420091324201,0.0,1.0,0.33363774733637747,Mejor atendido,0.33363774733637747,1.0,0.0
120212,NUEVE DE JULIO,JUNIN,CONCEPCION,1.0,7.0,0.14285714285714285,0.0,1.0,0.00039138943248532285,0.0,1.0,0.33346379647749513,Mejor atendido,0.33346379647749513,1.0,0.0
211204,PATAMBUCO,PUNO,SANDIA,4.0,54.0,0.07407407407407407,0.0,0.7037037037037037,0.00020294266869609335,0.0,0.7037037037037037,0.23463554879079995,Mejor atendido,0.3334009808895653,1.0,0.09876543209876537
030707,PATAYPAMPA,APURIMAC,GRAU,2.0,32.0,0.0625,0.0,0.5,0.00017123287671232877,0.0,0.5,0.16672374429223744,Acceso medio,0.3333904109589041,1.0,0.16666666666666666
030410,POCOHUANCA,APURIMAC,AYMARAES,4.0,22.0,0.18181818181818182,3250.8,1.0,0.00049813200498132,0.005239963506591058,1.0,0.3352460318371908,Mejor atendido,0.3352460318371908,1.0,0.0
211201,SANDIA,PUNO,SANDIA,5.0,64.0,0.078125,8007.0,0.6875,0.00021404109589041095,0.012906480803886613,0.6875,0.23354017396659232,Mejor atendido,0.337706840633259,1.0,0.10416666666666669
030417,YANACA,APURIMAC,AYMARAES,2.0,47.0,0.0425531914893617,7151.0,0.9574468085106383,0.00011658408627222384,0.011526694670737251,0.9574468085106383,0.3230300290892159,Mejor atendido,0.3372144262523365,1.0,0.014184397163120588
211207,SAN JUAN DEL ORO,PUNO,SANDIA,3.0,71.0,0.04225352112676056,0.0,0.8028169014084507,0.00011576307158016593,0.0,0.8028169014084507,0.2676442214933436,Mejor atendido,0.3333719210238601,1.0,0.06572769953051649
110113,TATE,ICA,ICA,4.0,8.0,0.5,0.0,1.0,0.0013698630136986301,0.0,1.0,0.33378995433789954,Mejor atendido,0.33378995433789954,1.0,0.0
110111,SANTIAGO,ICA,ICA,6.0,86.0,0.06976744186046512,1733.5,0.7558139534883721,0.0001911436763300414,0.0027942281095962836,0.7558139534883721,0.25293310842476613,Mejor atendido,0.3033207053239909,0.9069767441860465,0.050387596899224785
030412,SAÑAYCA,APURIMAC,AYMARAES,3.0,59.0,0.05084745762711865,3764.0,0.559322033898305,0.0001393081030879963,0.006067190426605372,0.559322033898305,0.1885095108093328,Mejor atendido,0.3354021661765645,1.0,0.1468926553672317
030306,PACHACONAS,APURIMAC,ANTABAMBA,3.0,57.0,0.05263157894736842,0.0,0.5964912280701754,0.00014419610670511894,0.0,0.5964912280701754,0.19887847472562684,Mejor atendido,0.333381398702235,1.0,0.13450292397660815
030413,SORAYA,APURIMAC,AYMARAES,2.0,28.0,0.07142857142857142,5352.0,1.0,0.00019569471624266143,0.008626887131560028,1.0,0.33627419394926755,Mejor atendido,0.33627419394926755,1.0,0.0
110105,PACHACUTEC,ICA,ICA,2.0,27.0,0.07407407407407407,0.0,1.0,0.00020294266869609335,0.0,1.0,0.3334009808895653,Mejor atendido,0.3334009808895653,1.0,0.0
080607,SAN PEDRO,CUSCO,CANCHIS,1.0,34.0,0.029411764705882353,0.0,0.8529411764705882,8.058017727639001e-05,0.0,0.8529411764705882,0.2843405855492882,Mejor atendido,0.33336019339242545,1.0,0.04901960784313725
080705,LIVITACA,CUSCO,CHUMBIVILCAS,5.0,233.0,0.02145922746781116,0.0,0.6051502145922747,5.879240402140044e-05,0.0,0.6051502145922747,0.20173633566543203,Mejor atendido,0.3333529308013405,1.0,0.13161659513590845
030504,HAQUIRA,APURIMAC,COTABAMBAS,14.0,207.0,0.06763285024154589,0.0,0.9130434782608695,0.00018529548011382436,0.0,0.9130434782608695,0.30440959124699446,Mejor atendido,0.3333950984933713,1.0,0.02898550724637683
030210,PAMPACHIRI,APURIMAC,ANDAHUAYLAS,3.0,174.0,0.017241379310344827,0.0,0.47701149425287354,4.723665564478035e-05,0.0,0.47701149425287354,0.1590195769695061,Acceso medio,0.3333490788852149,1.0,0.1743295019157088
030302,EL ORO,APURIMAC,ANTABAMBA,1.0,19.0,0.05263157894736842,0.0,0.9473684210526315,0.00014419610670511894,0.0,0.9473684210526315,0.31583753905311224,Mejor atendido,0.333381398702235,1.0,0.01754385964912275
080608,TINTA,CUSCO,CANCHIS,1.0,42.0,0.023809523809523808,0.0,0.9761904761904762,6.523157208088715e-05,0.0,0.9761904761904762,0.3254185692541857,Mejor atendido,0.3333550771906936,1.0,0.007936507936507908
110107,PUEBLO NUEVO,ICA,ICA,5.0,28.0,0.17857142857142858,0.0,1.0,0.0004892367906066536,0.0,1.0,0.33349641226353555,Mejor atendido,0.33349641226353555,1.0,0.0
120706,PALCA,JUNIN,TARMA,8.0,75.0,0.10666666666666667,0.0,0.9066666666666666,0.00029223744292237444,0.0,0.9066666666666666,0.30231963470319634,Mejor atendido,0.3334307458143075,1.0,0.031111111111111145
150602,ATAVILLOS ALTO,LIMA,HUARAL,5.0,66.0,0.07575757575757576,0.0,0.0,0.00020755500207555002,0.0,0.0,6.918500069185e-05,Subatendido,6.918500069185e-05,0.0,0.0
170302,IBERIA,MADRE DE DIOS,TAHUAMANU,7.0,19.0,0.3684210526315789,13436.0,0.42105263157894735,0.0010093727469358328,0.021657484211442552,0.42105263157894735,0.1479064961791086,Acceso medio,0.3408889523194594,1.0,0.19298245614035084
080914,MEGANTONI,CUSCO,LA CONVENCION,16.0,37.0,0.43243243243243246,0.0,0.5675675675675675,0.0011847463902258423,0.0,0.5675675675675675,0.18958410465259778,Mejor atendido,0.3067012217697149,0.918918918918919,0.11711711711711714
120707,PALCAMAYO,JUNIN,TARMA,7.0,72.0,0.09722222222222222,0.0,0.9722222222222222,0.0002663622526636225,0.0,0.9722222222222222,0.3241628614916286,Mejor atendido,0.33342212075088784,1.0,0.009259259259259245
120306,VITOC,JUNIN,CHANCHAMAYO,3.0,36.0,0.08333333333333333,0.0,1.0,0.00022831050228310502,0.0,1.0,0.33340943683409435,Mejor atendido,0.33340943683409435,1.0,0.0
120699,MAZAMARI - PANGOA,JUNIN,SATIPO,0.0,186.0,0.0,0.0,0.6935483870967742,0.0,0.0,0.6935483870967742,0.23118279569892475,Mejor atendido,0.31899641577060933,0.956989247311828,0.08781362007168458
150607,LAMPIAN,LIMA,HUARAL,2.0,39.0,0.05128205128205128,0.0,0.0,0.00014049877063575695,0.0,0.0,4.683292354525231e-05,Subatendido,4.683292354525231e-05,0.0,0.0
150801,HUACHO,LIMA,HUAURA,79.0,26.0,3.0384615384615383,118264.2,0.0,0.008324552160168598,0.19063002711215274,0.0,0.06631819309077377,Acceso medio,0.06631819309077377,0.0,0.0
150606,IHUARI,LIMA,HUARAL,6.0,112.0,0.05357142857142857,0.0,0.0,0.00014677103718199608,0.0,0.0,4.892367906066536e-05,Subatendido,4.892367906066536e-05,0.0,0.0
150803,CALETA DE CARQUIN,LIMA,HUAURA,2.0,2.0,1.0,0.0,0.0,0.0027397260273972603,0.0,0.0,0.0009132420091324201,Acceso medio,0.0009132420091324201,0.0,0.0
150805,HUALMAY,LIMA,HUAURA,6.0,5.0,1.2,0.0,0.0,0.003287671232876712,0.0,0.0,0.001095890410958904,Acceso medio,0.001095890410958904,0.0,0.0
120807,SANTA BARBARA DE CARHUACAYAN,JUNIN,YAULI,2.0,235.0,0.00851063829787234,0.0,0.25957446808510637,2.3316817254444767e-05,0.0,0.25957446808510637,0.0865325949674536,Acceso medio,0.31490138929369477,0.9446808510638298,0.2283687943262412
150810,SANTA MARIA,LIMA,HUAURA,9.0,37.0,0.24324324324324326,0.0,0.0,0.0006664198445020364,0.0,0.0,0.00022213994816734544,Acceso medio,0.00022213994816734544,0.0,0.0
150610,SANTA CRUZ DE ANDAMARCA,LIMA,HUARAL,3.0,47.0,0.06382978723404255,0.0,0.0,0.00017487612940833574,0.0,0.0,5.8292043136111914e-05,Subatendido,0.007150490624696395,0.02127659574468085,0.0070921985815602835
120305,SAN RAMON,JUNIN,CHANCHAMAYO,13.0,86.0,0.1511627906976744,7759.0,0.7209302325581395,0.00041414463204842306,0.012506729681198479,0.7209302325581395,0.24461703562379547,Mejor atendido,0.337640291437749,1.0,0.09302325581395351
150612,VEINTISIETE DE NOVIEMBRE,LIMA,HUARAL,2.0,42.0,0.047619047619047616,0.0,0.0,0.0001304631441617743,0.0,0.0,4.348771472059143e-05,Subatendido,4.348771472059143e-05,0.0,0.0
170101,TAMBOPATA,MADRE DE DIOS,TAMBOPATA,81.0,70.0,1.1571428571428573,56202.6,0.35714285714285715,0.0031702544031311157,0.0905929534193228,0.35714285714285715,0.15030202165510367,Acceso medio,0.283635354988437,0.7571428571428571,0.13333333333333333
050404,IGUAIN,AYACUCHO,HUANTA,3.0,34.0,0.08823529411764706,0.0,0.9705882352941176,0.00024174053182917003,0.0,0.9705882352941176,0.32360999194198226,Mejor atendido,0.3334139135106097,1.0,0.009803921568627472
050403,HUAMANGUILLA,AYACUCHO,HUANTA,3.0,44.0,0.06818181818181818,0.0,0.9545454545454546,0.000186799501867995,0.0,0.9545454545454546,0.31824408468244086,Mejor atendido,0.333395599833956,1.0,0.015151515151515138
050508,TAMBO,AYACUCHO,LA MAR,6.0,83.0,0.07228915662650602,0.0,0.8433734939759037,0.0001980524839082357,0.0,0.8433734939759037,0.28119051548660395,Mejor atendido,0.3333993508279694,1.0,0.052208835341365445
080907,KIMBIRI,CUSCO,LA CONVENCION,13.0,80.0,0.1625,3113.4444444444443,0.8125,0.00044520547945205483,0.005018560129410471,0.8125,0.2726545885362875,Mejor atendido,0.3351545885362875,1.0,0.0625
080910,PICHARI,CUSCO,LA CONVENCION,12.0,92.0,0.13043478260869565,648.6428571428571,0.7391304347826086,0.00035735556879094697,0.0010455472192197391,0.7391304347826086,0.24684444585687312,Mejor atendido,0.3338009675960036,1.0,0.08695652173913046
030604,HUACCANA,APURIMAC,CHINCHEROS,8.0,103.0,0.07766990291262135,0.0,0.9029126213592233,0.000212794254555127,0.0,0.9029126213592233,0.30104180520459284,Mejor atendido,0.33340426475151835,1.0,0.032362459546925515
050511,ORONCCOY,AYACUCHO,LA MAR,0.0,36.0,0.0,0.0,0.19444444444444445,0.0,0.0,0.19444444444444445,0.06481481481481481,Acceso medio,0.3333333333333333,1.0,0.2685185185185185
050407,SIVIA,AYACUCHO,HUANTA,8.0,136.0,0.058823529411764705,6092.0,0.6617647058823529,0.00016116035455278002,0.009819692900871393,0.6617647058823529,0.22391518637925903,Mejor atendido,0.33666028441847473,1.0,0.1127450980392157
050406,SANTILLANA,AYACUCHO,HUANTA,4.0,104.0,0.038461538461538464,0.0,0.9423076923076923,0.00010537407797681771,0.0,0.9423076923076923,0.314137688795223,Mejor atendido,0.3333684580259923,1.0,0.019230769230769273
050408,LLOCHEGUA,AYACUCHO,HUANTA,9.0,54.0,0.16666666666666666,0.0,0.8888888888888888,0.00045662100456621003,0.0,0.8888888888888888,0.29644850329781836,Mejor atendido,0.3334855403348554,1.0,0.037037037037037035
050502,ANCO,AYACUCHO,LA MAR,8.0,110.0,0.07272727272727272,0.0,0.7727272727272727,0.00019925280199252802,0.0,0.7727272727272727,0.25764217517642174,Mejor atendido,0.3333997509339975,1.0,0.07575757575757575
050509,SAMUGARI,AYACUCHO,LA MAR,4.0,10.0,0.4,1809.75,0.4,0.0010958904109589042,0.002917135460826002,0.4,0.1346710086239283,Acceso medio,0.33467100862392835,1.0,0.20000000000000004
050504,CHILCAS,AYACUCHO,LA MAR,2.0,47.0,0.0425531914893617,0.0,0.7659574468085106,0.00011658408627222384,0.0,0.7659574468085106,0.25535801029826094,Mejor atendido,0.33337219469542406,1.0,0.07801418439716312
050501,SAN MIGUEL,AYACUCHO,LA MAR,6.0,132.0,0.045454545454545456,297882.0,0.7575757575757576,0.00012453300124533,0.4801559029378484,0.7575757575757576,0.4126187311716171,Mejor atendido,0.4934268119796979,1.0,0.08080808080808077
050510,ANCHIHUAY,AYACUCHO,LA MAR,2.0,22.0,0.09090909090909091,0.0,0.2727272727272727,0.00024906600249066,0.0,0.2727272727272727,0.09099211290992111,Acceso medio,0.3334163553341636,1.0,0.2424242424242425
050409,CANAYRE,AYACUCHO,HUANTA,3.0,10.0,0.3,0.0,0.4,0.000821917808219178,0.0,0.4,0.13360730593607306,Acceso medio,0.30027397260273975,0.9,0.16666666666666669
100106,QUISQUI (KICHKI),HUANUCO,HUANUCO,3.0,83.0,0.03614457831325301,0.0,0.0,9.902624195411784e-05,0.0,0.0,3.300874731803928e-05,Subatendido,3.300874731803928e-05,0.0,0.0
190303,HUANCABAMBA,PASCO,OXAPAMPA,8.0,106.0,0.07547169811320754,322.0,0.0,0.00020677177565262342,0.0005190316996192693,0.0,0.00024193449175729758,Acceso medio,0.00024193449175729758,0.0,0.0
190305,POZUZO,PASCO,OXAPAMPA,14.0,106.0,0.1320754716981132,61.23076923076923,0.0,0.000361850607392091,9.869785783491123e-05,0.0,0.0001535161550756674,Acceso medio,0.0001535161550756674,0.0,0.0
190306,PUERTO BERMUDEZ,PASCO,OXAPAMPA,23.0,229.0,0.10043668122270742,119.19047619047619,0.0,0.0002751689896512532,0.0001921230914148227,0.0,0.0001557640270220253,Acceso medio,0.0001557640270220253,0.0,0.0
100801,PANAO,HUANUCO,PACHITEA,5.0,174.0,0.028735632183908046,0.0,0.0,7.872775940796725e-05,0.0,0.0,2.6242586469322416e-05,Subatendido,2.6242586469322416e-05,0.0,0.0
100804,UMARI,HUANUCO,PACHITEA,4.0,76.0,0.05263157894736842,0.0,0.0,0.00014419610670511894,0.0,0.0,4.8065368901706317e-05,Subatendido,4.8065368901706317e-05,0.0,0.0
061311,YAUYUCAN,CAJAMARCA,SANTA CRUZ,4.0,18.0,0.2222222222222222,0.0,0.0,0.00060882800608828,0.0,0.0,0.00020294266869609333,Acceso medio,0.00020294266869609333,0.0,0.0
061302,ANDABAMBA,CAJAMARCA,SANTA CRUZ,1.0,13.0,0.07692307692307693,0.0,0.0,0.00021074815595363542,0.0,0.0,7.024938531787847e-05,Subatendido,7.024938531787847e-05,0.0,0.0
220913,SAUCE,SAN MARTIN,SAN MARTIN,3.0,50.0,0.06,2398.5,0.0,0.00016438356164383562,0.0038661414022882526,0.0,0.0013435083213106961,Acceso medio,0.0013435083213106961,0.0,0.0
061306,NINABAMBA,CAJAMARCA,SANTA CRUZ,3.0,18.0,0.16666666666666666,0.0,0.0,0.00045662100456621003,0.0,0.0,0.00015220700152207,Acceso medio,0.00015220700152207,0.0,0.0
220902,ALBERTO LEVEAU,SAN MARTIN,SAN MARTIN,2.0,27.0,0.07407407407407407,97.0,0.0,0.00020294266869609335,0.00015635426976108423,0.0,0.00011976564615239253,Subatendido,0.00011976564615239253,0.0,0.0
010110,LEIMEBAMBA,AMAZONAS,CHACHAPOYAS,3.0,75.0,0.04,0.0,0.0,0.00010958904109589041,0.0,0.0,3.6529680365296805e-05,Subatendido,3.6529680365296805e-05,0.0,0.0
061307,PULAN,CAJAMARCA,SANTA CRUZ,5.0,40.0,0.125,0.0,0.0,0.00034246575342465754,0.0,0.0,0.00011415525114155251,Subatendido,0.00011415525114155251,0.0,0.0
061308,SAUCEPAMPA,CAJAMARCA,SANTA CRUZ,2.0,10.0,0.2,0.0,0.0,0.0005479452054794521,0.0,0.0,0.00018264840182648405,Acceso medio,0.00018264840182648405,0.0,0.0
060703,HUALGAYOC,CAJAMARCA,HUALGAYOC,15.0,72.0,0.20833333333333334,0.0,0.0,0.0005707762557077626,0.0,0.0,0.00019025875190258754,Acceso medio,0.00019025875190258754,0.0,0.0
131102,LUCMA,LA LIBERTAD,GRAN CHIMU,5.0,116.0,0.04310344827586207,0.0,0.0,0.00011809163911195088,0.0,0.0,3.9363879703983625e-05,Subatendido,3.9363879703983625e-05,0.0,0.0
131104,SAYAPULLO,LA LIBERTAD,GRAN CHIMU,4.0,70.0,0.05714285714285714,0.0,0.0,0.00015655577299412916,0.0,0.0,5.218525766470972e-05,Subatendido,5.218525766470972e-05,0.0,0.0
130908,SARTIMBAMBA,LA LIBERTAD,SANCHEZ CARRION,4.0,136.0,0.029411764705882353,0.0,0.0,8.058017727639001e-05,0.0,0.0,2.6860059092130003e-05,Subatendido,2.6860059092130003e-05,0.0,0.0
060203,CONDEBAMBA,CAJAMARCA,CAJABAMBA,5.0,79.0,0.06329113924050633,0.0,0.0,0.00017340038148083928,0.0,0.0,5.780012716027976e-05,Subatendido,5.780012716027976e-05,0.0,0.0
130303,CONDORMARCA,LA LIBERTAD,BOLIVAR,1.0,73.0,0.0136986301369863,0.0,0.0,3.7530493525989866e-05,0.0,0.0,1.2510164508663289e-05,Subatendido,1.2510164508663289e-05,0.0,0.0
220602,CAMPANILLA,SAN MARTIN,MARISCAL CACERES,7.0,84.0,0.08333333333333333,33.714285714285715,0.0,0.00022831050228310502,5.434404663271853e-05,0.0,9.421818297194117e-05,Subatendido,9.421818297194117e-05,0.0,0.0
010520,SANTA CATALINA,AMAZONAS,LUYA,4.0,16.0,0.25,0.0,0.0,0.0006849315068493151,0.0,0.0,0.00022831050228310502,Acceso medio,0.00022831050228310502,0.0,0.0
010518,SAN JERONIMO,AMAZONAS,LUYA,1.0,27.0,0.037037037037037035,0.0,0.0,0.00010147133434804668,0.0,0.0,3.382377811601556e-05,Subatendido,3.382377811601556e-05,0.0,0.0
010705,JAMALCA,AMAZONAS,UTCUBAMBA,11.0,64.0,0.171875,0.0,0.0,0.0004708904109589041,0.0,0.0,0.0001569634703196347,Acceso medio,0.0001569634703196347,0.0,0.0
060802,BELLAVISTA,CAJAMARCA,JAEN,9.0,101.0,0.0891089108910891,1173.5,0.0,0.00024413400244134,0.0018915642841714675,0.0,0.0007118994288709358,Acceso medio,0.0007118994288709358,0.0,0.0
060811,SAN JOSE DEL ALTO,CAJAMARCA,JAEN,8.0,59.0,0.13559322033898305,239.0,0.0,0.00037148827490132344,0.00038524402549380544,0.0,0.0002522441001317096,Acceso medio,0.0002522441001317096,0.0,0.0
060904,LA COIPA,CAJAMARCA,SAN IGNACIO,17.0,86.0,0.19767441860465115,10.588235294117647,0.0,0.000541573749601784,1.7067173169796944e-05,0.0,0.0001862136409238603,Acceso medio,0.0001862136409238603,0.0,0.0
210707,PARATIA,PUNO,LAMPA,2.0,125.0,0.016,0.0,0.384,4.383561643835617e-05,0.0,0.384,0.1280146118721461,Acceso medio,0.3013479452054795,0.904,0.17333333333333337
150720,SAN JUAN DE TANTARANCHE,LIMA,HUAROCHIRI,2.0,59.0,0.03389830508474576,0.0,0.0,9.287206872533086e-05,0.0,0.0,3.095735624177695e-05,Subatendido,3.095735624177695e-05,0.0,0.0
120201,CONCEPCION,JUNIN,CONCEPCION,3.0,18.0,0.16666666666666666,7824.4,1.0,0.00045662100456621003,0.012612147920810592,1.0,0.33768958964179224,Mejor atendido,0.33768958964179224,1.0,0.0
150709,HUAROCHIRI,LIMA,HUAROCHIRI,2.0,72.0,0.027777777777777776,0.0,0.0,7.6103500761035e-05,0.0,0.0,2.5367833587011666e-05,Subatendido,2.5367833587011666e-05,0.0,0.0
090511,COSME,HUANCAVELICA,CHURCAMPA,3.0,17.0,0.17647058823529413,1374.0,0.8823529411764706,0.00048348106365834006,0.002214750171667317,0.8823529411764706,0.29501705747059875,Mejor atendido,0.33423274374510853,1.0,0.039215686274509776
090104,CONAYCA,HUANCAVELICA,HUANCAVELICA,1.0,20.0,0.05,3.0,1.0,0.00013698630136986303,4.835699064775801e-06,1.0,0.3333806073334782,Mejor atendido,0.3333806073334782,1.0,0.0
150515,SANTA CRUZ DE FLORES,LIMA,CAÑETE,1.0,25.0,0.04,0.0,0.0,0.00010958904109589041,0.0,0.0,3.6529680365296805e-05,Subatendido,3.6529680365296805e-05,0.0,0.0
090108,IZCUCHACA,HUANCAVELICA,HUANCAVELICA,1.0,13.0,0.07692307692307693,87.0,1.0,0.00021074815595363542,0.00014023527287849823,1.0,0.33345032780961076,Mejor atendido,0.33345032780961076,1.0,0.0
090113,NUEVO OCCORO,HUANCAVELICA,HUANCAVELICA,2.0,160.0,0.0125,12.5,0.50625,3.424657534246576e-05,2.0148746103232505e-05,0.50625,0.16876813177381522,Mejor atendido,0.3333514651071486,1.0,0.16458333333333336
090604,HUAYACUNDO ARMA,HUANCAVELICA,HUAYTARA,1.0,33.0,0.030303030303030304,0.0,0.9696969696969697,8.302200083022001e-05,0.0,0.9696969696969697,0.32325999723259996,Mejor atendido,0.3333610073336101,1.0,0.010101010101010166
080106,SANTIAGO,CUSCO,CUSCO,42.0,42.0,1.0,15326.0,1.0,0.0027397260273972603,0.02470397462225131,1.0,0.34248123354988286,Mejor atendido,0.34248123354988286,1.0,0.0
030207,KISHUARA,APURIMAC,ANDAHUAYLAS,7.0,67.0,0.1044776119402985,0.0,0.9850746268656716,0.0002862400327131466,0.0,0.9850746268656716,0.32845362229946157,Mejor atendido,0.333428746677571,1.0,0.00497512437810943
090615,SANTO DOMINGO DE CAPILLAS,HUANCAVELICA,HUAYTARA,3.0,69.0,0.043478260869565216,2.0,0.6231884057971014,0.00011911852293031566,3.2237993765172007e-06,0.6231884057971014,0.20777024937313607,Mejor atendido,0.2802340174890781,0.8405797101449275,0.07246376811594205
080108,WANCHAQ,CUSCO,CUSCO,147.0,3.0,49.0,120159.57142857143,1.0,0.13424657534246576,0.1936851757270013,1.0,0.4426439170231557,Mejor atendido,0.4426439170231557,1.0,0.0
090601,HUAYTARA,HUANCAVELICA,HUAYTARA,3.0,103.0,0.02912621359223301,406.0,0.39805825242718446,7.979784545817264e-05,0.0006544312734329918,0.39805825242718446,0.1329308271820252,Acceso medio,0.3335780763729637,1.0,0.20064724919093851
081210,OCONGATE,CUSCO,QUISPICANCHI,2.0,412.0,0.0048543689320388345,0.0,0.24514563106796117,1.3299640909695437e-05,0.0,0.24514563106796117,0.08171964356962362,Acceso medio,0.3155384137961608,0.9466019417475728,0.2338187702265372
120909,YANACANCHA,JUNIN,CHUPACA,2.0,131.0,0.015267175572519083,0.0,0.3511450381679389,4.18278782808742e-05,0.0,0.3511450381679389,0.11706228868207326,Acceso medio,0.3155355711248214,0.9465648854961832,0.19847328244274814
120908,TRES DE DICIEMBRE,JUNIN,CHUPACA,1.0,3.0,0.3333333333333333,0.0,1.0,0.0009132420091324201,0.0,1.0,0.33363774733637747,Mejor atendido,0.33363774733637747,1.0,0.0
120119,HUANCAN,JUNIN,HUANCAYO,2.0,11.0,0.18181818181818182,18.0,1.0,0.00049813200498132,2.9014194388654804e-05,1.0,0.3335090487331233,Mejor atendido,0.3335090487331233,1.0,0.0
150131,SAN ISIDRO,LIMA,LIMA,291.0,1.0,291.0,32329.9375,0.0,0.7972602739726027,0.05211261617767003,0.0,0.2831242967167576,Mejor atendido,0.2831242967167576,0.0,0.0
150120,MAGDALENA DEL MAR,LIMA,LIMA,131.0,1.0,131.0,3250.5,0.0,0.3589041095890411,0.005239479936684581,0.0,0.12138119650857522,Acceso medio,0.12138119650857522,0.0,0.0
120906,SAN JUAN DE ISCOS,JUNIN,CHUPACA,3.0,9.0,0.3333333333333333,0.0,1.0,0.0009132420091324201,0.0,1.0,0.33363774733637747,Mejor atendido,0.33363774733637747,1.0,0.0
150130,SAN BORJA,LIMA,LIMA,219.0,3.0,73.0,28492.75,0.0,0.2,0.045927454842630236,0.0,0.08197581828087674,Acceso medio,0.08197581828087674,0.0,0.0
150116,LINCE,LIMA,LIMA,246.0,1.0,246.0,4817.285714285715,0.0,0.673972602739726,0.007764981341109752,0.0,0.22724586136027858,Mejor atendido,0.22724586136027858,0.0,0.0
150140,SANTIAGO DE SURCO,LIMA,LIMA,351.0,4.0,87.75,19157.346153846152,0.0,0.2404109589041096,0.030879720293246708,0.0,0.09043022639911878,Acceso medio,0.09043022639911878,0.0,0.0
090714,SALCABAMBA,HUANCAVELICA,TAYACAJA,5.0,70.0,0.07142857142857142,28.333333333333332,0.9,0.00019569471624266143,4.5670491167327006e-05,0.9,0.30008045506913666,Mejor atendido,0.33341378840247,1.0,0.033333333333333326
151033,VITIS,LIMA,YAUYOS,1.0,21.0,0.047619047619047616,0.0,0.0,0.0001304631441617743,0.0,0.0,4.348771472059143e-05,Subatendido,4.348771472059143e-05,0.0,0.0
150121,PUEBLO LIBRE,LIMA,LIMA,135.0,1.0,135.0,69704.1,0.0,0.3698630136986301,0.11235601706034631,0.0,0.16073967691965882,Acceso medio,0.16073967691965882,0.0,0.0
070105,LA PUNTA,CALLAO,CALLAO,6.0,1.0,6.0,0.0,0.0,0.01643835616438356,0.0,0.0,0.00547945205479452,Acceso medio,0.00547945205479452,0.0,0.0
220104,JEPELACIO,SAN MARTIN,MOYOBAMBA,10.0,59.0,0.1694915254237288,1305.8181818181818,0.0,0.00046436034362665424,0.0021048479201951392,0.0,0.0008564027546072644,Acceso medio,0.0008564027546072644,0.0,0.0
010604,HUAMBO,AMAZONAS,RODRIGUEZ DE MENDOZA,3.0,43.0,0.06976744186046512,0.0,0.0,0.0001911436763300414,0.0,0.0,6.371455877668046e-05,Subatendido,6.371455877668046e-05,0.0,0.0
140309,PACORA,LAMBAYEQUE,LAMBAYEQUE,2.0,35.0,0.05714285714285714,0.0,0.0,0.00015655577299412916,0.0,0.0,5.218525766470972e-05,Subatendido,5.218525766470972e-05,0.0,0.0
010109,LA JALCA,AMAZONAS,CHACHAPOYAS,9.0,172.0,0.05232558139534884,0.0,0.0,0.00014335775724753108,0.0,0.0,4.778591908251036e-05,Subatendido,4.778591908251036e-05,0.0,0.0
010605,LIMABAMBA,AMAZONAS,RODRIGUEZ DE MENDOZA,2.0,48.0,0.041666666666666664,0.0,0.0,0.00011415525114155251,0.0,0.0,3.80517503805175e-05,Subatendido,3.80517503805175e-05,0.0,0.0
160113,SAN JUAN BAUTISTA,LORETO,MAYNAS,27.0,94.0,0.2872340425531915,2570.75,0.0,0.000786942582337511,0.004143791123590796,0.0,0.0016435779019761025,Acceso medio,0.0016435779019761025,0.0,0.0
160101,IQUITOS,LORETO,MAYNAS,94.0,21.0,4.476190476190476,34536.666666666664,0.0,0.012263535551206784,0.05566964223349119,0.0,0.022644392594899324,Acceso medio,0.022644392594899324,0.0,0.0
240104,PAMPAS DE HOSPITAL,TUMBES,TUMBES,4.0,25.0,0.16,4.75,0.0,0.00043835616438356166,7.656523519228352e-06,0.0,0.00014867089596759666,Subatendido,0.00014867089596759666,0.0,0.0
240201,ZORRITOS,TUMBES,CONTRALMIRANTE VILLAR,5.0,55.0,0.09090909090909091,3911.2,0.0,0.00024906600249066,0.0063044620607170376,0.0,0.0021845093544025657,Acceso medio,0.0021845093544025657,0.0,0.0
240105,SAN JACINTO,TUMBES,TUMBES,6.0,29.0,0.20689655172413793,0.0,0.0,0.0005668398677373641,0.0,0.0,0.00018894662257912137,Acceso medio,0.00018894662257912137,0.0,0.0
010206,LA PECA,AMAZONAS,BAGUA,6.0,4.0,1.5,0.0,0.0,0.00410958904109589,0.0,0.0,0.00136986301369863,Acceso medio,0.00136986301369863,0.0,0.0
240303,MATAPALO,TUMBES,ZARUMILLA,1.0,19.0,0.05263157894736842,0.0,0.0,0.00014419610670511894,0.0,0.0,4.8065368901706317e-05,Subatendido,4.8065368901706317e-05,0.0,0.0
240103,LA CRUZ,TUMBES,TUMBES,4.0,6.0,0.6666666666666666,1144.5,0.0,0.0018264840182648401,0.001844819193211968,0.0,0.001223767737158936,Acceso medio,0.001223767737158936,0.0,0.0
010118,SAN FRANCISCO DE DAGUAS,AMAZONAS,CHACHAPOYAS,1.0,17.0,0.058823529411764705,0.0,0.0,0.00016116035455278002,0.0,0.0,5.372011818426001e-05,Subatendido,5.372011818426001e-05,0.0,0.0
060612,SANTO DOMINGO DE LA CAPILLA,CAJAMARCA,CUTERVO,12.0,37.0,0.32432432432432434,0.0,0.0,0.0008885597926693818,0.0,0.0,0.00029618659755646057,Acceso medio,0.00029618659755646057,0.0,0.0
010607,MARISCAL BENAVIDES,AMAZONAS,RODRIGUEZ DE MENDOZA,2.0,15.0,0.13333333333333333,0.0,0.0,0.00036529680365296805,0.0,0.0,0.00012176560121765602,Subatendido,0.00012176560121765602,0.0,0.0
010101,CHACHAPOYAS,AMAZONAS,CHACHAPOYAS,36.0,48.0,0.75,29263.5,0.0,0.002054794520547945,0.047169826527355546,0.0,0.01640820701596783,Acceso medio,0.01640820701596783,0.0,0.0
060605,LA RAMADA,CAJAMARCA,CUTERVO,8.0,19.0,0.42105263157894735,7.25,0.0,0.0011535688536409515,1.1686272739874852e-05,0.0,0.00038841837546027547,Acceso medio,0.00038841837546027547,0.0,0.0
010508,LONYA CHICO,AMAZONAS,LUYA,3.0,13.0,0.23076923076923078,0.0,0.0,0.0006322444678609063,0.0,0.0,0.00021074815595363542,Acceso medio,0.00021074815595363542,0.0,0.0
220510,TABALOSOS,SAN MARTIN,LAMAS,4.0,75.0,0.05333333333333334,2338.5,0.0,0.00014611872146118722,0.003769427420992737,0.0,0.0013051820474846414,Acceso medio,0.0013051820474846414,0.0,0.0
120215,SANTA ROSA DE OCOPA,JUNIN,CONCEPCION,2.0,11.0,0.18181818181818182,0.0,1.0,0.00049813200498132,0.0,1.0,0.33349937733499374,Mejor atendido,0.33349937733499374,1.0,0.0
150139,SANTA ROSA,LIMA,LIMA,2.0,1.0,2.0,0.0,0.0,0.005479452054794521,0.0,0.0,0.0018264840182648401,Acceso medio,0.0018264840182648401,0.0,0.0
120404,ATAURA,JUNIN,JAUJA,1.0,2.0,0.5,0.0,1.0,0.0013698630136986301,0.0,1.0,0.33378995433789954,Mejor atendido,0.33378995433789954,1.0,0.0
150703,CALLAHUANCA,LIMA,HUAROCHIRI,1.0,11.0,0.09090909090909091,0.0,0.0,0.00024906600249066,0.0,0.0,8.302200083022e-05,Subatendido,8.302200083022e-05,0.0,0.0
120434,YAUYOS,JUNIN,JAUJA,2.0,8.0,0.25,0.0,1.0,0.0006849315068493151,0.0,1.0,0.33356164383561643,Mejor atendido,0.33356164383561643,1.0,0.0
120414,LLOCLLAPAMPA,JUNIN,JAUJA,2.0,20.0,0.1,0.0,0.9,0.00027397260273972606,0.0,0.9,0.3000913242009133,Mejor atendido,0.33342465753424655,1.0,0.03333333333333327
020306,SAN JUAN DE RONTOY,ANCASH,ANTONIO RAYMONDI,2.0,36.0,0.05555555555555555,0.0,0.0,0.00015220700152207,0.0,0.0,5.073566717402333e-05,Subatendido,5.073566717402333e-05,0.0,0.0
021003,CAJAY,ANCASH,HUARI,2.0,80.0,0.025,0.0,0.0,6.849315068493152e-05,0.0,0.0,2.2831050228310506e-05,Subatendido,2.2831050228310506e-05,0.0,0.0
020302,ACZO,ANCASH,ANTONIO RAYMONDI,3.0,42.0,0.07142857142857142,0.0,0.0,0.00019569471624266143,0.0,0.0,6.523157208088714e-05,Subatendido,6.523157208088714e-05,0.0,0.0
100507,MONZON,HUANUCO,HUAMALIES,10.0,116.0,0.08620689655172414,0.0,0.0,0.00023618327822390176,0.0,0.0,7.872775940796725e-05,Subatendido,7.872775940796725e-05,0.0,0.0
010112,MAGDALENA,AMAZONAS,CHACHAPOYAS,1.0,46.0,0.021739130434782608,0.0,0.0,5.955926146515783e-05,0.0,0.0,1.985308715505261e-05,Subatendido,1.985308715505261e-05,0.0,0.0
010507,LONGUITA,AMAZONAS,LUYA,2.0,18.0,0.1111111111111111,0.0,0.0,0.00030441400304414,0.0,0.0,0.00010147133434804666,Subatendido,0.00010147133434804666,0.0,0.0
220912,SAN ANTONIO,SAN MARTIN,SAN MARTIN,3.0,23.0,0.13043478260869565,136.66666666666666,0.0,0.00035735556879094697,0.000220292957395342,0.0,0.000192549508728763,Acceso medio,0.000192549508728763,0.0,0.0
060405,CHIMBAN,CAJAMARCA,CHOTA,4.0,36.0,0.1111111111111111,0.0,0.0,0.00030441400304414,0.0,0.0,0.00010147133434804666,Subatendido,0.00010147133434804666,0.0,0.0
060412,MIRACOSTA,CAJAMARCA,CHOTA,6.0,75.0,0.08,0.0,0.0,0.00021917808219178083,0.0,0.0,7.305936073059361e-05,Subatendido,7.305936073059361e-05,0.0,0.0
060610,SAN LUIS DE LUCMA,CAJAMARCA,CUTERVO,5.0,27.0,0.18518518518518517,0.0,0.0,0.0005073566717402334,0.0,0.0,0.00016911889058007779,Acceso medio,0.00016911889058007779,0.0,0.0
060614,SOCOTA,CAJAMARCA,CUTERVO,17.0,54.0,0.3148148148148148,0.0,0.0,0.0008625063419583968,0.0,0.0,0.00028750211398613225,Acceso medio,0.00028750211398613225,0.0,0.0
010506,INGUILPATA,AMAZONAS,LUYA,1.0,28.0,0.03571428571428571,0.0,0.0,9.784735812133071e-05,0.0,0.0,3.261578604044357e-05,Subatendido,3.261578604044357e-05,0.0,0.0
010108,HUANCAS,AMAZONAS,CHACHAPOYAS,2.0,8.0,0.25,0.0,0.0,0.0006849315068493151,0.0,0.0,0.00022831050228310502,Acceso medio,0.00022831050228310502,0.0,0.0
220911,PAPAPLAYA,SAN MARTIN,SAN MARTIN,6.0,24.0,0.25,495.0,0.0,0.0006849315068493151,0.0007978903456880072,0.0,0.0004942739508457741,Acceso medio,0.0004942739508457741,0.0,0.0
010612,VISTA ALEGRE,AMAZONAS,RODRIGUEZ DE MENDOZA,2.0,17.0,0.11764705882352941,0.0,0.0,0.00032232070910556004,0.0,0.0,0.00010744023636852001,Subatendido,0.00010744023636852001,0.0,0.0
220506,PINTO RECODO,SAN MARTIN,LAMAS,8.0,48.0,0.16666666666666666,0.0,0.0,0.00045662100456621003,0.0,0.0,0.00015220700152207,Acceso medio,0.00015220700152207,0.0,0.0
140307,MOTUPE,LAMBAYEQUE,LAMBAYEQUE,7.0,90.0,0.07777777777777778,0.0,0.0,0.00021308980213089802,0.0,0.0,7.102993404363267e-05,Subatendido,7.102993404363267e-05,0.0,0.0
060613,SANTO TOMAS,CAJAMARCA,CUTERVO,12.0,54.0,0.2222222222222222,0.0,0.0,0.00060882800608828,0.0,0.0,0.00020294266869609333,Acceso medio,0.00020294266869609333,0.0,0.0
010105,CHILIQUIN,AMAZONAS,CHACHAPOYAS,4.0,48.0,0.08333333333333333,0.0,0.0,0.00022831050228310502,0.0,0.0,7.6103500761035e-05,Subatendido,7.6103500761035e-05,0.0,0.0
010303,CHURUJA,AMAZONAS,BONGARA,1.0,17.0,0.058823529411764705,0.0,0.0,0.00016116035455278002,0.0,0.0,5.372011818426001e-05,Subatendido,5.372011818426001e-05,0.0,0.0
220801,RIOJA,SAN MARTIN,RIOJA,24.0,30.0,0.8,15213.2,0.0,0.0021917808219178085,0.02452215233741574,0.0,0.008904644386444517,Acceso medio,0.008904644386444517,0.0,0.0
140202,CAÑARIS,LAMBAYEQUE,FERREÑAFE,10.0,136.0,0.07352941176470588,0.0,0.0,0.00020145044319097504,0.0,0.0,6.715014773032501e-05,Subatendido,6.715014773032501e-05,0.0,0.0
060606,PIMPINGOS,CAJAMARCA,CUTERVO,8.0,54.0,0.14814814814814814,0.0,0.0,0.0004058853373921867,0.0,0.0,0.00013529511246406224,Subatendido,0.00013529511246406224,0.0,0.0
220102,CALZADA,SAN MARTIN,MOYOBAMBA,2.0,8.0,0.25,6311.0,0.0,0.0006849315068493151,0.010172698932600026,0.0,0.0036192101464831137,Acceso medio,0.0036192101464831137,0.0,0.0
220803,ELIAS SOPLIN VARGAS,SAN MARTIN,RIOJA,6.0,13.0,0.46153846153846156,3012.0,0.0,0.0012644889357218126,0.004855041861034904,0.0,0.0020398435989189057,Acceso medio,0.0020398435989189057,0.0,0.0
220504,CAYNARACHI,SAN MARTIN,LAMAS,9.0,32.0,0.28125,623.5555555555555,0.0,0.0007705479452054794,0.0010051090056119184,0.0,0.000591885650272466,Acceso medio,0.000591885650272466,0.0,0.0
010706,LONYA GRANDE,AMAZONAS,UTCUBAMBA,11.0,90.0,0.12222222222222222,0.0,0.0,0.000334855403348554,0.0,0.0,0.00011161846778285133,Subatendido,0.00011161846778285133,0.0,0.0
010309,SAN CARLOS,AMAZONAS,BONGARA,1.0,24.0,0.041666666666666664,0.0,0.0,0.00011415525114155251,0.0,0.0,3.80517503805175e-05,Subatendido,3.80517503805175e-05,0.0,0.0
160502,ALTO TAPICHE,LORETO,REQUENA,3.0,30.0,0.1,0.0,0.0,0.00027397260273972606,0.0,0.0,9.132420091324203e-05,Subatendido,9.132420091324203e-05,0.0,0.0
010102,ASUNCION,AMAZONAS,CHACHAPOYAS,1.0,10.0,0.1,0.0,0.0,0.00027397260273972606,0.0,0.0,9.132420091324203e-05,Subatendido,9.132420091324203e-05,0.0,0.0
010116,OLLEROS,AMAZONAS,CHACHAPOYAS,2.0,15.0,0.13333333333333333,0.0,0.0,0.00036529680365296805,0.0,0.0,0.00012176560121765602,Subatendido,0.00012176560121765602,0.0,0.0
220806,POSIC,SAN MARTIN,RIOJA,1.0,7.0,0.14285714285714285,4.0,0.0,0.00039138943248532285,6.447598753034401e-06,0.0,0.00013261234374611908,Subatendido,0.00013261234374611908,0.0,0.0
010707,YAMON,AMAZONAS,UTCUBAMBA,6.0,45.0,0.13333333333333333,0.0,0.0,0.00036529680365296805,0.0,0.0,0.00012176560121765602,Subatendido,0.00012176560121765602,0.0,0.0
010401,NIEVA,AMAZONAS,CONDORCANQUI,30.0,184.0,0.16304347826086957,35387.0,0.0,0.0004466944609886837,0.05704029426840709,0.0,0.019162329576465256,Acceso medio,0.019162329576465256,0.0,0.0
160703,MANSERICHE,LORETO,DATEM DEL MARAÑON,9.0,17.0,0.5294117647058824,0.0,0.0,0.0014504431909750201,0.0,0.0,0.00048348106365834006,Acceso medio,0.00048348106365834006,0.0,0.0
160403,YAVARI,LORETO,MARISCAL RAMON CASTILLA,5.0,82.0,0.06097560975609756,0.0,0.0,0.0001670564650851988,0.0,0.0,5.568548836173293e-05,Subatendido,5.568548836173293e-05,0.0,0.0
160302,PARINARI,LORETO,LORETO,4.0,53.0,0.07547169811320754,0.0,0.0,0.00020677177565262342,0.0,0.0,6.892392521754113e-05,Subatendido,6.892392521754113e-05,0.0,0.0
010517,SAN FRANCISCO DEL YESO,AMAZONAS,LUYA,1.0,45.0,0.022222222222222223,0.0,0.0,6.088280060882801e-05,0.0,0.0,2.0294266869609337e-05,Subatendido,2.0294266869609337e-05,0.0,0.0
220101,MOYOBAMBA,SAN MARTIN,MOYOBAMBA,91.0,133.0,0.6842105263157895,15827.0,0.0,0.0018745493871665465,0.025511536366068868,0.0,0.009128695251078471,Acceso medio,0.009128695251078471,0.0,0.0
160701,BARRANCA,LORETO,DATEM DEL MARAÑON,7.0,32.0,0.21875,0.0,0.0,0.0005993150684931507,0.0,0.0,0.0001997716894977169,Acceso medio,0.0001997716894977169,0.0,0.0
010703,CUMBA,AMAZONAS,UTCUBAMBA,10.0,66.0,0.15151515151515152,0.0,0.0,0.00041511000415110004,0.0,0.0,0.0001383700013837,Subatendido,0.0001383700013837,0.0,0.0
200804,CRISTO NOS VALGA,PIURA,SECHURA,2.0,14.0,0.14285714285714285,0.0,0.0,0.00039138943248532285,0.0,0.0,0.00013046314416177428,Subatendido,0.00013046314416177428,0.0,0.0
200806,RINCONADA LLICUAR,PIURA,SECHURA,1.0,13.0,0.07692307692307693,0.0,0.0,0.00021074815595363542,0.0,0.0,7.024938531787847e-05,Subatendido,7.024938531787847e-05,0.0,0.0
200304,HUARMACA,PIURA,HUANCABAMBA,21.0,422.0,0.04976303317535545,0.0,0.0,0.00013633707719275465,0.0,0.0,4.544569239758488e-05,Subatendido,4.544569239758488e-05,0.0,0.0
200803,BERNAL,PIURA,SECHURA,2.0,19.0,0.10526315789473684,35101.0,0.0,0.0002883922134102379,0.05657929095756513,0.0,0.018955894390325124,Acceso medio,0.018955894390325124,0.0,0.0
200802,BELLAVISTA DE LA UNION,PIURA,SECHURA,2.0,10.0,0.2,0.0,0.0,0.0005479452054794521,0.0,0.0,0.00018264840182648405,Acceso medio,0.00018264840182648405,0.0,0.0
200108,EL TALLAN,PIURA,PIURA,2.0,19.0,0.10526315789473684,0.0,0.0,0.0002883922134102379,0.0,0.0,9.613073780341263e-05,Subatendido,9.613073780341263e-05,0.0,0.0
200805,VICE,PIURA,SECHURA,5.0,16.0,0.3125,0.0,0.0,0.0008561643835616438,0.0,0.0,0.00028538812785388126,Acceso medio,0.00028538812785388126,0.0,0.0
200306,SAN MIGUEL DE EL FAIQUE,PIURA,HUANCABAMBA,9.0,52.0,0.17307692307692307,3341.0,0.0,0.00047418335089567963,0.005385356858471984,0.0,0.001953180069789221,Acceso medio,0.001953180069789221,0.0,0.0
200107,CURA MORI,PIURA,PIURA,4.0,29.0,0.13793103448275862,0.0,0.0,0.0003778932451582428,0.0,0.0,0.0001259644150527476,Subatendido,0.0001259644150527476,0.0,0.0
200308,SONDORILLO,PIURA,HUANCABAMBA,6.0,54.0,0.1111111111111111,0.0,0.0,0.00030441400304414,0.0,0.0,0.00010147133434804666,Subatendido,0.00010147133434804666,0.0,0.0
200406,SALITRAL,PIURA,MORROPON,5.0,27.0,0.18518518518518517,42.4,0.0,0.0005073566717402334,6.834454678216465e-05,0.0,0.00019190040617413266,Acceso medio,0.00019190040617413266,0.0,0.0
200307,SONDOR,PIURA,HUANCABAMBA,5.0,49.0,0.10204081632653061,0.0,0.0,0.0002795638803466592,0.0,0.0,9.318796011555308e-05,Subatendido,9.318796011555308e-05,0.0,0.0
200110,LA UNION,PIURA,PIURA,10.0,31.0,0.3225806451612903,7710.5,0.0,0.0008837825894829871,0.012428552546317938,0.0,0.004437445045266975,Acceso medio,0.004437445045266975,0.0,0.0
200109,LA ARENA,PIURA,PIURA,8.0,44.0,0.18181818181818182,0.0,0.0,0.00049813200498132,0.0,0.0,0.00016604400166044,Acceso medio,0.00016604400166044,0.0,0.0
020112,TARICA,ANCASH,HUARAZ,4.0,45.0,0.08888888888888889,0.0,0.0,0.00024353120243531204,0.0,0.0,8.117706747843735e-05,Subatendido,8.117706747843735e-05,0.0,0.0
140112,PIMENTEL,LAMBAYEQUE,CHICLAYO,11.0,49.0,0.22448979591836735,245172.0,0.0,0.0006150405367626502,0.39519267036973754,0.0,0.13193590363550006,Acceso medio,0.13193590363550006,0.0,0.0
220205,SAN PABLO,SAN MARTIN,BELLAVISTA,6.0,82.0,0.07317073170731707,323.0,0.0,0.00020046775810223855,0.0005206435993075279,0.0,0.00024037045246992216,Acceso medio,0.00024037045246992216,0.0,0.0
160606,VARGAS GUERRA,LORETO,UCAYALI,1.0,31.0,0.03225806451612903,141.0,0.0,8.837825894829872e-05,0.00022727785604446265,0.0,0.00010521870499758713,Subatendido,0.00010521870499758713,0.0,0.0
140105,JOSE LEONARDO ORTIZ,LAMBAYEQUE,CHICLAYO,25.0,8.0,3.125,409.0,0.0,0.008561643835616438,0.0006592669724977675,0.0,0.003073636936038068,Acceso medio,0.003073636936038068,0.0,0.0
020803,COMANDANTE NOEL,ANCASH,CASMA,2.0,23.0,0.08695652173913043,0.0,0.0,0.00023823704586063132,0.0,0.0,7.941234862021044e-05,Subatendido,7.941234862021044e-05,0.0,0.0
020607,PARIAHUANCA,ANCASH,CARHUAZ,1.0,22.0,0.045454545454545456,0.0,0.0,0.00012453300124533,0.0,0.0,4.151100041511e-05,Subatendido,4.151100041511e-05,0.0,0.0
021007,HUACHIS,ANCASH,HUARI,2.0,78.0,0.02564102564102564,0.0,0.0,7.024938531787847e-05,0.0,0.0,2.3416461772626156e-05,Subatendido,2.3416461772626156e-05,0.0,0.0
021012,RAHUAPAMPA,ANCASH,HUARI,2.0,13.0,0.15384615384615385,0.0,0.0,0.00042149631190727084,0.0,0.0,0.00014049877063575695,Subatendido,0.00014049877063575695,0.0,0.0
020604,ANTA,ANCASH,CARHUAZ,1.0,89.0,0.011235955056179775,0.0,0.0,3.078343851008158e-05,0.0,0.0,1.0261146170027193e-05,Subatendido,1.0261146170027193e-05,0.0,0.0
020608,SAN MIGUEL DE ACO,ANCASH,CARHUAZ,1.0,31.0,0.03225806451612903,0.0,0.0,8.837825894829872e-05,0.0,0.0,2.9459419649432907e-05,Subatendido,2.9459419649432907e-05,0.0,0.0
021009,MASIN,ANCASH,HUARI,2.0,63.0,0.031746031746031744,0.0,0.0,8.697542944118286e-05,0.0,0.0,2.8991809813727622e-05,Subatendido,2.8991809813727622e-05,0.0,0.0
021011,PONTO,ANCASH,HUARI,3.0,57.0,0.05263157894736842,0.0,0.0,0.00014419610670511894,0.0,0.0,4.8065368901706317e-05,Subatendido,4.8065368901706317e-05,0.0,0.0
100511,TANTAMAYO,HUANUCO,HUAMALIES,3.0,100.0,0.03,0.0,0.0,8.219178082191781e-05,0.0,0.0,2.7397260273972603e-05,Subatendido,2.7397260273972603e-05,0.0,0.0
020602,ACOPAMPA,ANCASH,CARHUAZ,1.0,30.0,0.03333333333333333,0.0,0.0,9.132420091324201e-05,0.0,0.0,3.0441400304414005e-05,Subatendido,3.0441400304414005e-05,0.0,0.0
100510,SINGA,HUANUCO,HUAMALIES,4.0,59.0,0.06779661016949153,0.0,0.0,0.00018574413745066172,0.0,0.0,6.19147124835539e-05,Subatendido,6.19147124835539e-05,0.0,0.0
020802,BUENA VISTA ALTA,ANCASH,CASMA,3.0,47.0,0.06382978723404255,0.0,0.0,0.00017487612940833574,0.0,0.0,5.8292043136111914e-05,Subatendido,5.8292043136111914e-05,0.0,0.0
021005,HUACACHI,ANCASH,HUARI,1.0,48.0,0.020833333333333332,0.0,0.0,5.7077625570776254e-05,0.0,0.0,1.902587519025875e-05,Subatendido,1.902587519025875e-05,0.0,0.0
020610,TINCO,ANCASH,CARHUAZ,1.0,29.0,0.034482758620689655,0.0,0.0,9.44733112895607e-05,0.0,0.0,3.14911037631869e-05,Subatendido,3.14911037631869e-05,0.0,0.0
020606,MARCARA,ANCASH,CARHUAZ,5.0,100.0,0.05,48.6,0.0,0.00013698630136986303,7.833832484936798e-05,0.0,7.177487540641033e-05,Subatendido,7.177487540641033e-05,0.0,0.0
020605,ATAQUERO,ANCASH,CARHUAZ,1.0,55.0,0.01818181818181818,0.0,0.0,4.9813200498132005e-05,0.0,0.0,1.6604400166044e-05,Subatendido,1.6604400166044e-05,0.0,0.0
100404,PINRA,HUANUCO,HUACAYBAMBA,3.0,62.0,0.04838709677419355,0.0,0.0,0.00013256738842244806,0.0,0.0,4.418912947414935e-05,Subatendido,4.418912947414935e-05,0.0,0.0
100401,HUACAYBAMBA,HUANUCO,HUACAYBAMBA,3.0,130.0,0.023076923076923078,0.0,0.0,6.322444678609063e-05,0.0,0.0,2.1074815595363542e-05,Subatendido,2.1074815595363542e-05,0.0,0.0
021208,SANTA CRUZ,ANCASH,HUAYLAS,3.0,77.0,0.03896103896103896,0.0,0.0,0.00010674257249599716,0.0,0.0,3.558085749866572e-05,Subatendido,3.558085749866572e-05,0.0,0.0
021301,PISCOBAMBA,ANCASH,MARISCAL LUZURIAGA,3.0,63.0,0.047619047619047616,2939.3333333333335,0.0,0.0001304631441617743,0.004737910483688113,0.0,0.0016227912092832957,Acceso medio,0.0016227912092832957,0.0,0.0
220401,SAPOSOA,SAN MARTIN,HUALLAGA,13.0,61.0,0.21311475409836064,1884.0,0.0,0.0005838760386256456,0.003036819012679203,0.0,0.0012068983504349496,Acceso medio,0.0012068983504349496,0.0,0.0
190302,CHONTABAMBA,PASCO,OXAPAMPA,6.0,37.0,0.16216216216216217,22.833333333333332,0.0,0.0004442798963346909,3.68050428819047e-05,0.0,0.00016036164640553186,Acceso medio,0.00016036164640553186,0.0,0.0
190301,OXAPAMPA,PASCO,OXAPAMPA,10.0,66.0,0.15151515151515152,6744.333333333333,0.0,0.00041511000415110004,0.010871188797512086,0.0,0.0037620996005543954,Acceso medio,0.0037620996005543954,0.0,0.0
190307,VILLA RICA,PASCO,OXAPAMPA,18.0,132.0,0.13636363636363635,1812.4375,0.015151515151515152,0.00037359900373599,0.0029214674412381967,0.015151515151515152,0.006148860532163112,Acceso medio,0.006148860532163112,0.015151515151515152,0.0
190102,HUACHON,PASCO,PASCO,4.0,98.0,0.04081632653061224,0.0,0.0,0.00011182555213866368,0.0,0.0,3.727518404622123e-05,Subatendido,3.727518404622123e-05,0.0,0.0
190110,TICLACAYAN,PASCO,PASCO,7.0,212.0,0.0330188679245283,7.714285714285714,0.0,9.046265184802275e-05,1.2434654737994917e-05,0.0,3.429910219533922e-05,Subatendido,3.429910219533922e-05,0.0,0.0
100203,COLPAS,HUANUCO,AMBO,3.0,97.0,0.030927835051546393,0.0,0.0,8.473379466177093e-05,0.0,0.0,2.8244598220590312e-05,Subatendido,2.8244598220590312e-05,0.0,0.0
250201,RAIMONDI,UCAYALI,ATALAYA,19.0,214.0,0.08878504672897196,193.3181818181818,0.3878504672897196,0.00024324670336704646,0.0003116095170074467,0.3878504672897196,0.12946844117003137,Acceso medio,0.3101537994254831,0.9299065420560748,0.18068535825545173
100202,CAYNA,HUANUCO,AMBO,3.0,137.0,0.021897810218978103,0.0,0.0,5.999400059994001e-05,0.0,0.0,1.9998000199980004e-05,Subatendido,1.9998000199980004e-05,0.0,0.0
100205,HUACAR,HUANUCO,AMBO,4.0,203.0,0.019704433497536946,0.0,0.0,5.39847493083204e-05,0.0,0.0,1.79949164361068e-05,Subatendido,1.79949164361068e-05,0.0,0.0
100204,CONCHAMARCA,HUANUCO,AMBO,2.0,84.0,0.023809523809523808,0.0,0.0,6.523157208088715e-05,0.0,0.0,2.1743857360295716e-05,Subatendido,2.1743857360295716e-05,0.0,0.0
100105,MARGOS,HUANUCO,HUANUCO,4.0,159.0,0.025157232704402517,24.5,0.0,6.892392521754115e-05,3.9491542362335705e-05,0.0,3.6138489193292285e-05,Subatendido,3.6138489193292285e-05,0.0,0.0
100108,SAN PEDRO DE CHAULAN,HUANUCO,HUANUCO,3.0,198.0,0.015151515151515152,0.0,0.0,4.1511000415110007e-05,0.0,0.0,1.3837000138370003e-05,Subatendido,1.3837000138370003e-05,0.0,0.0
100111,PILLCO MARCA,HUANUCO,HUANUCO,5.0,30.0,0.16666666666666666,0.0,0.0,0.00045662100456621003,0.0,0.0,0.00015220700152207,Acceso medio,0.00015220700152207,0.0,0.0
160706,ANDOAS,LORETO,DATEM DEL MARAÑON,8.0,44.0,0.18181818181818182,0.0,0.0,0.00049813200498132,0.0,0.0,0.00016604400166044,Acceso medio,0.00016604400166044,0.0,0.0
160102,ALTO NANAY,LORETO,MAYNAS,4.0,59.0,0.06779661016949153,0.0,0.0,0.00018574413745066172,0.0,0.0,6.19147124835539e-05,Subatendido,6.19147124835539e-05,0.0,0.0
160106,MAZAN,LORETO,MAYNAS,7.0,82.0,0.08536585365853659,0.0,0.0,0.00023387905111927834,0.0,0.0,7.795968370642611e-05,Subatendido,7.795968370642611e-05,0.0,0.0
160304,TROMPETEROS,LORETO,LORETO,19.0,65.0,0.2923076923076923,0.0,0.0,0.0008008429926238146,0.0,0.0,0.0002669476642079382,Acceso medio,0.0002669476642079382,0.0,0.0
160303,TIGRE,LORETO,LORETO,9.0,87.0,0.10344827586206896,0.0,0.0,0.00028341993386868207,0.0,0.0,9.447331128956069e-05,Subatendido,9.447331128956069e-05,0.0,0.0
160107,NAPO,LORETO,MAYNAS,9.0,106.0,0.08490566037735849,16196.0,0.0,0.00023261824760920132,0.02610632735103629,0.0,0.00877964853288183,Acceso medio,0.00877964853288183,0.0,0.0
160801,PUTUMAYO,LORETO,PUTUMAYO,17.0,17.0,1.0,0.0,0.0,0.0027397260273972603,0.0,0.0,0.0009132420091324201,Acceso medio,0.0009132420091324201,0.0,0.0
160110,TORRES CAUSANA,LORETO,MAYNAS,5.0,35.0,0.14285714285714285,0.0,0.0,0.00039138943248532285,0.0,0.0,0.00013046314416177428,Subatendido,0.00013046314416177428,0.0,0.0
160803,TENIENTE MANUEL CLAVERO,LORETO,PUTUMAYO,6.0,26.0,0.23076923076923078,0.0,0.0,0.0006322444678609063,0.0,0.0,0.00021074815595363542,Acceso medio,0.00021074815595363542,0.0,0.0
010104,CHETO,AMAZONAS,CHACHAPOYAS,1.0,21.0,0.047619047619047616,0.0,0.0,0.0001304631441617743,0.0,0.0,4.348771472059143e-05,Subatendido,4.348771472059143e-05,0.0,0.0
010510,LUYA VIEJO,AMAZONAS,LUYA,1.0,5.0,0.2,0.0,0.0,0.0005479452054794521,0.0,0.0,0.00018264840182648405,Acceso medio,0.00018264840182648405,0.0,0.0
010505,CONILA,AMAZONAS,LUYA,3.0,22.0,0.13636363636363635,0.0,0.0,0.00037359900373599,0.0,0.0,0.00012453300124533,Subatendido,0.00012453300124533,0.0,0.0
120601,SATIPO,JUNIN,SATIPO,20.0,159.0,0.12578616352201258,7850.2307692307695,0.8742138364779874,0.0003446196260877057,0.01265378452968115,0.8742138364779874,0.29573741354458544,Mejor atendido,0.33766613471858964,1.0,0.0419287211740042
090501,CHURCAMPA,HUANCAVELICA,CHURCAMPA,3.0,96.0,0.03125,4264.0,0.84375,8.561643835616438e-05,0.0068731402707346715,0.84375,0.28356958556969697,Mejor atendido,0.33565291890303023,1.0,0.05208333333333326
090506,LOCROJA,HUANCAVELICA,CHURCAMPA,4.0,44.0,0.09090909090909091,1191.8,1.0,0.00024906600249066,0.0019210620484665997,1.0,0.33405670935031906,Mejor atendido,0.33405670935031906,1.0,0.0
090502,ANCO,HUANCAVELICA,CHURCAMPA,4.0,140.0,0.02857142857142857,2139.25,0.9714285714285714,7.827788649706458e-05,0.0034482564081072106,0.9714285714285714,0.32498503524105854,Mejor atendido,0.3345088447648681,1.0,0.009523809523809545
090509,SAN PEDRO DE CORIS,HUANCAVELICA,CHURCAMPA,5.0,48.0,0.10416666666666667,2380.6666666666665,0.4791666666666667,0.0002853881278538813,0.003837395857847641,0.4791666666666667,0.1610964835507894,Acceso medio,0.3347075946619005,1.0,0.17361111111111108
150704,CARAMPOMA,LIMA,HUAROCHIRI,1.0,59.0,0.01694915254237288,0.0,0.0,4.643603436266543e-05,0.0,0.0,1.5478678120888476e-05,Subatendido,1.5478678120888476e-05,0.0,0.0
150407,SANTA ROSA DE QUIVES,LIMA,CANTA,3.0,78.0,0.038461538461538464,0.0,0.0,0.00010537407797681771,0.0,0.0,3.5124692658939236e-05,Subatendido,3.5124692658939236e-05,0.0,0.0
120205,COCHAS,JUNIN,CONCEPCION,4.0,28.0,0.14285714285714285,0.0,0.8928571428571429,0.00039138943248532285,0.0,0.8928571428571429,0.2977495107632094,Mejor atendido,0.33346379647749513,1.0,0.035714285714285754
120203,ANDAMARCA,JUNIN,CONCEPCION,4.0,69.0,0.057971014492753624,0.0,0.782608695652174,0.0001588246972404209,0.0,0.782608695652174,0.2609225067831381,Mejor atendido,0.3333862748990801,1.0,0.07246376811594202
120209,MARISCAL CASTILLA,JUNIN,CONCEPCION,1.0,33.0,0.030303030303030304,0.0,0.7878787878787878,8.302200083022001e-05,0.0,0.7878787878787878,0.26265393662653935,Mejor atendido,0.3333610073336101,1.0,0.07070707070707077
120426,POMACANCHA,JUNIN,JAUJA,3.0,45.0,0.06666666666666667,0.0,0.4888888888888889,0.00018264840182648402,0.0,0.4888888888888889,0.1630238457635718,Acceso medio,0.3333942161339422,1.0,0.17037037037037042
150405,LACHAQUI,LIMA,CANTA,2.0,58.0,0.034482758620689655,0.0,0.0,9.44733112895607e-05,0.0,0.0,3.14911037631869e-05,Subatendido,3.14911037631869e-05,0.0,0.0
120808,SANTA ROSA DE SACCO,JUNIN,YAULI,4.0,33.0,0.12121212121212122,10833.333333333334,0.9393939393939394,0.00033208800332088005,0.017462246622801506,0.9393939393939394,0.31906275800668726,Mejor atendido,0.3392647782087075,1.0,0.02020202020202022
150106,CARABAYLLO,LIMA,LIMA,65.0,90.0,0.7222222222222222,2425.0,0.0,0.0019786910197869103,0.003908856744027106,0.0,0.001962515921271339,Acceso medio,0.001962515921271339,0.0,0.0
150904,COCHAMARCA,LIMA,OYON,3.0,35.0,0.08571428571428572,0.0,0.0,0.00023483365949119374,0.0,0.0,7.827788649706458e-05,Subatendido,7.827788649706458e-05,0.0,0.0
150906,PACHANGARA,LIMA,OYON,3.0,45.0,0.06666666666666667,0.0,0.0,0.00018264840182648402,0.0,0.0,6.088280060882801e-05,Subatendido,6.088280060882801e-05,0.0,0.0
150905,NAVAN,LIMA,OYON,1.0,25.0,0.04,0.0,0.0,0.00010958904109589041,0.0,0.0,3.6529680365296805e-05,Subatendido,3.6529680365296805e-05,0.0,0.0
190104,HUAYLLAY,PASCO,PASCO,11.0,395.0,0.027848101265822784,706.75,0.0,7.629616785156928e-05,0.0011392101046767658,0.0,0.000405168757509445,Acceso medio,0.000405168757509445,0.0,0.0
190111,TINYAHUARCO,PASCO,PASCO,6.0,39.0,0.15384615384615385,4.6,0.0,0.00042149631190727084,7.414738565989561e-06,0.0,0.00014297035015775348,Subatendido,0.00014297035015775348,0.0,0.0
250202,SEPAHUA,UCAYALI,ATALAYA,4.0,49.0,0.08163265306122448,2.4,0.2653061224489796,0.00022365110427732736,3.8685592518206405e-06,0.2653061224489796,0.08851121403750291,Acceso medio,0.217762914717775,0.6530612244897959,0.12925170068027209
120304,SAN LUIS DE SHUARO,JUNIN,CHANCHAMAYO,4.0,58.0,0.06896551724137931,2.5,0.8620689655172413,0.0001889466225791214,4.0297492206465e-06,0.8620689655172413,0.28742064729634703,Mejor atendido,0.3276505323538183,0.9827586206896551,0.04022988505747127
170104,LABERINTO,MADRE DE DIOS,TAMBOPATA,8.0,34.0,0.23529411764705882,0.0,0.29411764705882354,0.0006446414182111201,0.0,0.29411764705882354,0.09825409615901155,Acceso medio,0.31394037066881547,0.9411764705882353,0.21568627450980393
120504,ULCUMAYO,JUNIN,JUNIN,15.0,175.0,0.08571428571428572,0.0,0.8228571428571428,0.00023483365949119374,0.0,0.8228571428571428,0.27436399217221136,Mejor atendido,0.33341161121983043,1.0,0.05904761904761907
150903,CAUJUL,LIMA,OYON,1.0,32.0,0.03125,0.0,0.0,8.561643835616438e-05,0.0,0.0,2.8538812785388127e-05,Subatendido,2.8538812785388127e-05,0.0,0.0
190101,CHAUPIMARCA,PASCO,PASCO,7.0,11.0,0.6363636363636364,98.25,0.0,0.0017434620174346202,0.0001583691443714075,0.0,0.0006339437206020093,Acceso medio,0.0006339437206020093,0.0,0.0
150902,ANDAJES,LIMA,OYON,1.0,27.0,0.037037037037037035,0.0,0.0,0.00010147133434804668,0.0,0.0,3.382377811601556e-05,Subatendido,3.382377811601556e-05,0.0,0.0
120303,PICHANAQUI,JUNIN,CHANCHAMAYO,34.0,180.0,0.18888888888888888,3158.35,0.8111111111111111,0.0005175038051750381,0.00509094338041155,0.8111111111111111,0.2722398527655659,Mejor atendido,0.3352028157285289,1.0,0.062962962962963
190105,NINACACA,PASCO,PASCO,5.0,141.0,0.03546099290780142,1.2,0.0,9.715340522685321e-05,1.9342796259103202e-06,0.0,3.302922828425451e-05,Subatendido,3.302922828425451e-05,0.0,0.0
120302,PERENE,JUNIN,CHANCHAMAYO,28.0,242.0,0.11570247933884298,448.90625,0.8966942148760331,0.00031699309407902187,0.0007235918444323373,0.8966942148760331,0.2992449332715148,Mejor atendido,0.3336801949795038,1.0,0.034435261707988996
150812,VEGUETA,LIMA,HUAURA,8.0,117.0,0.06837606837606838,0.0,0.0,0.00018733169418100928,0.0,0.0,6.244389806033642e-05,Subatendido,6.244389806033642e-05,0.0,0.0
150809,SANTA LEONOR,LIMA,HUAURA,3.0,158.0,0.0189873417721519,0.0,0.0,5.202011444425178e-05,0.0,0.0,1.7340038148083925e-05,Subatendido,1.7340038148083925e-05,0.0,0.0
150804,CHECRAS,LIMA,HUAURA,1.0,28.0,0.03571428571428571,0.0,0.0,9.784735812133071e-05,0.0,0.0,3.261578604044357e-05,Subatendido,3.261578604044357e-05,0.0,0.0
120502,CARHUAMAYO,JUNIN,JUNIN,1.0,90.0,0.011111111111111112,0.0,0.5333333333333333,3.0441400304414005e-05,0.0,0.5333333333333333,0.17778792491121256,Mejor atendido,0.33334348046676815,1.0,0.15555555555555559
190112,VICCO,PASCO,PASCO,3.0,74.0,0.04054054054054054,0.0,0.0,0.00011106997408367272,0.0,0.0,3.702332469455757e-05,Subatendido,3.702332469455757e-05,0.0,0.0
120301,CHANCHAMAYO,JUNIN,CHANCHAMAYO,39.0,81.0,0.48148148148148145,26268.571428571428,0.6419753086419753,0.0013191273465246068,0.04234230209671306,0.6419753086419753,0.22854557936173767,Mejor atendido,0.3478871431477459,1.0,0.11934156378600821
021506,LACABAMBA,ANCASH,PALLASCA,1.0,28.0,0.03571428571428571,0.0,0.0,9.784735812133071e-05,0.0,0.0,3.261578604044357e-05,Subatendido,3.261578604044357e-05,0.0,0.0
130812,TAURIJA,LA LIBERTAD,PATAZ,1.0,50.0,0.02,0.0,0.0,5.479452054794521e-05,0.0,0.0,1.8264840182648402e-05,Subatendido,1.8264840182648402e-05,0.0,0.0
130801,TAYABAMBA,LA LIBERTAD,PATAZ,4.0,150.0,0.02666666666666667,4240.0,0.0,7.305936073059361e-05,0.006834454678216465,0.0,0.0023025046796490193,Acceso medio,0.0023025046796490193,0.0,0.0
130109,SALAVERRY,LA LIBERTAD,TRUJILLO,3.0,8.0,0.375,1269.0,0.0,0.0010273972602739725,0.0020455007044001636,0.0,0.0010242993215580454,Acceso medio,0.0010242993215580454,0.0,0.0
150901,OYON,LIMA,OYON,11.0,297.0,0.037037037037037035,0.0,0.0,0.00010147133434804668,0.0,0.0,3.382377811601556e-05,Subatendido,3.382377811601556e-05,0.0,0.0
190201,YANAHUANCA,PASCO,DANIEL ALCIDES CARRION,26.0,567.0,0.04585537918871252,271.74074074074076,0.0,0.00012563117585948636,0.00043801881528716117,0.0,0.00018788333038221585,Acceso medio,0.00018788333038221585,0.0,0.0
101007,SAN MIGUEL DE CAURI,HUANUCO,LAURICOCHA,3.0,821.0,0.0036540803897685747,0.0,0.0,1.001117915005089e-05,0.0,0.0,3.33705971668363e-06,Subatendido,3.33705971668363e-06,0.0,0.0
150205,SUPE PUERTO,LIMA,BARRANCA,4.0,10.0,0.4,0.0,0.0,0.0010958904109589042,0.0,0.0,0.0003652968036529681,Acceso medio,0.0003652968036529681,0.0,0.0
150204,SUPE,LIMA,BARRANCA,9.0,65.0,0.13846153846153847,45737.0,0.0,0.00037934668071654376,0.0737234560418836,0.0,0.024700934240866713,Acceso medio,0.024700934240866713,0.0,0.0
150201,BARRANCA,LIMA,BARRANCA,40.0,65.0,0.6153846153846154,76338.5,0.0,0.0016859852476290833,0.12305000435212916,0.0,0.041578663199919416,Acceso medio,0.041578663199919416,0.0,0.0
150802,AMBAR,LIMA,HUAURA,2.0,186.0,0.010752688172043012,0.0,0.0,2.945941964943291e-05,0.0,0.0,9.81980654981097e-06,Subatendido,9.81980654981097e-06,0.0,0.0
021409,SAN PEDRO,ANCASH,OCROS,1.0,40.0,0.025,0.0,0.0,6.849315068493152e-05,0.0,0.0,2.2831050228310506e-05,Subatendido,2.2831050228310506e-05,0.0,0.0
021405,COCHAS,ANCASH,OCROS,1.0,33.0,0.030303030303030304,0.0,0.0,8.302200083022001e-05,0.0,0.0,2.7674000276740005e-05,Subatendido,2.7674000276740005e-05,0.0,0.0
150203,PATIVILCA,LIMA,BARRANCA,8.0,57.0,0.14035087719298245,0.0,0.0,0.00038452295121365053,0.0,0.0,0.00012817431707121685,Subatendido,0.00012817431707121685,0.0,0.0
020507,COLQUIOC,ANCASH,BOLOGNESI,1.0,20.0,0.05,23.0,0.0,0.00013698630136986303,3.707369282994781e-05,0.0,5.8019998066603615e-05,Subatendido,5.8019998066603615e-05,0.0,0.0
150202,PARAMONGA,LIMA,BARRANCA,12.0,65.0,0.18461538461538463,8221.0,0.0,0.000505795574288725,0.013251427337173953,0.0,0.00458574097048756,Acceso medio,0.00458574097048756,0.0,0.0
021101,HUARMEY,ANCASH,HUARMEY,8.0,38.0,0.21052631578947367,17344.4,0.0,0.0005767844268204758,0.02795743295303247,0.0,0.009511405793284316,Acceso medio,0.009511405793284316,0.0,0.0
160206,LAGUNAS,LORETO,ALTO AMAZONAS,11.0,65.0,0.16923076923076924,4334.428571428572,0.0,0.0004636459430979979,0.006986664063064885,0.0,0.002483436668720961,Acceso medio,0.002483436668720961,0.0,0.0
160305,URARINAS,LORETO,LORETO,10.0,117.0,0.08547008547008547,0.0,0.0,0.00023416461772626156,0.0,0.0,7.805487257542052e-05,Subatendido,7.805487257542052e-05,0.0,0.0
160205,JEBEROS,LORETO,ALTO AMAZONAS,4.0,33.0,0.12121212121212122,0.0,0.0,0.00033208800332088005,0.0,0.0,0.00011069600110696002,Subatendido,0.00011069600110696002,0.0,0.0
160702,CAHUAPANAS,LORETO,DATEM DEL MARAÑON,7.0,15.0,0.4666666666666667,0.0,0.0,0.0012785388127853881,0.0,0.0,0.00042617960426179604,Acceso medio,0.00042617960426179604,0.0,0.0
160202,BALSAPUERTO,LORETO,ALTO AMAZONAS,18.0,99.0,0.18181818181818182,2133.0,0.0,0.00049813200498132,0.0034381820350555944,0.0,0.0013121046800123048,Acceso medio,0.0013121046800123048,0.0,0.0
120608,RIO TAMBO,JUNIN,SATIPO,24.0,206.0,0.11650485436893204,0.0,0.5485436893203883,0.00031919138183269055,0.0,0.5485436893203883,0.182954293567407,Mejor atendido,0.31402225473245554,0.941747572815534,0.13106796116504854
080909,VILCABAMBA,CUSCO,LA CONVENCION,11.0,273.0,0.040293040293040296,0.0,0.5347985347985348,0.00011039189121380903,0.0,0.5347985347985348,0.1783029755632495,Mejor atendido,0.3333701306304046,1.0,0.1550671550671551
190109,SIMON BOLIVAR,PASCO,PASCO,9.0,283.0,0.03180212014134275,11600.8,0.0,8.712909627765138e-05,0.01869932590355037,0.0,0.00626215166660934,Acceso medio,0.00626215166660934,0.0,0.0
150303,GORGOR,LIMA,CAJATAMBO,1.0,230.0,0.004347826086956522,0.0,0.0,1.1911852293031567e-05,0.0,0.0,3.970617431010523e-06,Subatendido,3.970617431010523e-06,0.0,0.0
150305,MANAS,LIMA,CAJATAMBO,2.0,101.0,0.019801980198019802,0.0,0.0,5.425200054252e-05,0.0,0.0,1.808400018084e-05,Subatendido,1.808400018084e-05,0.0,0.0
190107,PAUCARTAMBO,PASCO,PASCO,10.0,194.0,0.05154639175257732,494.7,0.0,0.00014122299110295156,0.0007974067757815296,0.0,0.0003128765889614937,Acceso medio,0.0003128765889614937,0.0,0.0
130608,MACHE,LA LIBERTAD,OTUZCO,3.0,36.0,0.08333333333333333,0.0,0.0,0.00022831050228310502,0.0,0.0,7.6103500761035e-05,Subatendido,7.6103500761035e-05,0.0,0.0
130501,JULCAN,LA LIBERTAD,JULCAN,7.0,81.0,0.08641975308641975,945.5714285714286,0.0,0.0002367664468121089,0.0015241662909405251,0.0,0.000586977579250878,Acceso medio,0.000586977579250878,0.0,0.0
130106,LAREDO,LA LIBERTAD,TRUJILLO,4.0,57.0,0.07017543859649122,12158.0,0.0,0.00019226147560682527,0.01959747640984806,0.0,0.006596579295151628,Acceso medio,0.006596579295151628,0.0,0.0
130611,SALPO,LA LIBERTAD,OTUZCO,4.0,67.0,0.05970149253731343,0.0,0.0,0.0001635657329789409,0.0,0.0,5.45219109929803e-05,Subatendido,5.45219109929803e-05,0.0,0.0
131008,SITABAMBA,LA LIBERTAD,SANTIAGO DE CHUCO,4.0,71.0,0.056338028169014086,0.0,0.0,0.00015435076210688792,0.0,0.0,5.145025403562931e-05,Subatendido,5.145025403562931e-05,0.0,0.0
130806,HUAYO,LA LIBERTAD,PATAZ,3.0,66.0,0.045454545454545456,0.0,0.0,0.00012453300124533,0.0,0.0,4.151100041511e-05,Subatendido,4.151100041511e-05,0.0,0.0
021902,ACOBAMBA,ANCASH,SIHUAS,1.0,26.0,0.038461538461538464,20308.0,0.0,0.00010537407797681771,0.03273445886915566,0.0,0.010946610982377493,Acceso medio,0.010946610982377493,0.0,0.0
021508,PALLASCA,ANCASH,PALLASCA,2.0,102.0,0.0196078431372549,111.5,0.0,5.372011818426001e-05,0.00017972681524083394,0.0,7.781564447503131e-05,Subatendido,7.781564447503131e-05,0.0,0.0
020907,YUPAN,ANCASH,CORONGO,1.0,10.0,0.1,0.0,0.0,0.00027397260273972606,0.0,0.0,9.132420091324203e-05,Subatendido,9.132420091324203e-05,0.0,0.0
021910,SICSIBAMBA,ANCASH,SIHUAS,2.0,42.0,0.047619047619047616,0.0,0.0,0.0001304631441617743,0.0,0.0,4.348771472059143e-05,Subatendido,4.348771472059143e-05,0.0,0.0
100903,HONORIA,HUANUCO,PUERTO INCA,6.0,46.0,0.13043478260869565,0.0,0.0,0.00035735556879094697,0.0,0.0,0.00011911852293031566,Subatendido,0.00011911852293031566,0.0,0.0
021904,CASHAPAMPA,ANCASH,SIHUAS,2.0,70.0,0.02857142857142857,0.0,0.0,7.827788649706458e-05,0.0,0.0,2.609262883235486e-05,Subatendido,2.609262883235486e-05,0.0,0.0
130804,HUANCASPATA,LA LIBERTAD,PATAZ,3.0,106.0,0.02830188679245283,0.0,0.0,7.753941586973378e-05,0.0,0.0,2.5846471956577927e-05,Subatendido,2.5846471956577927e-05,0.0,0.0
250104,MASISEA,UCAYALI,CORONEL PORTILLO,22.0,129.0,0.17054263565891473,3.0952380952380953,0.5116279069767442,0.0004672400976956568,4.98921332080043e-06,0.5116279069767442,0.17070004542925354,Mejor atendido,0.26372330124320703,0.7906976744186046,0.09302325581395349
131202,CHAO,LA LIBERTAD,VIRU,11.0,65.0,0.16923076923076924,1614.0,0.0,0.0004636459430979979,0.0026016060968493807,0.0,0.0010217506799824595,Acceso medio,0.0010217506799824595,0.0,0.0
021907,QUICHES,ANCASH,SIHUAS,2.0,30.0,0.06666666666666667,36965.0,0.0,0.00018264840182648402,0.05958387197647916,0.0,0.019922173459435213,Acceso medio,0.019922173459435213,0.0,0.0
021905,CHINGALPO,ANCASH,SIHUAS,2.0,17.0,0.11764705882352941,20289.0,0.0,0.00032232070910556004,0.03270383277507874,0.0,0.011008717828061433,Acceso medio,0.011008717828061433,0.0,0.0
221002,NUEVO PROGRESO,SAN MARTIN,TOCACHE,6.0,67.0,0.08955223880597014,0.0,0.0,0.0002453485994684114,0.0,0.0,8.178286648947046e-05,Subatendido,8.178286648947046e-05,0.0,0.0
021502,BOLOGNESI,ANCASH,PALLASCA,2.0,31.0,0.06451612903225806,0.0,0.0,0.00017675651789659743,0.0,0.0,5.891883929886581e-05,Subatendido,5.891883929886581e-05,0.0,0.0
021504,HUACASCHUQUE,ANCASH,PALLASCA,1.0,16.0,0.0625,0.0,0.0,0.00017123287671232877,0.0,0.0,5.7077625570776254e-05,Subatendido,5.7077625570776254e-05,0.0,0.0
021505,HUANDOVAL,ANCASH,PALLASCA,1.0,57.0,0.017543859649122806,0.0,0.0,4.8065368901706317e-05,0.0,0.0,1.6021789633902107e-05,Subatendido,1.6021789633902107e-05,0.0,0.0
130813,URPAY,LA LIBERTAD,PATAZ,2.0,40.0,0.05,0.0,0.0,0.00013698630136986303,0.0,0.0,4.566210045662101e-05,Subatendido,4.566210045662101e-05,0.0,0.0
221004,SHUNTE,SAN MARTIN,TOCACHE,1.0,24.0,0.041666666666666664,0.0,0.0,0.00011415525114155251,0.0,0.0,3.80517503805175e-05,Subatendido,3.80517503805175e-05,0.0,0.0
131007,SANTA CRUZ DE CHUCA,LA LIBERTAD,SANTIAGO DE CHUCO,3.0,35.0,0.08571428571428572,0.0,0.0,0.00023483365949119374,0.0,0.0,7.827788649706458e-05,Subatendido,7.827788649706458e-05,0.0,0.0
040809,TAURIA,AREQUIPA,LA UNION,1.0,26.0,0.038461538461538464,0.0,0.0,0.00010537407797681771,0.0,0.0,3.5124692658939236e-05,Subatendido,0.2692658939234282,0.8076923076923077,0.2692307692307693
040310,JAQUI,AREQUIPA,CARAVELI,1.0,41.0,0.024390243902439025,28.0,0.3170731707317073,6.682258603407952e-05,4.5133191271240806e-05,0.3170731707317073,0.10572837550300422,Acceso medio,0.3333706519257684,1.0,0.2276422764227642
040808,SAYLA,AREQUIPA,LA UNION,1.0,24.0,0.041666666666666664,0.0,0.0,0.00011415525114155251,0.0,0.0,3.80517503805175e-05,Subatendido,0.33337138508371383,1.0,0.3333333333333333
210103,AMANTANI,PUNO,PUNO,2.0,0.0,,0.0,0.0,0.0,0.0,0.0,0.0,Subatendido,0.0,0.0,0.0
120431,SINCOS,JUNIN,JAUJA,5.0,44.0,0.11363636363636363,0.0,0.9545454545454546,0.00031133250311332503,0.0,0.9545454545454546,0.31828559568285597,Mejor atendido,0.33343711083437105,1.0,0.015151515151515083
120114,EL TAMBO,JUNIN,HUANCAYO,100.0,27.0,3.7037037037037037,23564.296296296296,0.9629629629629629,0.010147133434804667,0.03798328185403329,0.9629629629629629,0.3370311260839336,Mejor atendido,0.34937680509627933,1.0,0.012345679012345734
150717,SAN BARTOLOME,LIMA,HUAROCHIRI,2.0,51.0,0.0392156862745098,0.0,0.0,0.00010744023636852001,0.0,0.0,3.581341212284e-05,Subatendido,3.581341212284e-05,0.0,0.0
120210,MATAHUASI,JUNIN,CONCEPCION,3.0,17.0,0.17647058823529413,0.0,1.0,0.00048348106365834006,0.0,1.0,0.3334944936878861,Mejor atendido,0.3334944936878861,1.0,0.0
190108,SAN FRANCISCO DE ASIS DE YARUSYACAN,PASCO,PASCO,12.0,118.0,0.1016949152542373,0.0,0.0,0.0002786162061759926,0.0,0.0,9.287206872533086e-05,Subatendido,9.287206872533086e-05,0.0,0.0
100501,LLATA,HUANUCO,HUAMALIES,7.0,211.0,0.03317535545023697,1626.8333333333333,0.0,9.089138479516978e-05,0.0026222921428486995,0.0,0.000904394509214623,Acceso medio,0.000904394509214623,0.0,0.0
040807,QUECHUALLA,AREQUIPA,LA UNION,1.0,45.0,0.022222222222222223,0.0,0.0,6.088280060882801e-05,0.0,0.0,2.0294266869609337e-05,Subatendido,0.15557584982242517,0.4666666666666667,0.15555555555555556
040811,TORO,AREQUIPA,LA UNION,2.0,76.0,0.02631578947368421,0.0,0.02631578947368421,7.209805335255947e-05,0.0,0.02631578947368421,0.008795962509012255,Acceso medio,0.08774333093006488,0.2631578947368421,0.07894736842105263
210901,MOHO,PUNO,MOHO,10.0,269.0,0.03717472118959108,0.0,0.8215613382899628,0.00010184855120435912,0.0,0.8215613382899628,0.2738877289470557,Mejor atendido,0.33336728285040146,1.0,0.05947955390334575
210205,CAMINACA,PUNO,AZANGARO,2.0,40.0,0.05,0.0,0.925,0.00013698630136986303,0.0,0.925,0.30837899543378994,Mejor atendido,0.33337899543378996,1.0,0.025000000000000022
040607,SALAMANCA,AREQUIPA,CONDESUYOS,2.0,74.0,0.02702702702702703,0.0,0.0,7.404664938911514e-05,0.0,0.0,2.468221646303838e-05,Subatendido,2.468221646303838e-05,0.0,0.0
210706,PALCA,PUNO,LAMPA,1.0,65.0,0.015384615384615385,0.0,0.2923076923076923,4.2149631190727085e-05,0.0,0.2923076923076923,0.09744994731296101,Acceso medio,0.33334738321039686,1.0,0.23589743589743584
210210,SAMAN,PUNO,AZANGARO,7.0,63.0,0.1111111111111111,0.0,1.0,0.00030441400304414,0.0,1.0,0.3334348046676814,Mejor atendido,0.3334348046676814,1.0,0.0
040801,COTAHUASI,AREQUIPA,LA UNION,2.0,37.0,0.05405405405405406,3927.0,0.7027027027027027,0.00014809329877823029,0.006329930075791523,0.7027027027027027,0.2363935753590908,Mejor atendido,0.3354926744581899,1.0,0.09909909909909911
040515,SIBAYO,AREQUIPA,CAYLLOMA,1.0,131.0,0.007633587786259542,0.0,0.26717557251908397,2.09139391404371e-05,0.0,0.26717557251908397,0.0890654954860748,Acceso medio,0.30280595350134193,0.9083969465648855,0.21374045801526714
210701,LAMPA,PUNO,LAMPA,8.0,111.0,0.07207207207207207,7313.0,0.5675675675675675,0.00019745773170430704,0.011787822420235143,0.5675675675675675,0.193184282573169,Mejor atendido,0.33732842671731317,1.0,0.14414414414414417
210704,NICASIO,PUNO,LAMPA,2.0,29.0,0.06896551724137931,0.0,0.7931034482758621,0.0001889466225791214,0.0,0.7931034482758621,0.2644307982994804,Mejor atendido,0.3333963155408597,1.0,0.06896551724137928
210903,HUAYRAPATA,PUNO,MOHO,2.0,62.0,0.03225806451612903,0.0,0.3548387096774194,8.837825894829872e-05,0.0,0.3548387096774194,0.11830902931212256,Acceso medio,0.33336279275298275,1.0,0.2150537634408602
210202,ACHAYA,PUNO,AZANGARO,1.0,54.0,0.018518518518518517,0.0,0.6111111111111112,5.073566717402334e-05,0.0,0.6111111111111112,0.20372061559276175,Mejor atendido,0.3333502452223913,1.0,0.12962962962962957
040311,LOMAS,AREQUIPA,CARAVELI,1.0,7.0,0.14285714285714285,7.0,0.14285714285714285,0.00039138943248532285,1.1283297817810201e-05,0.14285714285714285,0.047753271862481995,Acceso medio,0.19061041471962484,0.5714285714285714,0.14285714285714285
040810,TOMEPAMPA,AREQUIPA,LA UNION,1.0,16.0,0.0625,0.0,0.875,0.00017123287671232877,0.0,0.875,0.2917237442922374,Mejor atendido,0.3333904109589041,1.0,0.041666666666666685
040406,CHOCO,AREQUIPA,CASTILLA,1.0,119.0,0.008403361344537815,0.0,0.06722689075630252,2.302290779325429e-05,0.0,0.06722689075630252,0.022416637888031925,Acceso medio,0.14566593760791988,0.4369747899159664,0.12324929971988795
040803,CHARCANA,AREQUIPA,LA UNION,2.0,43.0,0.046511627906976744,0.0,0.0,0.00012742911755336093,0.0,0.0,4.2476372517786974e-05,Subatendido,0.2248486779229054,0.6744186046511628,0.2248062015503876
210606,ROSASPATA,PUNO,HUANCANE,5.0,162.0,0.030864197530864196,0.0,0.8395061728395061,8.455944529003889e-05,0.0,0.8395061728395061,0.2798635774282654,Mejor atendido,0.3333615198150967,1.0,0.05349794238683131
080802,CONDOROMA,CUSCO,ESPINAR,1.0,214.0,0.004672897196261682,0.0,0.14953271028037382,1.2802458071949813e-05,0.0,0.14953271028037382,0.04984850424614859,Acceso medio,0.3037425852430334,0.9112149532710281,0.2538940809968848
210710,VILAVILA,PUNO,LAMPA,2.0,45.0,0.044444444444444446,0.0,0.7111111111111111,0.00012176560121765602,0.0,0.7111111111111111,0.23707762557077627,Mejor atendido,0.33337392186707254,1.0,0.09629629629629627
040802,ALCA,AREQUIPA,LA UNION,1.0,19.0,0.05263157894736842,0.0,0.6842105263157895,0.00014419610670511894,0.0,0.6842105263157895,0.2281182408074982,Mejor atendido,0.333381398702235,1.0,0.10526315789473678
210601,HUANCANE,PUNO,HUANCANE,13.0,211.0,0.061611374407582936,4759.5,0.957345971563981,0.00016879828604817243,0.007671836566266808,0.957345971563981,0.321728868805432,Mejor atendido,0.335946878284105,1.0,0.014218009478673022
210608,VILQUE CHICO,PUNO,HUANCANE,9.0,307.0,0.029315960912052116,3972.4444444444443,0.8599348534201955,8.03177011289099e-05,0.006403181961624608,0.8599348534201955,0.28880611769431636,Mejor atendido,0.33549449988758445,1.0,0.046688382193268096
210206,CHUPA,PUNO,AZANGARO,4.0,89.0,0.0449438202247191,0.0,0.9438202247191011,0.00012313375404032631,0.0,0.9438202247191011,0.31464778615771377,Mejor atendido,0.33337437791801344,1.0,0.01872659176029967
210705,OCUVIRI,PUNO,LAMPA,3.0,623.0,0.004815409309791332,0.0,0.31781701444622795,1.3192902218606389e-05,0.0,0.31781701444622795,0.1059434024494822,Acceso medio,0.3328026854885405,0.9983948635634029,0.22685928303905828
220106,YANTALO,SAN MARTIN,MOYOBAMBA,2.0,8.0,0.25,3544.0,0.0,0.0006849315068493151,0.00571257249518848,0.0,0.002132501334012598,Acceso medio,0.002132501334012598,0.0,0.0
060808,PUCARA,CAJAMARCA,JAEN,2.0,53.0,0.03773584905660377,7568.0,0.0,0.00010338588782631171,0.012198856840741087,0.0,0.004100747576189133,Acceso medio,0.004100747576189133,0.0,0.0
140310,SALAS,LAMBAYEQUE,LAMBAYEQUE,10.0,148.0,0.06756756756756757,0.0,0.0,0.00018511662347278786,0.0,0.0,6.170554115759595e-05,Subatendido,6.170554115759595e-05,0.0,0.0
160511,YAQUERANA,LORETO,REQUENA,2.0,22.0,0.09090909090909091,0.0,0.0,0.00024906600249066,0.0,0.0,8.302200083022e-05,Subatendido,8.302200083022e-05,0.0,0.0
160501,REQUENA,LORETO,REQUENA,6.0,62.0,0.0967741935483871,0.0,0.0,0.0002651347768448961,0.0,0.0,8.83782589482987e-05,Subatendido,8.83782589482987e-05,0.0,0.0
160507,SAQUENA,LORETO,REQUENA,4.0,22.0,0.18181818181818182,0.0,0.0,0.00049813200498132,0.0,0.0,0.00016604400166044,Acceso medio,0.00016604400166044,0.0,0.0
150723,SAN MATEO DE OTAO,LIMA,HUAROCHIRI,4.0,36.0,0.1111111111111111,0.0,0.0,0.00030441400304414,0.0,0.0,0.00010147133434804666,Subatendido,0.00010147133434804666,0.0,0.0
150728,SANTA EULALIA,LIMA,HUAROCHIRI,3.0,27.0,0.1111111111111111,0.0,0.0,0.00030441400304414,0.0,0.0,0.00010147133434804666,Subatendido,0.00010147133434804666,0.0,0.0
120401,JAUJA,JUNIN,JAUJA,8.0,3.0,2.6666666666666665,23490.0,1.0,0.0073059360730593605,0.03786352367719452,1.0,0.3483898199167513,Mejor atendido,0.3483898199167513,1.0,0.0
020702,SAN NICOLAS,ANCASH,CARLOS FERMIN FITZCARRALD,3.0,65.0,0.046153846153846156,2841.6666666666665,0.0,0.00012644889357218126,0.004580481614134856,0.0,0.0015689768359023455,Acceso medio,0.0015689768359023455,0.0,0.0
021305,LLAMA,ANCASH,MARISCAL LUZURIAGA,1.0,37.0,0.02702702702702703,299.0,0.0,7.404664938911514e-05,0.0004819580067893215,0.0,0.0001853348853928122,Acceso medio,0.0001853348853928122,0.0,0.0
021602,HUAYLLAN,ANCASH,POMABAMBA,3.0,49.0,0.061224489795918366,0.0,0.0,0.00016773832820799552,0.0,0.0,5.591277606933184e-05,Subatendido,5.591277606933184e-05,0.0,0.0
021303,ELEAZAR GUZMAN BARRON,ANCASH,MARISCAL LUZURIAGA,2.0,12.0,0.16666666666666666,69.5,0.0,0.00045662100456621003,0.00011202702833397272,0.0,0.0001895493443000609,Acceso medio,0.0001895493443000609,0.0,0.0
021802,CACERES DEL PERU,ANCASH,SANTA,3.0,182.0,0.016483516483516484,0.0,0.0,4.516031913292187e-05,0.0,0.0,1.5053439710973957e-05,Subatendido,1.5053439710973957e-05,0.0,0.0
021204,HUAYLAS,ANCASH,HUAYLAS,1.0,22.0,0.045454545454545456,0.0,0.0,0.00012453300124533,0.0,0.0,4.151100041511e-05,Subatendido,4.151100041511e-05,0.0,0.0
021308,MUSGA,ANCASH,MARISCAL LUZURIAGA,1.0,38.0,0.02631578947368421,283.0,0.0,7.209805335255947e-05,0.00045616761177718387,0.0,0.0001760885550432478,Acceso medio,0.0001760885550432478,0.0,0.0
101101,CHAVINILLO,HUANUCO,YAROWILCA,5.0,125.0,0.04,0.0,0.0,0.00010958904109589041,0.0,0.0,3.6529680365296805e-05,Subatendido,3.6529680365296805e-05,0.0,0.0
100109,SANTA MARIA DEL VALLE,HUANUCO,HUANUCO,11.0,219.0,0.0502283105022831,0.0,0.0,0.00013761180959529618,0.0,0.0,4.587060319843206e-05,Subatendido,4.587060319843206e-05,0.0,0.0
250203,TAHUANIA,UCAYALI,ATALAYA,6.0,94.0,0.06382978723404255,5.375,0.24468085106382978,0.00017487612940833574,8.663960824389977e-06,0.24468085106382978,0.08162146371802083,Acceso medio,0.28020302400170877,0.8404255319148937,0.19858156028368795
100104,CHURUBAMBA,HUANUCO,HUANUCO,7.0,166.0,0.04216867469879518,0.0,0.0,0.00011553061561313748,0.0,0.0,3.851020520437916e-05,Subatendido,3.851020520437916e-05,0.0,0.0
100311,MARIAS,HUANUCO,DOS DE MAYO,5.0,182.0,0.027472527472527472,27.333333333333332,0.0,7.526719855486978e-05,4.4058591479068405e-05,0.0,3.977526334464606e-05,Subatendido,3.977526334464606e-05,0.0,0.0
100112,YACUS,HUANUCO,HUANUCO,4.0,28.0,0.14285714285714285,1.0,0.0,0.00039138943248532285,1.6118996882586003e-06,0.0,0.00013100044405786048,Subatendido,0.00013100044405786048,0.0,0.0
061112,TONGOD,CAJAMARCA,SAN MIGUEL,3.0,23.0,0.13043478260869565,0.0,0.0,0.00035735556879094697,0.0,0.0,0.00011911852293031566,Subatendido,0.00011911852293031566,0.0,0.0
021707,PAMPAS CHICO,ANCASH,RECUAY,2.0,28.0,0.07142857142857142,0.0,0.0,0.00019569471624266143,0.0,0.0,6.523157208088714e-05,Subatendido,6.523157208088714e-05,0.0,0.0
021708,PARARIN,ANCASH,RECUAY,1.0,27.0,0.037037037037037035,0.0,0.0,0.00010147133434804668,0.0,0.0,3.382377811601556e-05,Subatendido,3.382377811601556e-05,0.0,0.0
101003,JIVIA,HUANUCO,LAURICOCHA,1.0,112.0,0.008928571428571428,50.0,0.0,2.4461839530332678e-05,8.059498441293002e-05,0.0,3.50189413144209e-05,Subatendido,3.50189413144209e-05,0.0,0.0
020509,HUASTA,ANCASH,BOLOGNESI,2.0,100.0,0.02,0.0,0.0,5.479452054794521e-05,0.0,0.0,1.8264840182648402e-05,Subatendido,1.8264840182648402e-05,0.0,0.0
021706,MARCA,ANCASH,RECUAY,1.0,38.0,0.02631578947368421,0.0,0.0,7.209805335255947e-05,0.0,0.0,2.4032684450853158e-05,Subatendido,2.4032684450853158e-05,0.0,0.0
010516,SAN CRISTOBAL,AMAZONAS,LUYA,1.0,4.0,0.25,0.0,0.0,0.0006849315068493151,0.0,0.0,0.00022831050228310502,Acceso medio,0.00022831050228310502,0.0,0.0
010107,GRANADA,AMAZONAS,CHACHAPOYAS,1.0,13.0,0.07692307692307693,0.0,0.0,0.00021074815595363542,0.0,0.0,7.024938531787847e-05,Subatendido,7.024938531787847e-05,0.0,0.0
010117,QUINJALCA,AMAZONAS,CHACHAPOYAS,2.0,36.0,0.05555555555555555,0.0,0.0,0.00015220700152207,0.0,0.0,5.073566717402333e-05,Subatendido,5.073566717402333e-05,0.0,0.0
010311,VALERA,AMAZONAS,BONGARA,4.0,29.0,0.13793103448275862,0.0,0.0,0.0003778932451582428,0.0,0.0,0.0001259644150527476,Subatendido,0.0001259644150527476,0.0,0.0
060611,SANTA CRUZ,CAJAMARCA,CUTERVO,7.0,63.0,0.1111111111111111,0.0,0.0,0.00030441400304414,0.0,0.0,0.00010147133434804666,Subatendido,0.00010147133434804666,0.0,0.0
060602,CALLAYUC,CAJAMARCA,CUTERVO,18.0,121.0,0.1487603305785124,20.72222222222222,0.0,0.000407562549530171,3.3402143540025436e-05,0.0,0.0001469882310233988,Subatendido,0.0001469882310233988,0.0,0.0
220508,SAN ROQUE DE CUMBAZA,SAN MARTIN,LAMAS,5.0,8.0,0.625,0.0,0.0,0.0017123287671232876,0.0,0.0,0.0005707762557077625,Acceso medio,0.0005707762557077625,0.0,0.0
010304,COROSHA,AMAZONAS,BONGARA,1.0,33.0,0.030303030303030304,0.0,0.0,8.302200083022001e-05,0.0,0.0,2.7674000276740005e-05,Subatendido,2.7674000276740005e-05,0.0,0.0
010704,EL MILAGRO,AMAZONAS,UTCUBAMBA,8.0,35.0,0.22857142857142856,371.0,0.0,0.0006262230919765167,0.0005980147843439407,0.0,0.00040807929210681914,Acceso medio,0.00040807929210681914,0.0,0.0
160505,MAQUIA,LORETO,REQUENA,10.0,66.0,0.15151515151515152,0.0,0.0,0.00041511000415110004,0.0,0.0,0.0001383700013837,Subatendido,0.0001383700013837,0.0,0.0
060803,CHONTALI,CAJAMARCA,JAEN,4.0,68.0,0.058823529411764705,246.25,0.0,0.00016116035455278002,0.0003969302982336803,0.0,0.00018603021759548677,Acceso medio,0.00018603021759548677,0.0,0.0
060809,SALLIQUE,CAJAMARCA,JAEN,6.0,117.0,0.05128205128205128,117.5,0.0,0.00014049877063575695,0.00018939821337038553,0.0,0.00010996566133538084,Subatendido,0.00010996566133538084,0.0,0.0
010201,BAGUA,AMAZONAS,BAGUA,18.0,55.0,0.32727272727272727,19731.0,0.0,0.0008966376089663761,0.03180439274903044,0.0,0.010900343452665606,Acceso medio,0.010900343452665606,0.0,0.0
060407,COCHABAMBA,CAJAMARCA,CHOTA,8.0,46.0,0.17391304347826086,0.0,0.0,0.00047647409172126264,0.0,0.0,0.00015882469724042087,Acceso medio,0.00015882469724042087,0.0,0.0
010511,MARIA,AMAZONAS,LUYA,1.0,22.0,0.045454545454545456,0.0,0.0,0.00012453300124533,0.0,0.0,4.151100041511e-05,Subatendido,4.151100041511e-05,0.0,0.0
010519,SAN JUAN DE LOPECANCHA,AMAZONAS,LUYA,2.0,49.0,0.04081632653061224,0.0,0.0,0.00011182555213866368,0.0,0.0,3.727518404622123e-05,Subatendido,3.727518404622123e-05,0.0,0.0
220901,TARAPOTO,SAN MARTIN,SAN MARTIN,74.0,10.0,7.4,41540.27777777778,0.0,0.020273972602739727,0.06695876080017567,0.0,0.0290775778009718,Acceso medio,0.0290775778009718,0.0,0.0
220903,CACATACHI,SAN MARTIN,SAN MARTIN,1.0,41.0,0.024390243902439025,242.0,0.0,6.682258603407952e-05,0.00039007972455858125,0.0,0.0001523007701975536,Acceso medio,0.0001523007701975536,0.0,0.0
110304,MARCONA,ICA,NASCA,8.0,17.0,0.47058823529411764,128235.0,0.29411764705882354,0.0012892828364222402,0.2067019565238416,0.29411764705882354,0.16736962880636244,Acceso medio,0.24580100135538208,0.5294117647058824,0.07843137254901963
210214,SANTIAGO DE PUPUJA,PUNO,AZANGARO,4.0,66.0,0.06060606060606061,0.0,0.7727272727272727,0.00016604400166044003,0.0,0.7727272727272727,0.257631105576311,Mejor atendido,0.3333886813338868,1.0,0.0757575757575758
040517,TISCO,AREQUIPA,CAYLLOMA,3.0,442.0,0.006787330316742082,0.0,0.167420814479638,1.859542552532077e-05,0.0,0.167420814479638,0.05581313663505444,Acceso medio,0.2956321411599413,0.8868778280542986,0.23981900452488686
210207,JOSE DOMINGO CHOQUEHUANCA,PUNO,AZANGARO,1.0,17.0,0.058823529411764705,0.0,0.8235294117647058,0.00016116035455278002,0.0,0.8235294117647058,0.27456352403975287,Mejor atendido,0.3333870534515176,1.0,0.05882352941176472
210603,HUATASANI,PUNO,HUANCANE,1.0,50.0,0.02,0.0,0.6,5.479452054794521e-05,0.0,0.6,0.20001826484018262,Mejor atendido,0.333351598173516,1.0,0.1333333333333334
210203,ARAPA,PUNO,AZANGARO,3.0,130.0,0.023076923076923078,0.0,0.7153846153846154,6.322444678609063e-05,0.0,0.7153846153846154,0.23848261327713383,Mejor atendido,0.33335440814892875,1.0,0.09487179487179492
110401,PALPA,ICA,PALPA,13.0,52.0,0.25,30528.5,0.9807692307692307,0.0006849315068493151,0.04920887963300268,0.9807692307692307,0.3435543473030276,Mejor atendido,0.349964603713284,1.0,0.0064102564102563875
211002,ANANEA,PUNO,SAN ANTONIO DE PUTINA,3.0,159.0,0.018867924528301886,0.0,0.32075471698113206,5.1692943913155855e-05,0.0,0.32075471698113206,0.10693546997501507,Acceso medio,0.306096895551535,0.9182389937106918,0.19916142557651995
210208,MUÑANI,PUNO,AZANGARO,2.0,95.0,0.021052631578947368,0.0,0.2736842105263158,5.767844268204759e-05,0.0,0.2736842105263158,0.09124729632299929,Acceso medio,0.2912472963229993,0.8736842105263158,0.2
211001,PUTINA,PUNO,SAN ANTONIO DE PUTINA,4.0,142.0,0.028169014084507043,602.6,0.2535211267605634,7.717538105344396e-05,0.0009713307521446326,0.2535211267605634,0.08485654429792049,Acceso medio,0.28203964288946975,0.8450704225352113,0.19718309859154926
080505,LAYO,CUSCO,CANAS,1.0,127.0,0.007874015748031496,0.0,0.31496062992125984,2.1572645885017798e-05,0.0,0.31496062992125984,0.10499406752238162,Acceso medio,0.333340524215295,1.0,0.22834645669291337
211005,SINA,PUNO,SAN ANTONIO DE PUTINA,1.0,49.0,0.02040816326530612,0.0,0.22448979591836735,5.591277606933184e-05,0.0,0.22448979591836735,0.07484856956481223,Acceso medio,0.3265492498369211,0.9795918367346939,0.25170068027210885
080507,QUEHUE,CUSCO,CANAS,2.0,55.0,0.03636363636363636,0.0,0.8,9.962640099626401e-05,0.0,0.8,0.26669987546699875,Mejor atendido,0.3333665421336654,1.0,0.06666666666666665
110404,SANTA CRUZ,ICA,PALPA,3.0,34.0,0.08823529411764706,0.0,0.5,0.00024174053182917003,0.0,0.5,0.16674724684394304,Acceso medio,0.3334139135106097,1.0,0.16666666666666669
080604,MARANGANI,CUSCO,CANCHIS,4.0,112.0,0.03571428571428571,0.0,0.5803571428571429,9.784735812133071e-05,0.0,0.5803571428571429,0.19348499673842143,Mejor atendido,0.303604044357469,0.9107142857142857,0.11011904761904759
211206,QUIACA,PUNO,SANDIA,3.0,50.0,0.06,0.0,0.24,0.00016438356164383562,0.0,0.24,0.08005479452054794,Acceso medio,0.3333881278538813,1.0,0.25333333333333335
110104,OCUCAJE,ICA,ICA,4.0,37.0,0.10810810810810811,0.0,0.8378378378378378,0.00029618659755646057,0.0,0.8378378378378378,0.2793780081451314,Mejor atendido,0.28838701715414045,0.8648648648648649,0.009009009009009028
210209,POTONI,PUNO,AZANGARO,2.0,222.0,0.009009009009009009,0.0,0.2747747747747748,2.468221646303838e-05,0.0,0.2747747747747748,0.09159981899707927,Acceso medio,0.330338557735818,0.990990990990991,0.23873873873873874
030303,HUAQUIRCA,APURIMAC,ANTABAMBA,5.0,119.0,0.04201680672268908,0.0,0.5966386554621849,0.00011511453896627144,0.0,0.5966386554621849,0.19891792333371705,Mejor atendido,0.33337170484632206,1.0,0.134453781512605
080707,QUIÑOTA,CUSCO,CHUMBIVILCAS,3.0,133.0,0.022556390977443608,0.0,0.8195488721804511,6.179833144505098e-05,0.0,0.8195488721804511,0.27320355683729874,Mejor atendido,0.33335393277714837,1.0,0.06015037593984962
030307,SABAINO,APURIMAC,ANTABAMBA,2.0,71.0,0.028169014084507043,0.0,0.4084507042253521,7.717538105344396e-05,0.0,0.4084507042253521,0.13617595986880185,Acceso medio,0.33335905846035113,1.0,0.19718309859154928
030713,VIRUNDO,APURIMAC,GRAU,1.0,39.0,0.02564102564102564,0.0,0.6923076923076923,7.024938531787847e-05,0.0,0.6923076923076923,0.23079264723100337,Mejor atendido,0.333356749795106,1.0,0.10256410256410262
210808,SANTA ROSA,PUNO,MELGAR,5.0,111.0,0.04504504504504504,0.0,0.6486486486486487,0.0001234110823151919,0.0,0.6486486486486487,0.2162573532436546,Mejor atendido,0.3333744703607717,1.0,0.11711711711711711
211202,CUYOCUYO,PUNO,SANDIA,4.0,86.0,0.046511627906976744,0.0,0.6395348837209303,0.00012742911755336093,0.0,0.6395348837209303,0.2132207709461612,Mejor atendido,0.33337580970585107,1.0,0.12015503875968986
080503,KUNTURKANKI,CUSCO,CANAS,1.0,140.0,0.007142857142857143,0.0,0.3357142857142857,1.9569471624266145e-05,0.0,0.3357142857142857,0.11191128506197,Acceso medio,0.33333985649054143,1.0,0.22142857142857142
080502,CHECCA,CUSCO,CANAS,2.0,165.0,0.012121212121212121,0.0,0.36363636363636365,3.3208800332088e-05,0.0,0.36363636363636365,0.12122319081223192,Acceso medio,0.33334440293344403,1.0,0.2121212121212121
080708,VELILLE,CUSCO,CHUMBIVILCAS,3.0,315.0,0.009523809523809525,0.0,0.33015873015873015,2.609262883235486e-05,0.0,0.33015873015873015,0.11006160759585416,Acceso medio,0.32276002029426687,0.9682539682539683,0.21269841269841272
210211,SAN ANTON,PUNO,AZANGARO,3.0,156.0,0.019230769230769232,0.0,0.6346153846153846,5.2687038988408854e-05,0.0,0.6346153846153846,0.211556023884791,Mejor atendido,0.33335089567966275,1.0,0.12179487179487175
030304,JUAN ESPINOZA MEDRANO,APURIMAC,ANTABAMBA,5.0,182.0,0.027472527472527472,0.0,0.4065934065934066,7.526719855486978e-05,0.0,0.4065934065934066,0.1355562245973205,Acceso medio,0.31321190225299816,0.9395604395604396,0.17765567765567766
080701,SANTO TOMAS,CUSCO,CHUMBIVILCAS,11.0,526.0,0.02091254752851711,1276.4166666666667,0.49809885931558934,5.729465076306057e-05,0.0020574556270880817,0.49809885931558934,0.16673786986448016,Acceso medio,0.30615485338792753,0.9163498098859315,0.13941698352344736
030406,COTARUSE,APURIMAC,AYMARAES,9.0,263.0,0.034220532319391636,5054.0,0.33079847908745247,9.37548830668264e-05,0.008146541024458966,0.33079847908745247,0.11301292499832609,Acceso medio,0.3183361189146759,0.9467680608365019,0.2053231939163498
030301,ANTABAMBA,APURIMAC,ANTABAMBA,4.0,211.0,0.018957345971563982,0.0,0.3981042654028436,5.193793416866845e-05,0.0,0.3981042654028436,0.13271873444567076,Acceso medio,0.30017529052781927,0.9004739336492891,0.16745655608214852
030403,CARAYBAMBA,APURIMAC,AYMARAES,2.0,47.0,0.0425531914893617,5451.5,0.2127659574468085,0.00011658408627222384,0.008787271150541759,0.2127659574468085,0.0738899375612075,Acceso medio,0.2937480935895763,0.8723404255319149,0.21985815602836883
080504,LANGUI,CUSCO,CANAS,2.0,56.0,0.03571428571428571,0.0,0.875,9.784735812133071e-05,0.0,0.875,0.2916992824527071,Mejor atendido,0.33336594911937373,1.0,0.04166666666666663
110106,PARCONA,ICA,ICA,6.0,25.0,0.24,334.75,1.0,0.0006575342465753425,0.0005395834206445664,1.0,0.33373237255573995,Mejor atendido,0.33373237255573995,1.0,0.0
110101,ICA,ICA,ICA,109.0,29.0,3.7586206896551726,66473.13793103448,0.9655172413793104,0.010297590930562118,0.10714803030860541,0.9655172413793104,0.360987620872826,Mejor atendido,0.37248187374638914,1.0,0.011494252873563149
110103,LOS AQUIJES,ICA,ICA,6.0,38.0,0.15789473684210525,0.0,1.0,0.0004325883201153569,0.0,1.0,0.33347752944003844,Mejor atendido,0.33347752944003844,1.0,0.0
110405,TIBILLO,ICA,PALPA,1.0,56.0,0.017857142857142856,0.0,0.42857142857142855,4.8923679060665357e-05,0.0,0.42857142857142855,0.14287345075016308,Acceso medio,0.3333496412263535,1.0,0.19047619047619044
080603,COMBAPATA,CUSCO,CANCHIS,2.0,85.0,0.023529411764705882,0.0,0.5411764705882353,6.446414182111201e-05,0.0,0.5411764705882353,0.1804136449100188,Mejor atendido,0.333354821380607,1.0,0.15294117647058822
081006,OMACHA,CUSCO,PARURO,4.0,93.0,0.043010752688172046,0.0,0.6559139784946236,0.00011783767859773164,0.0,0.6559139784946236,0.21867727205774046,Mejor atendido,0.3333726125595326,1.0,0.11469534050179214
030407,IHUAYLLO,APURIMAC,AYMARAES,2.0,41.0,0.04878048780487805,3130.5,0.975609756097561,0.00013364517206815904,0.005046051974093548,0.975609756097561,0.3269298177479076,Mejor atendido,0.3350598990487206,1.0,0.008130081300812997
030408,JUSTO APU SAHUARAURA,APURIMAC,AYMARAES,2.0,58.0,0.034482758620689655,3622.0,0.9137931034482759,9.44733112895607e-05,0.00583830067087265,0.9137931034482759,0.3065752924768127,Mejor atendido,0.3353109246607207,1.0,0.02873563218390801
030414,TAPAIRIHUA,APURIMAC,AYMARAES,3.0,46.0,0.06521739130434782,7056.25,0.8695652173913043,0.00017867778439547348,0.011373967175274748,0.8695652173913043,0.2937059541169915,Mejor atendido,0.3371842149865567,1.0,0.04347826086956519
090614,SANTIAGO DE QUIRAHUARA,HUANCAVELICA,HUAYTARA,1.0,66.0,0.015151515151515152,1.0,0.6818181818181818,4.1511000415110007e-05,1.6118996882586003e-06,0.6818181818181818,0.2272871015727617,Mejor atendido,0.29799417227983244,0.8939393939393939,0.07070707070707075
030714,CURASCO,APURIMAC,GRAU,2.0,29.0,0.06896551724137931,0.0,0.896551724137931,0.0001889466225791214,0.0,0.896551724137931,0.29891355692017,Mejor atendido,0.3333963155408597,1.0,0.03448275862068967
210310,USICAYOS,PUNO,CARABAYA,2.0,203.0,0.009852216748768473,0.0,0.3497536945812808,2.69923746541602e-05,0.0,0.3497536945812808,0.11659356231864498,Acceso medio,0.33170029466675666,0.9950738916256158,0.21510673234811167
110112,SUBTANJALLA,ICA,ICA,7.0,7.0,1.0,2595.1666666666665,1.0,0.0027397260273972603,0.004183148340979111,1.0,0.33564095812279215,Mejor atendido,0.33564095812279215,1.0,0.0
030708,PROGRESO,APURIMAC,GRAU,5.0,43.0,0.11627906976744186,0.0,0.9534883720930233,0.00031857279388340236,0.0,0.9534883720930233,0.31793564829563553,Mejor atendido,0.3334395242646278,1.0,0.015503875968992276
080202,ACOPIA,CUSCO,ACOMAYO,1.0,13.0,0.07692307692307693,0.0,1.0,0.00021074815595363542,0.0,1.0,0.3334035827186512,Mejor atendido,0.3334035827186512,1.0,0.0
110102,LA TINGUIÑA,ICA,ICA,3.0,42.0,0.07142857142857142,2414.75,1.0,0.00019569471624266143,0.003892334772222455,1.0,0.3346960098294884,Mejor atendido,0.3346960098294884,1.0,0.0
030701,CHUQUIBAMBILLA,APURIMAC,GRAU,8.0,132.0,0.06060606060606061,0.0,0.7196969696969697,0.00016604400166044003,0.0,0.7196969696969697,0.23995433789954337,Mejor atendido,0.3333886813338868,1.0,0.09343434343434345
090606,OCOYO,HUANCAVELICA,HUAYTARA,3.0,133.0,0.022556390977443608,0.0,0.5639097744360902,6.179833144505098e-05,0.0,0.5639097744360902,0.1879905242558451,Mejor atendido,0.33335393277714837,1.0,0.14536340852130328
210804,LLALLI,PUNO,MELGAR,1.0,95.0,0.010526315789473684,0.0,0.3157894736842105,2.8839221341023793e-05,0.0,0.3157894736842105,0.10527277096851717,Acceso medio,0.33334294640711365,1.0,0.22807017543859648
110303,EL INGENIO,ICA,NASCA,3.0,50.0,0.06,0.0,0.56,0.00016438356164383562,0.0,0.56,0.18672146118721464,Mejor atendido,0.3333881278538813,1.0,0.14666666666666664
210212,SAN JOSE,PUNO,AZANGARO,2.0,108.0,0.018518518518518517,0.0,0.3148148148148148,5.073566717402334e-05,0.0,0.3148148148148148,0.10495518349399628,Acceso medio,0.3333502452223913,1.0,0.22839506172839502
080803,COPORAQUE,CUSCO,ESPINAR,3.0,516.0,0.005813953488372093,0.0,0.20930232558139536,1.5928639694170116e-05,0.0,0.20930232558139536,0.06977275140702983,Acceso medio,0.30556086510212027,0.9166666666666666,0.23578811369509045
110402,LLIPATA,ICA,PALPA,1.0,21.0,0.047619047619047616,0.0,0.9523809523809523,0.0001304631441617743,0.0,0.9523809523809523,0.317503805175038,Mejor atendido,0.33337682104805394,1.0,0.015873015873015928
211208,YANAHUAYA,PUNO,SANDIA,1.0,34.0,0.029411764705882353,0.0,0.47058823529411764,8.058017727639001e-05,0.0,0.47058823529411764,0.15688960515713135,Acceso medio,0.31375235025517056,0.9411764705882353,0.1568627450980392
030305,OROPESA,APURIMAC,ANTABAMBA,5.0,226.0,0.022123893805309734,0.0,0.4690265486725664,6.061340768578009e-05,0.0,0.4690265486725664,0.15636238736008404,Acceso medio,0.3333535378025619,1.0,0.17699115044247785
110403,RIO GRANDE,ICA,PALPA,4.0,45.0,0.08888888888888889,0.0,0.6888888888888889,0.00024353120243531204,0.0,0.6888888888888889,0.22971080669710808,Mejor atendido,0.33341451040081177,1.0,0.10370370370370369
030401,CHALHUANCA,APURIMAC,AYMARAES,4.0,74.0,0.05405405405405406,10963.6,0.6216216216216216,0.00014809329877823029,0.01767222342219199,0.6216216216216216,0.21314731278086393,Mejor atendido,0.3392734389069901,1.0,0.12612612612612614
210306,CRUCERO,PUNO,CARABAYA,3.0,452.0,0.00663716814159292,0.0,0.34513274336283184,1.818402230573403e-05,0.0,0.34513274336283184,0.1150503091283792,Acceso medio,0.3333393946741019,1.0,0.21828908554572268
080501,YANAOCA,CUSCO,CANAS,3.0,114.0,0.02631578947368421,0.0,0.6929824561403509,7.209805335255947e-05,0.0,0.6929824561403509,0.23101818473123448,Mejor atendido,0.3333573660177842,1.0,0.10233918128654973
030705,MAMARA,APURIMAC,GRAU,1.0,17.0,0.058823529411764705,0.0,0.8235294117647058,0.00016116035455278002,0.0,0.8235294117647058,0.27456352403975287,Mejor atendido,0.3333870534515176,1.0,0.05882352941176472
210802,ANTAUTA,PUNO,MELGAR,3.0,250.0,0.012,0.0,0.292,3.287671232876713e-05,0.0,0.292,0.09734429223744291,Acceso medio,0.3040109589041096,0.912,0.20666666666666672
080601,SICUANI,CUSCO,CANCHIS,24.0,437.0,0.05491990846681922,8636.0,0.41189931350114417,0.00015046550264881977,0.013920365707801273,0.41189931350114417,0.1419900482371981,Acceso medio,0.2647970657810577,0.7803203661327232,0.12280701754385961
030711,TURPAY,APURIMAC,GRAU,1.0,23.0,0.043478260869565216,0.0,1.0,0.00011911852293031566,0.0,1.0,0.33337303950764346,Mejor atendido,0.33337303950764346,1.0,0.0
080703,CHAMACA,CUSCO,CHUMBIVILCAS,5.0,197.0,0.025380710659898477,0.0,0.583756345177665,6.953619358876295e-05,0.0,0.583756345177665,0.19460862712375124,Mejor atendido,0.3333565120645296,1.0,0.13874788494077836
030709,SAN ANTONIO,APURIMAC,GRAU,1.0,18.0,0.05555555555555555,0.0,1.0,0.00015220700152207,0.0,1.0,0.3333840690005074,Mejor atendido,0.3333840690005074,1.0,0.0
080506,PAMPAMARCA,CUSCO,CANAS,1.0,14.0,0.07142857142857142,0.0,1.0,0.00019569471624266143,0.0,1.0,0.33339856490541425,Mejor atendido,0.33339856490541425,1.0,0.0
080205,POMACANCHI,CUSCO,ACOMAYO,3.0,131.0,0.022900763358778626,0.0,0.7786259541984732,6.27418174213113e-05,0.0,0.7786259541984732,0.25956289867196486,Mejor atendido,0.33335424727247376,1.0,0.0737913486005089
090603,CORDOVA,HUANCAVELICA,HUAYTARA,3.0,87.0,0.034482758620689655,0.0,0.5747126436781609,9.44733112895607e-05,0.0,0.5747126436781609,0.1916023723298168,Mejor atendido,0.33336482443709653,1.0,0.14176245210727972
080702,CAPACMARCA,CUSCO,CHUMBIVILCAS,2.0,87.0,0.022988505747126436,0.0,0.6551724137931034,6.29822075263738e-05,0.0,0.6551724137931034,0.21841179866687657,Mejor atendido,0.3333543274025088,1.0,0.11494252873563224
030416,TORAYA,APURIMAC,AYMARAES,4.0,32.0,0.125,4260.75,0.96875,0.00034246575342465754,0.006867901596747831,0.96875,0.3253201224500575,Mejor atendido,0.33573678911672417,1.0,0.010416666666666685
110110,SAN JUAN BAUTISTA,ICA,ICA,3.0,47.0,0.06382978723404255,0.0,1.0,0.00017487612940833574,0.0,1.0,0.33339162537646944,Mejor atendido,0.33339162537646944,1.0,0.0
211205,PHARA,PUNO,SANDIA,3.0,94.0,0.031914893617021274,0.0,0.2765957446808511,8.743806470416787e-05,0.0,0.2765957446808511,0.09222772758185176,Acceso medio,0.3262702807733411,0.9787234042553191,0.2340425531914893
030206,HUAYANA,APURIMAC,ANDAHUAYLAS,2.0,43.0,0.046511627906976744,0.0,0.9534883720930233,0.00012742911755336093,0.0,0.9534883720930233,0.3178719337368589,Mejor atendido,0.33337580970585107,1.0,0.015503875968992165
090612,SAN ISIDRO,HUANCAVELICA,HUAYTARA,1.0,53.0,0.018867924528301886,0.0,0.660377358490566,5.1692943913155855e-05,0.0,0.660377358490566,0.2201430171448264,Mejor atendido,0.3333505643146377,1.0,0.11320754716981132
030214,SAN MIGUEL DE CHACCRAMPA,APURIMAC,ANDAHUAYLAS,4.0,41.0,0.0975609756097561,0.0,1.0,0.00026729034413631807,0.0,1.0,0.3334224301147121,Mejor atendido,0.3334224301147121,1.0,0.0
030404,CHAPIMARCA,APURIMAC,AYMARAES,4.0,88.0,0.045454545454545456,10399.4,0.9318181818181818,0.00012453300124533,0.016762789618076486,0.9318181818181818,0.3162351681458345,Mejor atendido,0.3389624408731073,1.0,0.022727272727272763
110114,YAUCA DEL ROSARIO,ICA,ICA,4.0,58.0,0.06896551724137931,0.0,0.46551724137931033,0.0001889466225791214,0.0,0.46551724137931033,0.15523539600062983,Acceso medio,0.3333963155408597,1.0,0.17816091954022986
090608,QUERCO,HUANCAVELICA,HUAYTARA,1.0,146.0,0.00684931506849315,0.0,0.136986301369863,1.8765246762994933e-05,0.0,0.136986301369863,0.045668355538875334,Acceso medio,0.13470945142928628,0.4041095890410959,0.08904109589041095
030703,GAMARRA,APURIMAC,GRAU,10.0,73.0,0.136986301369863,0.0,1.0,0.00037530493525989863,0.0,1.0,0.33345843497842,Mejor atendido,0.33345843497842,1.0,0.0
030212,SAN ANTONIO DE CACHI,APURIMAC,ANDAHUAYLAS,4.0,55.0,0.07272727272727272,0.0,1.0,0.00019925280199252802,0.0,1.0,0.3333997509339975,Mejor atendido,0.3333997509339975,1.0,0.0
210305,CORANI,PUNO,CARABAYA,5.0,227.0,0.022026431718061675,0.0,0.4669603524229075,6.034638826866212e-05,0.0,0.4669603524229075,0.15567356627039206,Acceso medio,0.3142638746404361,0.9427312775330396,0.15859030837004404
080605,PITUMARCA,CUSCO,CANCHIS,2.0,295.0,0.006779661016949152,0.0,0.11864406779661017,1.857441374506617e-05,0.0,0.11864406779661017,0.03955421407011841,Acceso medio,0.2079157959910224,0.6237288135593221,0.16836158192090397
030218,TURPO,APURIMAC,ANDAHUAYLAS,8.0,52.0,0.15384615384615385,0.0,0.9423076923076923,0.00042149631190727084,0.0,0.9423076923076923,0.31424306287319986,Mejor atendido,0.33347383210396914,1.0,0.019230769230769273
110506,SAN ANDRES,ICA,PISCO,4.0,35.0,0.11428571428571428,0.0,0.8,0.0003131115459882583,0.0,0.8,0.2667710371819961,Mejor atendido,0.3334377038486627,1.0,0.06666666666666665
030501,TAMBOBAMBA,APURIMAC,COTABAMBAS,15.0,154.0,0.09740259740259741,136252.0,0.961038961038961,0.0002668564312399929,0.2196245563246108,0.961038961038961,0.39364345793160394,Mejor atendido,0.406630470918617,1.0,0.012987012987013047
081212,QUIQUIJANA,CUSCO,QUISPICANCHI,2.0,165.0,0.012121212121212121,0.0,0.23030303030303031,3.3208800332088e-05,0.0,0.23030303030303031,0.07677874636778746,Acceso medio,0.33334440293344403,1.0,0.25656565656565655
080206,RONDOCAN,CUSCO,ACOMAYO,1.0,99.0,0.010101010101010102,0.0,0.41414141414141414,2.7674000276740005e-05,0.0,0.41414141414141414,0.13805636271389696,Acceso medio,0.3333425580000922,1.0,0.19528619528619526
030205,HUANCARAY,APURIMAC,ANDAHUAYLAS,4.0,85.0,0.047058823529411764,0.0,0.9647058823529412,0.00012892828364222402,0.0,0.9647058823529412,0.3216116035455278,Mejor atendido,0.33337630942788077,1.0,0.011764705882352955
081007,PACCARITAMBO,CUSCO,PARURO,1.0,65.0,0.015384615384615385,0.0,0.6615384615384615,4.2149631190727085e-05,0.0,0.6615384615384615,0.22052687038988408,Mejor atendido,0.33334738321039686,1.0,0.11282051282051278
110508,TUPAC AMARU INCA,ICA,PISCO,5.0,16.0,0.3125,0.0,1.0,0.0008561643835616438,0.0,1.0,0.3336187214611872,Mejor atendido,0.3336187214611872,1.0,0.0
030106,LAMBRAMA,APURIMAC,ABANCAY,7.0,107.0,0.06542056074766354,0.0,0.794392523364486,0.00017923441300729737,0.0,0.794392523364486,0.26485725259249776,Mejor atendido,0.3333930781376691,1.0,0.06853582554517135
110501,PISCO,ICA,PISCO,32.0,23.0,1.391304347826087,105270.66666666667,1.0,0.003811792733770101,0.16968575478277503,1.0,0.3911658491721817,Mejor atendido,0.3911658491721817,1.0,0.0
080207,SANGARARA,CUSCO,ACOMAYO,2.0,29.0,0.06896551724137931,0.0,0.896551724137931,0.0001889466225791214,0.0,0.896551724137931,0.29891355692017,Mejor atendido,0.3333963155408597,1.0,0.03448275862068967
030405,COLCABAMBA,APURIMAC,AYMARAES,1.0,41.0,0.024390243902439025,5926.0,0.6097560975609756,6.682258603407952e-05,0.009552117552620466,0.6097560975609756,0.2064583458998767,Mejor atendido,0.3365396467128849,1.0,0.1300813008130082
081008,PILLPINTO,CUSCO,PARURO,1.0,21.0,0.047619047619047616,0.0,0.8571428571428571,0.0001304631441617743,0.0,0.8571428571428571,0.28575777342900627,Mejor atendido,0.33337682104805394,1.0,0.04761904761904767
210301,MACUSANI,PUNO,CARABAYA,6.0,255.0,0.023529411764705882,14291.0,0.2549019607843137,6.446414182111201e-05,0.023035658444903656,0.2549019607843137,0.0926673611236795,Acceso medio,0.33972618465309123,0.996078431372549,0.24705882352941172
081002,ACCHA,CUSCO,PARURO,1.0,83.0,0.012048192771084338,0.0,0.5662650602409639,3.300874731803928e-05,0.0,0.5662650602409639,0.188766022996094,Mejor atendido,0.333344336249106,1.0,0.144578313253012
030505,MARA,APURIMAC,COTABAMBAS,5.0,72.0,0.06944444444444445,0.0,0.9583333333333334,0.00019025875190258754,0.0,0.9583333333333334,0.31950786402841197,Mejor atendido,0.3333967529173008,1.0,0.01388888888888884
030704,HUAYLLATI,APURIMAC,GRAU,5.0,23.0,0.21739130434782608,0.0,1.0,0.0005955926146515783,0.0,1.0,0.33353186420488384,Mejor atendido,0.33353186420488384,1.0,0.0
030102,CHACOCHE,APURIMAC,ABANCAY,3.0,16.0,0.1875,0.0,0.75,0.0005136986301369863,0.0,0.75,0.25017123287671234,Mejor atendido,0.3335045662100457,1.0,0.08333333333333337
030702,CURPAHUASI,APURIMAC,GRAU,4.0,40.0,0.1,0.0,0.85,0.00027397260273972606,0.0,0.85,0.28342465753424656,Mejor atendido,0.33342465753424655,1.0,0.04999999999999999
080203,ACOS,CUSCO,ACOMAYO,1.0,70.0,0.014285714285714285,0.0,0.6,3.913894324853229e-05,0.0,0.6,0.2000130463144162,Mejor atendido,0.33334637964774955,1.0,0.13333333333333336
080602,CHECACUPE,CUSCO,CANCHIS,1.0,186.0,0.005376344086021506,0.0,0.26344086021505375,1.4729709824716455e-05,0.0,0.26344086021505375,0.08781852997495948,Acceso medio,0.23118770560219967,0.6935483870967742,0.1433691756272402
030217,TUMAY HUARACA,APURIMAC,ANDAHUAYLAS,3.0,115.0,0.02608695652173913,0.0,0.5826086956521739,7.14711137581894e-05,0.0,0.5826086956521739,0.19422672225531068,Mejor atendido,0.3333571570379194,1.0,0.13913043478260873
211209,ALTO INAMBARI,PUNO,SANDIA,6.0,85.0,0.07058823529411765,0.0,0.7294117647058823,0.00019339242546333602,0.0,0.7294117647058823,0.24320171904378188,Mejor atendido,0.33339779747515447,1.0,0.09019607843137259
030203,CHIARA,APURIMAC,ANDAHUAYLAS,3.0,40.0,0.075,0.0,0.925,0.0002054794520547945,0.0,0.925,0.3084018264840183,Mejor atendido,0.3334018264840182,1.0,0.02499999999999991
080201,ACOMAYO,CUSCO,ACOMAYO,2.0,130.0,0.015384615384615385,0.0,0.6230769230769231,4.2149631190727085e-05,0.0,0.6230769230769231,0.20770635756937128,Mejor atendido,0.33334738321039686,1.0,0.12564102564102558
030411,SAN JUAN DE CHACÑA,APURIMAC,AYMARAES,1.0,48.0,0.020833333333333332,8451.0,0.9791666666666666,5.7077625570776254e-05,0.01362216426547343,0.9791666666666666,0.3309486361859036,Mejor atendido,0.3378930806303481,1.0,0.006944444444444531
030409,LUCRE,APURIMAC,AYMARAES,4.0,71.0,0.056338028169014086,5333.4,0.971830985915493,0.00015435076210688792,0.008596905797358419,0.971830985915493,0.3268607474916528,Mejor atendido,0.33625041885315515,1.0,0.009389671361502372
090605,LARAMARCA,HUANCAVELICA,HUAYTARA,2.0,71.0,0.028169014084507043,0.0,0.4507042253521127,7.717538105344396e-05,0.0,0.4507042253521127,0.15026046691105538,Acceso medio,0.33335905846035113,1.0,0.18309859154929575
110108,SALAS,ICA,ICA,6.0,229.0,0.026200873362445413,3102.0,0.4192139737991266,7.178321469163127e-05,0.005000112832978178,0.4192139737991266,0.1414286232822655,Acceso medio,0.33211275719784045,0.9912663755458515,0.19068413391557495
081004,COLCHA,CUSCO,PARURO,2.0,26.0,0.07692307692307693,0.0,0.7307692307692307,0.00021074815595363542,0.0,0.7307692307692307,0.24365999297506147,Mejor atendido,0.3334035827186512,1.0,0.08974358974358976
081206,CUSIPATA,CUSCO,QUISPICANCHI,2.0,85.0,0.023529411764705882,0.0,0.7647058823529411,6.446414182111201e-05,0.0,0.7647058823529411,0.2549234488315874,Mejor atendido,0.333354821380607,1.0,0.0784313725490196
030415,TINTAY,APURIMAC,AYMARAES,4.0,84.0,0.047619047619047616,7731.333333333333,1.0,0.0001304631441617743,0.012462133789823325,1.0,0.33753086564466167,Mejor atendido,0.33753086564466167,1.0,0.0
030103,CIRCA,APURIMAC,ABANCAY,4.0,132.0,0.030303030303030304,0.0,0.6439393939393939,8.302200083022001e-05,0.0,0.6439393939393939,0.21467413864674137,Mejor atendido,0.3333610073336101,1.0,0.11868686868686876
030503,COYLLURQUI,APURIMAC,COTABAMBAS,8.0,91.0,0.08791208791208792,0.0,0.9120879120879121,0.00024085503537558335,0.0,0.9120879120879121,0.3041095890410959,Mejor atendido,0.33341361834512523,1.0,0.02930402930402931
081003,CCAPI,CUSCO,PARURO,2.0,89.0,0.02247191011235955,0.0,0.550561797752809,6.156687702016316e-05,0.0,0.550561797752809,0.1835411215432764,Mejor atendido,0.3333538556256734,1.0,0.14981273408239698
110505,PARACAS,ICA,PISCO,6.0,27.0,0.2222222222222222,0.0,0.6666666666666666,0.00060882800608828,0.0,0.6666666666666666,0.22242516489091832,Mejor atendido,0.3211905969896837,0.9629629629629629,0.0987654320987654
090611,SAN FRANCISCO DE SANGAYAICO,HUANCAVELICA,HUAYTARA,3.0,33.0,0.09090909090909091,0.0,0.696969696969697,0.00024906600249066,0.0,0.696969696969697,0.23240625432406256,Mejor atendido,0.3334163553341636,1.0,0.10101010101010102
110109,SAN JOSE DE LOS MOLINOS,ICA,ICA,4.0,48.0,0.08333333333333333,0.0,0.8125,0.00022831050228310502,0.0,0.8125,0.27090943683409435,Mejor atendido,0.33340943683409435,1.0,0.0625
081207,HUARO,CUSCO,QUISPICANCHI,3.0,54.0,0.05555555555555555,7.5,0.5555555555555556,0.00015220700152207,1.2089247661939502e-05,0.5555555555555556,0.18523995060157986,Mejor atendido,0.33338809874972797,1.0,0.1481481481481481
030107,PICHIRHUA,APURIMAC,ABANCAY,9.0,120.0,0.075,0.0,0.9833333333333333,0.0002054794520547945,0.0,0.9833333333333333,0.3278462709284627,Mejor atendido,0.3334018264840182,1.0,0.005555555555555536
030502,COTABAMBAS,APURIMAC,COTABAMBAS,4.0,122.0,0.03278688524590164,0.0,0.8442622950819673,8.982708286548394e-05,0.0,0.8442622950819673,0.2814507073882776,Mejor atendido,0.33336327569428853,1.0,0.05191256830601093
210112,PLATERIA,PUNO,PUNO,7.0,131.0,0.05343511450381679,0.0,0.916030534351145,0.00014639757398305972,0.0,0.916030534351145,0.30539231064170935,Mejor atendido,0.33338213252466103,1.0,0.027989821882951682
081208,LUCRE,CUSCO,QUISPICANCHI,1.0,58.0,0.017241379310344827,0.0,0.5344827586206896,4.723665564478035e-05,0.0,0.5344827586206896,0.17817666509211147,Mejor atendido,0.3333490788852149,1.0,0.15517241379310345
030603,COCHARCAS,APURIMAC,CHINCHEROS,3.0,33.0,0.09090909090909091,0.0,1.0,0.00024906600249066,0.0,1.0,0.3334163553341636,Mejor atendido,0.3334163553341636,1.0,0.0
030101,ABANCAY,APURIMAC,ABANCAY,81.0,107.0,0.7570093457943925,92788.5,0.9532710280373832,0.00207399820765587,0.14956575422398313,0.9532710280373832,0.36830359348967406,Mejor atendido,0.383879917477213,1.0,0.015576323987538943
030109,TAMBURCO,APURIMAC,ABANCAY,3.0,47.0,0.06382978723404255,0.0,0.9361702127659575,0.00017487612940833574,0.0,0.9361702127659575,0.3121150296317886,Mejor atendido,0.33339162537646944,1.0,0.021276595744680826
030209,PACUCHA,APURIMAC,ANDAHUAYLAS,6.0,82.0,0.07317073170731707,0.0,1.0,0.00020046775810223855,0.0,1.0,0.3334001559193674,Mejor atendido,0.3334001559193674,1.0,0.0
080102,CCORCA,CUSCO,CUSCO,1.0,55.0,0.01818181818181818,0.0,0.6181818181818182,4.9813200498132005e-05,0.0,0.6181818181818182,0.2060772104607721,Mejor atendido,0.3333499377334994,1.0,0.12727272727272732
090117,YAULI,HUANCAVELICA,HUANCAVELICA,24.0,151.0,0.15894039735099338,1391.56,0.9536423841059603,0.0004354531434273791,0.002243055130193138,0.9536423841059603,0.3187736307931936,Mejor atendido,0.33422616942454014,1.0,0.015452538631346546
090208,ROSARIO,HUANCAVELICA,ACOBAMBA,10.0,90.0,0.1111111111111111,55.2,1.0,0.00030441400304414,8.897686279187474e-05,1.0,0.3334644636219453,Mejor atendido,0.3334644636219453,1.0,0.0
151012,HONGOS,LIMA,YAUYOS,1.0,18.0,0.05555555555555555,0.0,0.0,0.00015220700152207,0.0,0.0,5.073566717402333e-05,Subatendido,5.073566717402333e-05,0.0,0.0
150502,ASIA,LIMA,CAÑETE,4.0,68.0,0.058823529411764705,0.0,0.0,0.00016116035455278002,0.0,0.0,5.372011818426001e-05,Subatendido,5.372011818426001e-05,0.0,0.0
151008,CATAHUASI,LIMA,YAUYOS,1.0,27.0,0.037037037037037035,0.0,0.0,0.00010147133434804668,0.0,0.0,3.382377811601556e-05,Subatendido,3.382377811601556e-05,0.0,0.0
151006,CACRA,LIMA,YAUYOS,2.0,46.0,0.043478260869565216,0.0,0.0,0.00011911852293031566,0.0,0.0,3.970617431010522e-05,Subatendido,3.970617431010522e-05,0.0,0.0
080905,OCOBAMBA,CUSCO,LA CONVENCION,3.0,89.0,0.033707865168539325,0.0,0.5056179775280899,9.235031553024472e-05,0.0,0.5056179775280899,0.16857010928120672,Mejor atendido,0.32587348006772354,0.9775280898876404,0.15730337078651682
151023,PUTINZA,LIMA,YAUYOS,1.0,15.0,0.06666666666666667,1506.0,0.0,0.00018264840182648402,0.002427520930517452,0.0,0.0008700564441146454,Acceso medio,0.0008700564441146454,0.0,0.0
090206,PAUCARA,HUANCAVELICA,ACOBAMBA,11.0,121.0,0.09090909090909091,6280.3,1.0,0.00024906600249066,0.010123213612170487,1.0,0.33679075987155377,Mejor atendido,0.33679075987155377,1.0,0.0
090114,PALCA,HUANCAVELICA,HUANCAVELICA,5.0,58.0,0.08620689655172414,33.4,0.8620689655172413,0.00023618327822390176,5.383744958783725e-05,0.8620689655172413,0.2874529954150177,Mejor atendido,0.3334300069092706,1.0,0.04597701149425293
170102,INAMBARI,MADRE DE DIOS,TAMBOPATA,13.0,36.0,0.3611111111111111,0.0,0.1388888888888889,0.0009893455098934551,0.0,0.1388888888888889,0.046626078132927455,Acceso medio,0.13921867072552005,0.4166666666666667,0.09259259259259259
090202,ANDABAMBA,HUANCAVELICA,ACOBAMBA,4.0,55.0,0.07272727272727272,1.25,1.0,0.00019925280199252802,2.01487461032325e-06,1.0,0.3334004225588676,Mejor atendido,0.3334004225588676,1.0,0.0
090102,ACOBAMBILLA,HUANCAVELICA,HUANCAVELICA,6.0,116.0,0.05172413793103448,11.166666666666666,0.6293103448275862,0.00014170996693434103,1.7999546518887703e-05,0.6293103448275862,0.20982335144701314,Mejor atendido,0.32476588018264535,0.9741379310344828,0.11494252873563221
150509,MALA,LIMA,CAÑETE,11.0,54.0,0.2037037037037037,61339.0,0.0,0.0005580923389142567,0.09887231497809429,0.0,0.03314346910566952,Acceso medio,0.03314346910566952,0.0,0.0
151031,TUPE,LIMA,YAUYOS,1.0,39.0,0.02564102564102564,0.0,0.0,7.024938531787847e-05,0.0,0.0,2.3416461772626156e-05,Subatendido,2.3416461772626156e-05,0.0,0.0
150513,SAN ANTONIO,LIMA,CAÑETE,1.0,32.0,0.03125,0.0,0.0,8.561643835616438e-05,0.0,0.0,2.8538812785388127e-05,Subatendido,2.8538812785388127e-05,0.0,0.0
150113,JESUS MARIA,LIMA,LIMA,275.0,1.0,275.0,92559.05263157895,0.0,0.7534246575342466,0.14919590808235347,0.0,0.3008735218722,Mejor atendido,0.3008735218722,0.0,0.0
090304,CCOCHACCASA,HUANCAVELICA,ANGARAES,5.0,63.0,0.07936507936507936,63.75,0.746031746031746,0.00021743857360295715,0.00010275860512648577,0.746031746031746,0.2487839810701585,Mejor atendido,0.33344006572624313,1.0,0.08465608465608462
151020,MADEAN,LIMA,YAUYOS,1.0,105.0,0.009523809523809525,0.0,0.0,2.609262883235486e-05,0.0,0.0,8.697542944118287e-06,Subatendido,8.697542944118287e-06,0.0,0.0
080904,MARANURA,CUSCO,LA CONVENCION,3.0,66.0,0.045454545454545456,0.0,0.9242424242424242,0.00012453300124533,0.0,0.9242424242424242,0.3081223190812232,Mejor atendido,0.3333748443337485,1.0,0.025252525252525304
090403,AURAHUA,HUANCAVELICA,CASTROVIRREYNA,2.0,181.0,0.011049723756906077,0.0,0.3314917127071823,3.0273215772345415e-05,0.0,0.3314917127071823,0.11050732864098489,Acceso medio,0.26336184061151896,0.7900552486187845,0.15285451197053407
090303,CALLANMARCA,HUANCAVELICA,ANGARAES,1.0,16.0,0.0625,591.0,1.0,0.00017123287671232877,0.0009526327157608328,1.0,0.3337079551974911,Mejor atendido,0.3337079551974911,1.0,0.0
151032,VIÑAC,LIMA,YAUYOS,2.0,97.0,0.020618556701030927,0.0,0.0,5.6489196441180624e-05,0.0,0.0,1.8829732147060208e-05,Subatendido,1.8829732147060208e-05,0.0,0.0
151009,CHOCOS,LIMA,YAUYOS,1.0,57.0,0.017543859649122806,0.0,0.0,4.8065368901706317e-05,0.0,0.0,1.6021789633902107e-05,Subatendido,1.6021789633902107e-05,0.0,0.0
150609,SAN MIGUEL DE ACOS,LIMA,HUARAL,2.0,12.0,0.16666666666666666,0.0,0.0,0.00045662100456621003,0.0,0.0,0.00015220700152207,Acceso medio,0.00015220700152207,0.0,0.0
150601,HUARAL,LIMA,HUARAL,38.0,107.0,0.35514018691588783,32887.1,0.0,0.0009729868134681858,0.05301070623772941,0.0,0.017994564350399197,Acceso medio,0.017994564350399197,0.0,0.0
120804,MARCAPOMACOCHA,JUNIN,YAULI,3.0,184.0,0.016304347826086956,10.0,0.4076086956521739,4.466944609886837e-05,1.6118996882586e-05,0.4076086956521739,0.13588982803171845,Acceso medio,0.29349852368389234,0.8804347826086957,0.1576086956521739
080105,SAN SEBASTIAN,CUSCO,CUSCO,28.0,48.0,0.5833333333333334,2851.714285714286,0.9166666666666666,0.0015981735159817352,0.004596677368145455,0.9166666666666666,0.3076205058502646,Mejor atendido,0.3353982836280424,1.0,0.02777777777777779
081211,OROPESA,CUSCO,QUISPICANCHI,1.0,48.0,0.020833333333333332,0.0,0.9791666666666666,5.7077625570776254e-05,0.0,0.9791666666666666,0.3264079147640791,Mejor atendido,0.33335235920852363,1.0,0.006944444444444531
151029,TAURIPAMPA,LIMA,YAUYOS,1.0,56.0,0.017857142857142856,0.0,0.0,4.8923679060665357e-05,0.0,0.0,1.6307893020221784e-05,Subatendido,1.6307893020221784e-05,0.0,0.0
090110,MANTA,HUANCAVELICA,HUANCAVELICA,3.0,92.0,0.03260869565217391,11.0,0.8369565217391305,8.933889219773674e-05,1.7730896570844603e-05,0.8369565217391305,0.27902119717596635,Mejor atendido,0.3333690232629229,1.0,0.05434782608695654
090109,LARIA,HUANCAVELICA,HUANCAVELICA,2.0,52.0,0.038461538461538464,0.0,1.0,0.00010537407797681771,0.0,1.0,0.3333684580259923,Mejor atendido,0.3333684580259923,1.0,0.0
080408,YANATILE,CUSCO,CALCA,11.0,206.0,0.05339805825242718,0.0,0.5048543689320388,0.0001462960500066498,0.0,0.5048543689320388,0.16833355499401514,Acceso medio,0.33338209868333557,1.0,0.16504854368932043
090119,HUANDO,HUANCAVELICA,HUANCAVELICA,7.0,81.0,0.08641975308641975,35.333333333333336,0.9135802469135802,0.0002367664468121089,5.6953788985137215e-05,0.9135802469135802,0.30462465571645914,Mejor atendido,0.3334312400785991,1.0,0.028806584362139953
120204,CHAMBARA,JUNIN,CONCEPCION,4.0,22.0,0.18181818181818182,0.0,0.7727272727272727,0.00049813200498132,0.0,0.7727272727272727,0.257741801577418,Mejor atendido,0.33349937733499374,1.0,0.07575757575757575
120132,SAÑO,JUNIN,HUANCAYO,1.0,12.0,0.08333333333333333,0.0,1.0,0.00022831050228310502,0.0,1.0,0.33340943683409435,Mejor atendido,0.33340943683409435,1.0,0.0
150730,SANTIAGO DE TUNA,LIMA,HUAROCHIRI,1.0,12.0,0.08333333333333333,0.0,0.0,0.00022831050228310502,0.0,0.0,7.6103500761035e-05,Subatendido,7.6103500761035e-05,0.0,0.0
150715,SAN ANDRES DE TUPICOCHA,LIMA,HUAROCHIRI,1.0,44.0,0.022727272727272728,0.0,0.0,6.2266500622665e-05,0.0,0.0,2.0755500207555e-05,Subatendido,2.0755500207555e-05,0.0,0.0
120202,ACO,JUNIN,CONCEPCION,3.0,6.0,0.5,0.0,1.0,0.0013698630136986301,0.0,1.0,0.33378995433789954,Mejor atendido,0.33378995433789954,1.0,0.0
150721,SAN LORENZO DE QUINTI,LIMA,HUAROCHIRI,2.0,180.0,0.011111111111111112,0.0,0.0,3.0441400304414005e-05,0.0,0.0,1.0147133434804668e-05,Subatendido,1.0147133434804668e-05,0.0,0.0
151003,ALLAUCA,LIMA,YAUYOS,2.0,53.0,0.03773584905660377,1026.0,0.0,0.00010338588782631171,0.0016538090801533239,0.0,0.0005857316559932118,Acceso medio,0.0005857316559932118,0.0,0.0
150124,PUCUSANA,LIMA,LIMA,3.0,13.0,0.23076923076923078,95.0,0.0,0.0006322444678609063,0.00015313047038456704,0.0,0.0002617916460818244,Acceso medio,0.0002617916460818244,0.0,0.0
150138,SANTA MARIA DEL MAR,LIMA,LIMA,2.0,2.0,1.0,0.0,0.0,0.0027397260273972603,0.0,0.0,0.0009132420091324201,Acceso medio,0.0009132420091324201,0.0,0.0
090116,VILCA,HUANCAVELICA,HUANCAVELICA,4.0,74.0,0.05405405405405406,2.25,0.8378378378378378,0.00014809329877823029,3.6267742985818505e-06,0.8378378378378378,0.2793298526369716,Mejor atendido,0.3333839066910256,1.0,0.054054054054054
090105,CUENCA,HUANCAVELICA,HUANCAVELICA,3.0,75.0,0.04,0.0,1.0,0.00010958904109589041,0.0,1.0,0.3333698630136986,Mejor atendido,0.3333698630136986,1.0,0.0
080107,SAYLLA,CUSCO,CUSCO,1.0,20.0,0.05,0.0,1.0,0.00013698630136986303,0.0,1.0,0.33337899543378996,Mejor atendido,0.33337899543378996,1.0,0.0
030608,RANRACANCHA,APURIMAC,CHINCHEROS,6.0,31.0,0.1935483870967742,0.0,0.967741935483871,0.0005302695536897922,0.0,0.967741935483871,0.32275740167918693,Mejor atendido,0.33351008985122993,1.0,0.010752688172043001
030216,TALAVERA,APURIMAC,ANDAHUAYLAS,8.0,112.0,0.07142857142857142,0.0,0.9375,0.00019569471624266143,0.0,0.9375,0.3125652315720809,Mejor atendido,0.33339856490541425,1.0,0.02083333333333337
120111,CHUPURO,JUNIN,HUANCAYO,3.0,17.0,0.17647058823529413,0.6666666666666666,1.0,0.00048348106365834006,1.0745997921724002e-06,1.0,0.33349485188781686,Mejor atendido,0.33349485188781686,1.0,0.0
150108,CHORRILLOS,LIMA,LIMA,142.0,3.0,47.333333333333336,19599.0,0.0,0.12968036529680366,0.031591621990180306,0.0,0.053757329095661326,Acceso medio,0.053757329095661326,0.0,0.0
120136,VIQUES,JUNIN,HUANCAYO,1.0,4.0,0.25,0.0,1.0,0.0006849315068493151,0.0,1.0,0.33356164383561643,Mejor atendido,0.33356164383561643,1.0,0.0
150726,SANGALLAYA,LIMA,HUAROCHIRI,4.0,48.0,0.08333333333333333,0.0,0.0,0.00022831050228310502,0.0,0.0,7.6103500761035e-05,Subatendido,7.6103500761035e-05,0.0,0.0
150104,BARRANCO,LIMA,LIMA,30.0,1.0,30.0,0.0,0.0,0.0821917808219178,0.0,0.0,0.0273972602739726,Acceso medio,0.0273972602739726,0.0,0.0
150731,SANTO DOMINGO DE LOS OLLEROS,LIMA,HUAROCHIRI,5.0,59.0,0.0847457627118644,0.0,0.0,0.00023218017181332712,0.0,0.0,7.739339060444237e-05,Subatendido,7.739339060444237e-05,0.0,0.0
150143,VILLA MARIA DEL TRIUNFO,LIMA,LIMA,189.0,6.0,31.5,133270.8,0.0,0.0863013698630137,0.21481916097397424,0.0,0.10037351027899599,Acceso medio,0.10037351027899599,0.0,0.0
150133,SAN JUAN DE MIRAFLORES,LIMA,LIMA,318.0,2.0,159.0,56192.0,0.0,0.43561643835616437,0.09057586728262727,0.0,0.17539743521293052,Mejor atendido,0.17539743521293052,0.0,0.0
120121,HUAYUCACHI,JUNIN,HUANCAYO,2.0,10.0,0.2,13.5,1.0,0.0005479452054794521,2.1760645791491102e-05,1.0,0.333523235283757,Mejor atendido,0.333523235283757,1.0,0.0
120903,CHONGOS BAJO,JUNIN,CHUPACA,2.0,56.0,0.03571428571428571,0.0,0.5714285714285714,9.784735812133071e-05,0.0,0.5714285714285714,0.1905088062622309,Mejor atendido,0.33336594911937373,1.0,0.14285714285714282
150711,LANGA,LIMA,HUAROCHIRI,2.0,70.0,0.02857142857142857,0.0,0.0,7.827788649706458e-05,0.0,0.0,2.609262883235486e-05,Subatendido,2.609262883235486e-05,0.0,0.0
151021,MIRAFLORES,LIMA,YAUYOS,1.0,36.0,0.027777777777777776,0.0,0.0,7.6103500761035e-05,0.0,0.0,2.5367833587011666e-05,Subatendido,2.5367833587011666e-05,0.0,0.0
150122,MIRAFLORES,LIMA,LIMA,305.0,1.0,305.0,75194.95833333333,0.0,0.8356164383561644,0.12120672989611843,0.0,0.3189410560840943,Mejor atendido,0.3189410560840943,0.0,0.0
150706,CUENCA,LIMA,HUAROCHIRI,3.0,34.0,0.08823529411764706,0.0,0.0,0.00024174053182917003,0.0,0.0,8.058017727639001e-05,Subatendido,8.058017727639001e-05,0.0,0.0
090709,HUARIBAMBA,HUANCAVELICA,TAYACAJA,6.0,63.0,0.09523809523809523,6.166666666666667,0.6984126984126984,0.0002609262883235486,9.940048077594702e-06,0.6984126984126984,0.23289452158303317,Mejor atendido,0.33342362211213367,1.0,0.1005291005291005
150141,SURQUILLO,LIMA,LIMA,128.0,1.0,128.0,7624.818181818182,0.0,0.3506849315068493,0.012290442050301236,0.0,0.12099179118571685,Acceso medio,0.12099179118571685,0.0,0.0
080104,SAN JERONIMO,CUSCO,CUSCO,16.0,71.0,0.22535211267605634,17.0,0.9859154929577465,0.0006174030484275517,2.7402294700396206e-05,0.9859154929577465,0.32885343276695816,Mejor atendido,0.33354826844770935,1.0,0.004694835680751186
081204,CCARHUAYO,CUSCO,QUISPICANCHI,1.0,122.0,0.00819672131147541,0.0,0.4344262295081967,2.2456770716370986e-05,0.0,0.4344262295081967,0.1448162287596377,Acceso medio,0.32514409761209667,0.9754098360655737,0.18032786885245897
150718,SAN DAMIAN,LIMA,HUAROCHIRI,2.0,96.0,0.020833333333333332,0.0,0.0,5.7077625570776254e-05,0.0,0.0,1.902587519025875e-05,Subatendido,1.902587519025875e-05,0.0,0.0
120413,LEONOR ORDOÑEZ,JUNIN,JAUJA,1.0,7.0,0.14285714285714285,0.0,1.0,0.00039138943248532285,0.0,1.0,0.33346379647749513,Mejor atendido,0.33346379647749513,1.0,0.0
120423,PACCHA,JUNIN,JAUJA,4.0,27.0,0.14814814814814814,0.0,0.8148148148148148,0.0004058853373921867,0.0,0.8148148148148148,0.271740233384069,Mejor atendido,0.33346862844579744,1.0,0.06172839506172845
120128,QUILCAS,JUNIN,HUANCAYO,2.0,71.0,0.028169014084507043,0.0,0.30985915492957744,7.717538105344396e-05,0.0,0.30985915492957744,0.10331211010354363,Acceso medio,0.33335905846035113,1.0,0.2300469483568075
120124,PARIAHUANCA,JUNIN,HUANCAYO,10.0,92.0,0.10869565217391304,0.0,0.8913043478260869,0.00029779630732578913,0.0,0.8913043478260869,0.29720071471113757,Mejor atendido,0.33343259876910863,1.0,0.036231884057971064
120420,MUQUI,JUNIN,JAUJA,1.0,12.0,0.08333333333333333,0.0,1.0,0.00022831050228310502,0.0,1.0,0.33340943683409435,Mejor atendido,0.33340943683409435,1.0,0.0
170201,MANU,MADRE DE DIOS,MANU,7.0,35.0,0.2,0.0,0.3142857142857143,0.0005479452054794521,0.0,0.3142857142857143,0.10494455316373125,Acceso medio,0.26684931506849313,0.8,0.16190476190476188
120207,HEROINAS TOLEDO,JUNIN,CONCEPCION,1.0,20.0,0.05,0.0,0.95,0.00013698630136986303,0.0,0.95,0.31671232876712324,Mejor atendido,0.33337899543378996,1.0,0.01666666666666672
120127,QUICHUAY,JUNIN,HUANCAYO,1.0,25.0,0.04,0.0,0.56,0.00010958904109589041,0.0,0.56,0.186703196347032,Mejor atendido,0.3333698630136986,1.0,0.14666666666666658
120421,MUQUIYAUYO,JUNIN,JAUJA,3.0,8.0,0.375,0.0,1.0,0.0010273972602739725,0.0,1.0,0.333675799086758,Mejor atendido,0.333675799086758,1.0,0.0
120409,HUARIPAMPA,JUNIN,JAUJA,1.0,4.0,0.25,0.0,1.0,0.0006849315068493151,0.0,1.0,0.33356164383561643,Mejor atendido,0.33356164383561643,1.0,0.0
120122,INGENIO,JUNIN,HUANCAYO,2.0,19.0,0.10526315789473684,0.0,0.631578947368421,0.0002883922134102379,0.0,0.631578947368421,0.2106224465272771,Mejor atendido,0.33342946407113677,1.0,0.12280701754385967
120428,SAN LORENZO,JUNIN,JAUJA,1.0,20.0,0.05,0.0,1.0,0.00013698630136986303,0.0,1.0,0.33337899543378996,Mejor atendido,0.33337899543378996,1.0,0.0
120407,EL MANTARO,JUNIN,JAUJA,1.0,9.0,0.1111111111111111,0.0,1.0,0.00030441400304414,0.0,1.0,0.3334348046676814,Mejor atendido,0.3334348046676814,1.0,0.0
150732,SURCO,LIMA,HUAROCHIRI,1.0,73.0,0.0136986301369863,0.0,0.0,3.7530493525989866e-05,0.0,0.0,1.2510164508663289e-05,Subatendido,1.2510164508663289e-05,0.0,0.0
120430,SAUSA,JUNIN,JAUJA,1.0,8.0,0.125,0.0,1.0,0.00034246575342465754,0.0,1.0,0.33344748858447487,Mejor atendido,0.33344748858447487,1.0,0.0
120425,PARCO,JUNIN,JAUJA,2.0,16.0,0.125,0.0,1.0,0.00034246575342465754,0.0,1.0,0.33344748858447487,Mejor atendido,0.33344748858447487,1.0,0.0
150807,LEONCIO PRADO,LIMA,HUAURA,4.0,67.0,0.05970149253731343,0.0,0.0,0.0001635657329789409,0.0,0.0,5.45219109929803e-05,Subatendido,5.45219109929803e-05,0.0,0.0
120607,RIO NEGRO,JUNIN,SATIPO,16.0,144.0,0.1111111111111111,961.9333333333333,0.9861111111111112,0.00030441400304414,0.001550540040125556,0.9861111111111112,0.3293220217180936,Mejor atendido,0.3339516513477232,1.0,0.004629629629629595
120708,SAN PEDRO DE CAJAS,JUNIN,TARMA,7.0,101.0,0.06930693069306931,0.0,0.7128712871287128,0.00018988200189882005,0.0,0.7128712871287128,0.23768705637687057,Mejor atendido,0.3333966273339663,1.0,0.09570957095709573
120501,JUNIN,JUNIN,JUNIN,4.0,239.0,0.016736401673640166,3740.6666666666665,0.3179916317991632,4.585315527024703e-05,0.006029579433879337,0.3179916317991632,0.10802235479610427,Acceso medio,0.33535847752971654,1.0,0.22733612273361226
120503,ONDORES,JUNIN,JUNIN,3.0,177.0,0.01694915254237288,0.0,0.2994350282485876,4.643603436266543e-05,0.0,0.2994350282485876,0.09982715476098342,Acceso medio,0.3333488120114542,1.0,0.2335216572504708
120704,HUASAHUASI,JUNIN,TARMA,7.0,142.0,0.04929577464788732,429.2857142857143,0.7887323943661971,0.0001350569168435269,0.0006919655090310134,0.7887323943661971,0.26318647226402386,Mejor atendido,0.32891417179454036,0.9859154929577465,0.06572769953051649
150811,SAYAN,LIMA,HUAURA,10.0,233.0,0.04291845493562232,0.0,0.0,0.00011758480804280087,0.0,0.0,3.919493601426696e-05,Subatendido,3.919493601426696e-05,0.0,0.0
090508,SAN MIGUEL DE MAYOCC,HUANCAVELICA,CHURCAMPA,2.0,14.0,0.14285714285714285,1648.0,1.0,0.00039138943248532285,0.002656410686250173,1.0,0.33434926670624515,Mejor atendido,0.33434926670624515,1.0,0.0
090505,LA MERCED,HUANCAVELICA,CHURCAMPA,1.0,9.0,0.1111111111111111,1426.0,0.5555555555555556,0.00030441400304414,0.002298568955456764,0.5555555555555556,0.18605284617135218,Mejor atendido,0.3342009943195003,1.0,0.1481481481481481
090504,EL CARMEN,HUANCAVELICA,CHURCAMPA,2.0,48.0,0.041666666666666664,1458.5,0.875,0.00011415525114155251,0.0023509556953251686,0.875,0.2924883703154889,Mejor atendido,0.33415503698215554,1.0,0.04166666666666663
030104,CURAHUASI,APURIMAC,ABANCAY,15.0,239.0,0.06276150627615062,19666.0,0.8242677824267782,0.00017194933226342637,0.031699619269293634,0.8242677824267782,0.2853797836761118,Mejor atendido,0.3439571895338524,1.0,0.05857740585774063
080103,POROY,CUSCO,CUSCO,1.0,29.0,0.034482758620689655,0.0,1.0,9.44733112895607e-05,0.0,1.0,0.33336482443709653,Mejor atendido,0.33336482443709653,1.0,0.0
030602,ANCO_HUALLO,APURIMAC,CHINCHEROS,6.0,34.0,0.17647058823529413,2660.0,1.0,0.00048348106365834006,0.004287653170767877,1.0,0.3349237114114754,Mejor atendido,0.3349237114114754,1.0,0.0
080101,CUSCO,CUSCO,CUSCO,219.0,77.0,2.844155844155844,28398.14285714286,0.974025974025974,0.007792207792207792,0.04577495761855177,0.974025974025974,0.34253104647891125,Mejor atendido,0.35118905513691984,1.0,0.008658008658008587
090616,TAMBO,HUANCAVELICA,HUAYTARA,1.0,76.0,0.013157894736842105,0.0,0.25,3.6049026676279736e-05,0.0,0.25,0.08334534967555875,Acceso medio,0.2236962268685412,0.6710526315789473,0.14035087719298245
081102,CAICAY,CUSCO,PAUCARTAMBO,2.0,49.0,0.04081632653061224,0.0,0.9795918367346939,0.00011182555213866368,0.0,0.9795918367346939,0.32656788742894416,Mejor atendido,0.33337060851737954,1.0,0.006802721088435382
081105,HUANCARANI,CUSCO,PAUCARTAMBO,1.0,76.0,0.013157894736842105,0.0,0.6842105263157895,3.6049026676279736e-05,0.0,0.6842105263157895,0.22808219178082192,Mejor atendido,0.33334534967555873,1.0,0.10526315789473681
081205,CCATCA,CUSCO,QUISPICANCHI,6.0,194.0,0.030927835051546393,0.0,0.7731958762886598,8.473379466177093e-05,0.0,0.7731958762886598,0.2577602033611072,Mejor atendido,0.3333615779315539,1.0,0.07560137457044669
090609,QUITO-ARMA,HUANCAVELICA,HUAYTARA,2.0,50.0,0.04,0.0,0.56,0.00010958904109589041,0.0,0.56,0.186703196347032,Mejor atendido,0.3333698630136986,1.0,0.14666666666666658
030601,CHINCHEROS,APURIMAC,CHINCHEROS,6.0,34.0,0.17647058823529413,4359.0,1.0,0.00048348106365834006,0.007026270741119238,1.0,0.3358365839349258,Mejor atendido,0.3358365839349258,1.0,0.0
030219,KAQUIABAMBA,APURIMAC,ANDAHUAYLAS,2.0,17.0,0.11764705882352941,0.0,0.9411764705882353,0.00032232070910556004,0.0,0.9411764705882353,0.3138329304324469,Mejor atendido,0.33344077356970186,1.0,0.019607843137254943
090408,HUAMATAMBO,HUANCAVELICA,CASTROVIRREYNA,1.0,44.0,0.022727272727272728,0.0,0.7954545454545454,6.2266500622665e-05,0.0,0.7954545454545454,0.2651722706517227,Mejor atendido,0.3333540888335409,1.0,0.06818181818181818
090312,SECCLLA,HUANCAVELICA,ANGARAES,3.0,34.0,0.08823529411764706,312.6666666666667,0.7352941176470589,0.00024174053182917003,0.0005039873025288557,0.7352941176470589,0.2453466151604723,Mejor atendido,0.33358190927811937,1.0,0.08823529411764708
150514,SAN LUIS,LIMA,CAÑETE,5.0,37.0,0.13513513513513514,17404.0,0.0,0.00037023324694557573,0.02805350217445268,0.0,0.009474578473799419,Acceso medio,0.009474578473799419,0.0,0.0
090402,ARMA,HUANCAVELICA,CASTROVIRREYNA,4.0,174.0,0.022988505747126436,2.75,0.7931034482758621,6.29822075263738e-05,4.432724142711151e-06,0.7931034482758621,0.2643902877358437,Mejor atendido,0.333355804977223,1.0,0.06896551724137928
080908,SANTA TERESA,CUSCO,LA CONVENCION,3.0,159.0,0.018867924528301886,0.0,0.3584905660377358,5.1692943913155855e-05,0.0,0.3584905660377358,0.11951408632721633,Acceso medio,0.32077194796243647,0.9622641509433962,0.20125786163522014
211210,SAN PEDRO DE PUTINA PUNCO,PUNO,SANDIA,5.0,40.0,0.125,0.0,0.525,0.00034246575342465754,0.0,0.525,0.17511415525114157,Mejor atendido,0.29178082191780824,0.875,0.11666666666666667
110203,CHAVIN,ICA,CHINCHA,1.0,73.0,0.0136986301369863,0.0,0.4794520547945205,3.7530493525989866e-05,0.0,0.4794520547945205,0.15982986176268218,Acceso medio,0.32421342340651776,0.9726027397260274,0.16438356164383558
150507,IMPERIAL,LIMA,CAÑETE,9.0,42.0,0.21428571428571427,4429.0,0.0,0.0005870841487279843,0.00713910371929734,0.0,0.0025753959560084415,Acceso medio,0.0025753959560084415,0.0,0.0
110209,SAN PEDRO DE HUACARPANA,ICA,CHINCHA,4.0,39.0,0.10256410256410256,0.0,0.9230769230769231,0.0002809975412715139,0.0,0.9230769230769231,0.30778597353939824,Mejor atendido,0.3334269991804238,1.0,0.02564102564102555
151005,AZANGARO,LIMA,YAUYOS,1.0,96.0,0.010416666666666666,0.0,0.0,2.8538812785388127e-05,0.0,0.0,9.512937595129375e-06,Subatendido,9.512937595129375e-06,0.0,0.0
080903,HUAYOPATA,CUSCO,LA CONVENCION,6.0,94.0,0.06382978723404255,0.0,0.8085106382978723,0.00017487612940833574,0.0,0.8085106382978723,0.2695618381424269,Mejor atendido,0.33339162537646944,1.0,0.06382978723404253
090701,PAMPAS,HUANCAVELICA,TAYACAJA,12.0,51.0,0.23529411764705882,4307.857142857143,1.0,0.0006446414182111201,0.0069438335856340135,1.0,0.3358628250012817,Mejor atendido,0.3358628250012817,1.0,0.0
151010,COCHAS,LIMA,YAUYOS,0.0,15.0,0.0,0.0,0.0,0.0,0.0,0.0,0.0,Subatendido,0.0,0.0,0.0
120106,CHICCHE,JUNIN,HUANCAYO,3.0,19.0,0.15789473684210525,0.0,1.0,0.0004325883201153569,0.0,1.0,0.33347752944003844,Mejor atendido,0.33347752944003844,1.0,0.0
151004,AYAVIRI,LIMA,YAUYOS,1.0,45.0,0.022222222222222223,0.0,0.0,6.088280060882801e-05,0.0,0.0,2.0294266869609337e-05,Subatendido,2.0294266869609337e-05,0.0,0.0
151025,QUINOCAY,LIMA,YAUYOS,2.0,39.0,0.05128205128205128,0.0,0.0,0.00014049877063575695,0.0,0.0,4.683292354525231e-05,Subatendido,4.683292354525231e-05,0.0,0.0
151024,QUINCHES,LIMA,YAUYOS,1.0,47.0,0.02127659574468085,0.0,0.0,5.829204313611192e-05,0.0,0.0,1.943068104537064e-05,Subatendido,1.943068104537064e-05,0.0,0.0
120112,COLCA,JUNIN,HUANCAYO,2.0,32.0,0.0625,0.0,0.875,0.00017123287671232877,0.0,0.875,0.2917237442922374,Mejor atendido,0.3333904109589041,1.0,0.041666666666666685
151002,ALIS,LIMA,YAUYOS,2.0,39.0,0.05128205128205128,0.0,0.0,0.00014049877063575695,0.0,0.0,4.683292354525231e-05,Subatendido,4.683292354525231e-05,0.0,0.0
151017,HUAÑEC,LIMA,YAUYOS,1.0,15.0,0.06666666666666667,0.0,0.0,0.00018264840182648402,0.0,0.0,6.088280060882801e-05,Subatendido,6.088280060882801e-05,0.0,0.0
150127,PUNTA NEGRA,LIMA,LIMA,2.0,4.0,0.5,0.0,0.0,0.0013698630136986301,0.0,0.0,0.00045662100456621003,Acceso medio,0.00045662100456621003,0.0,0.0
090713,QUISHUAR,HUANCAVELICA,TAYACAJA,1.0,17.0,0.058823529411764705,1.0,1.0,0.00016116035455278002,1.6118996882586003e-06,1.0,0.33338759075141366,Mejor atendido,0.33338759075141366,1.0,0.0
150713,MARIATANA,LIMA,HUAROCHIRI,3.0,70.0,0.04285714285714286,0.0,0.0,0.00011741682974559687,0.0,0.0,3.913894324853229e-05,Subatendido,3.913894324853229e-05,0.0,0.0
151026,SAN JOAQUIN,LIMA,YAUYOS,0.0,27.0,0.0,0.0,0.0,0.0,0.0,0.0,0.0,Subatendido,0.0,0.0,0.0
120113,CULLHUAS,JUNIN,HUANCAYO,4.0,27.0,0.14814814814814814,0.0,1.0,0.0004058853373921867,0.0,1.0,0.33346862844579744,Mejor atendido,0.33346862844579744,1.0,0.0
170203,MADRE DE DIOS,MADRE DE DIOS,MANU,9.0,43.0,0.20930232558139536,0.0,0.20930232558139536,0.0005734310289901243,0.0,0.20930232558139536,0.06995858553679517,Acceso medio,0.26375703514919824,0.7906976744186046,0.19379844961240306
070104,LA PERLA,CALLAO,CALLAO,78.0,1.0,78.0,21.75,0.0,0.2136986301369863,3.505881821962456e-05,0.0,0.07124456298506865,Acceso medio,0.07124456298506865,0.0,0.0
150134,SAN LUIS,LIMA,LIMA,95.0,1.0,95.0,19909.5,0.0,0.2602739726027397,0.0320921168433846,0.0,0.0974553631487081,Acceso medio,0.0974553631487081,0.0,0.0
150136,SAN MIGUEL,LIMA,LIMA,92.0,1.0,92.0,100705.22222222222,0.0,0.25205479452054796,0.16232671630601306,0.0,0.13812717027552035,Acceso medio,0.13812717027552035,0.0,0.0
080304,CHINCHAYPUJIO,CUSCO,ANTA,2.0,192.0,0.010416666666666666,0.0,0.6145833333333334,2.8538812785388127e-05,0.0,0.6145833333333334,0.20487062404870626,Mejor atendido,0.3333428462709285,1.0,0.1284722222222222
080308,PUCYURA,CUSCO,ANTA,1.0,37.0,0.02702702702702703,0.0,1.0,7.404664938911514e-05,0.0,1.0,0.3333580155497964,Mejor atendido,0.3333580155497964,1.0,0.0
030202,ANDARAPA,APURIMAC,ANDAHUAYLAS,7.0,61.0,0.11475409836065574,0.0,0.7540983606557377,0.0003143947900291938,0.0,0.7540983606557377,0.25147091848192227,Mejor atendido,0.3334381315966764,1.0,0.08196721311475413
080303,CACHIMAYO,CUSCO,ANTA,1.0,23.0,0.043478260869565216,0.0,1.0,0.00011911852293031566,0.0,1.0,0.33337303950764346,Mejor atendido,0.33337303950764346,1.0,0.0
080406,SAN SALVADOR,CUSCO,CALCA,2.0,58.0,0.034482758620689655,0.0,0.8275862068965517,9.44733112895607e-05,0.0,0.8275862068965517,0.2758935600692804,Mejor atendido,0.33336482443709653,1.0,0.05747126436781613
211203,LIMBANI,PUNO,SANDIA,3.0,103.0,0.02912621359223301,0.0,0.1262135922330097,7.979784545817264e-05,0.0,0.1262135922330097,0.042097796692822625,Acceso medio,0.21685507824622072,0.6504854368932039,0.1747572815533981
030606,ONGOY,APURIMAC,CHINCHEROS,9.0,40.0,0.225,0.0,1.0,0.0006164383561643835,0.0,1.0,0.33353881278538816,Mejor atendido,0.33353881278538816,1.0,0.0
080307,MOLLEPATA,CUSCO,ANTA,2.0,107.0,0.018691588785046728,0.0,0.5420560747663551,5.120983228779925e-05,0.0,0.5420560747663551,0.18070242819954763,Mejor atendido,0.3240046088849059,0.9719626168224299,0.14330218068535827
080306,LIMATAMBO,CUSCO,ANTA,3.0,134.0,0.022388059701492536,0.0,0.6865671641791045,6.133714986710284e-05,0.0,0.6865671641791045,0.2288761671096572,Mejor atendido,0.33335377904995567,1.0,0.10447761194029848
080405,PISAC,CUSCO,CALCA,4.0,60.0,0.06666666666666667,0.0,0.95,0.00018264840182648402,0.0,0.95,0.3167275494672755,Mejor atendido,0.3333942161339422,1.0,0.01666666666666672
090413,TICRAPO,HUANCAVELICA,CASTROVIRREYNA,2.0,91.0,0.02197802197802198,35.5,0.7582417582417582,6.0213758843895837e-05,5.722243893318031e-05,0.7582417582417582,0.25278639814651177,Mejor atendido,0.3333724787325924,1.0,0.08058608058608063
080305,HUAROCONDO,CUSCO,ANTA,2.0,84.0,0.023809523809523808,0.0,0.36904761904761907,6.523157208088715e-05,0.0,0.36904761904761907,0.12303761687323332,Acceso medio,0.3333550771906936,1.0,0.2103174603174603
081305,MARAS,CUSCO,URUBAMBA,2.0,59.0,0.03389830508474576,0.0,0.864406779661017,9.287206872533086e-05,0.0,0.864406779661017,0.28816655057658075,Mejor atendido,0.3333642906895751,1.0,0.04519774011299438
080403,LAMAY,CUSCO,CALCA,4.0,109.0,0.03669724770642202,0.0,0.8348623853211009,0.00010054040467512883,0.0,0.8348623853211009,0.27832097524192534,Mejor atendido,0.3333668468015584,1.0,0.055045871559633086
081303,HUAYLLABAMBA,CUSCO,URUBAMBA,1.0,41.0,0.024390243902439025,0.0,1.0,6.682258603407952e-05,0.0,1.0,0.33335560752867804,Mejor atendido,0.33335560752867804,1.0,0.0
110202,ALTO LARAN,ICA,CHINCHA,3.0,58.0,0.05172413793103448,0.0,0.5344827586206896,0.00014170996693434103,0.0,0.5344827586206896,0.17820815619587463,Mejor atendido,0.3333805699889781,1.0,0.15517241379310345
081104,COLQUEPATA,CUSCO,PAUCARTAMBO,5.0,139.0,0.03597122302158273,0.0,0.8776978417266187,9.855129594954173e-05,0.0,0.8776978417266187,0.2925987976741894,Mejor atendido,0.3333661837653165,1.0,0.04076738609112712
081307,YUCAY,CUSCO,URUBAMBA,1.0,16.0,0.0625,0.0,0.9375,0.00017123287671232877,0.0,0.9375,0.3125570776255708,Mejor atendido,0.3333904109589041,1.0,0.020833333333333315
150142,VILLA EL SALVADOR,LIMA,LIMA,168.0,1.0,168.0,109735.3,0.0,0.4602739726027397,0.176882295860964,0.0,0.2123854228212346,Mejor atendido,0.2123854228212346,0.0,0.0
150126,PUNTA HERMOSA,LIMA,LIMA,2.0,13.0,0.15384615384615385,0.0,0.0,0.00042149631190727084,0.0,0.0,0.00014049877063575695,Subatendido,0.00014049877063575695,0.0,0.0
081209,MARCAPATA,CUSCO,QUISPICANCHI,2.0,286.0,0.006993006993006993,0.0,0.17482517482517482,1.915892326851231e-05,0.0,0.17482517482517482,0.058281444582814444,Acceso medio,0.3065331928345627,0.9195804195804196,0.24825174825174826
050618,SAN PEDRO DE PALCO,AYACUCHO,LUCANAS,2.0,271.0,0.007380073800738007,0.0,0.26199261992619927,2.021938027599454e-05,0.0,0.26199261992619927,0.08733761310215843,Acceso medio,0.13284806820670947,0.3985239852398524,0.04551045510455104
050908,SAN PEDRO DE LARCAY,AYACUCHO,SUCRE,1.0,50.0,0.02,0.0,0.22,5.479452054794521e-05,0.0,0.22,0.07335159817351598,Acceso medio,0.3266849315068493,0.98,0.2533333333333333
050905,HUACAÑA,AYACUCHO,SUCRE,1.0,36.0,0.027777777777777776,0.0,0.6388888888888888,7.6103500761035e-05,0.0,0.6388888888888888,0.21298833079654997,Mejor atendido,0.33335870116692035,1.0,0.12037037037037038
050907,PAICO,AYACUCHO,SUCRE,2.0,22.0,0.09090909090909091,0.0,0.7727272727272727,0.00024906600249066,0.0,0.7727272727272727,0.2576587795765878,Mejor atendido,0.3334163553341636,1.0,0.0757575757575758
050302,CARAPO,AYACUCHO,HUANCA SANCOS,4.0,149.0,0.026845637583892617,0.0,0.825503355704698,7.354969201066471e-05,0.0,0.825503355704698,0.2751923017989029,Mejor atendido,0.33335784989733686,1.0,0.05816554809843394
051103,CARHUANCA,AYACUCHO,VILCAS HUAMAN,1.0,27.0,0.037037037037037035,0.0,1.0,0.00010147133434804668,0.0,1.0,0.3333671571114494,Mejor atendido,0.3333671571114494,1.0,0.0
050304,SANTIAGO DE LUCANAMARCA,AYACUCHO,HUANCA SANCOS,4.0,206.0,0.019417475728155338,0.0,0.2815533980582524,5.319856363878175e-05,0.0,0.2815533980582524,0.0938688655406304,Acceso medio,0.21360996586425504,0.6407766990291263,0.11974110032362464
051105,HUAMBALPA,AYACUCHO,VILCAS HUAMAN,2.0,39.0,0.05128205128205128,0.0,0.8461538461538461,0.00014049877063575695,0.0,0.8461538461538461,0.2820981149748273,Mejor atendido,0.33338016625687855,1.0,0.051282051282051266
051005,CANARIA,AYACUCHO,VICTOR FAJARDO,4.0,166.0,0.024096385542168676,20.5,0.43373493975903615,6.601749463607856e-05,3.304394360930131e-05,0.43373493975903615,0.14461133373242718,Acceso medio,0.3193101289131501,0.9578313253012049,0.1746987951807229
050909,SAN SALVADOR DE QUIJE,AYACUCHO,SUCRE,3.0,46.0,0.06521739130434782,0.0,0.9565217391304348,0.00017867778439547348,0.0,0.9565217391304348,0.3189001389716101,Mejor atendido,0.3333928925947985,1.0,0.01449275362318836
050901,QUEROBAMBA,AYACUCHO,SUCRE,4.0,72.0,0.05555555555555555,790.0,0.7083333333333334,0.00015220700152207,0.0012734007537242942,0.7083333333333334,0.23658631369619323,Mejor atendido,0.33380853591841547,1.0,0.09722222222222224
050904,CHILCAYOC,AYACUCHO,SUCRE,1.0,15.0,0.06666666666666667,0.0,1.0,0.00018264840182648402,0.0,1.0,0.3333942161339422,Mejor atendido,0.3333942161339422,1.0,0.0
051106,INDEPENDENCIA,AYACUCHO,VILCAS HUAMAN,2.0,33.0,0.06060606060606061,0.0,0.6666666666666666,0.00016604400166044003,0.0,0.6666666666666666,0.2222775702227757,Mejor atendido,0.3333886813338868,1.0,0.11111111111111113
050903,CHALCOS,AYACUCHO,SUCRE,1.0,20.0,0.05,0.0,1.0,0.00013698630136986303,0.0,1.0,0.33337899543378996,Mejor atendido,0.33337899543378996,1.0,0.0
050303,SACSAMARCA,AYACUCHO,HUANCA SANCOS,2.0,188.0,0.010638297872340425,0.0,0.25,2.914602156805596e-05,0.0,0.25,0.08334304867385602,Acceso medio,0.23937141746818225,0.7180851063829787,0.15602836879432624
051010,HUALLA,AYACUCHO,VICTOR FAJARDO,2.0,98.0,0.02040816326530612,36.0,0.40816326530612246,5.591277606933184e-05,5.802838877730961e-05,0.40816326530612246,0.1360924021569897,Acceso medio,0.3333713137216155,1.0,0.1972789115646258
050301,SANCOS,AYACUCHO,HUANCA SANCOS,2.0,236.0,0.00847457627118644,1143.0,0.1228813559322034,2.3218017181332715e-05,0.00184240134367958,0.1228813559322034,0.041582325097688104,Acceso medio,0.09101735334627568,0.2711864406779661,0.04943502824858758
030108,SAN PEDRO DE CACHORA,APURIMAC,ABANCAY,1.0,63.0,0.015873015873015872,0.0,0.7142857142857143,4.348771472059143e-05,0.0,0.7142857142857143,0.23810973400014498,Mejor atendido,0.3333478292382402,1.0,0.0952380952380952
080407,TARAY,CUSCO,CALCA,3.0,31.0,0.0967741935483871,0.0,1.0,0.0002651347768448961,0.0,1.0,0.3334217115922817,Mejor atendido,0.3334217115922817,1.0,0.0
080309,ZURITE,CUSCO,ANTA,1.0,29.0,0.034482758620689655,0.0,1.0,9.44733112895607e-05,0.0,1.0,0.33336482443709653,Mejor atendido,0.33336482443709653,1.0,0.0
110211,TAMBO DE MORA,ICA,CHINCHA,2.0,19.0,0.10526315789473684,0.0,1.0,0.0002883922134102379,0.0,1.0,0.33342946407113677,Mejor atendido,0.33342946407113677,1.0,0.0
030208,PACOBAMBA,APURIMAC,ANDAHUAYLAS,7.0,54.0,0.12962962962962962,0.0,0.9074074074074074,0.00035514967021816333,0.0,0.9074074074074074,0.3025875190258752,Mejor atendido,0.3334517165567394,1.0,0.030864197530864168
110210,SUNAMPE,ICA,CHINCHA,2.0,11.0,0.18181818181818182,48.0,1.0,0.00049813200498132,7.737118503641282e-05,1.0,0.3335251677300059,Mejor atendido,0.3335251677300059,1.0,0.0
110205,EL CARMEN,ICA,CHINCHA,4.0,74.0,0.05405405405405406,0.0,0.9324324324324325,0.00014809329877823029,0.0,0.9324324324324325,0.3108601752437369,Mejor atendido,0.3243736887572504,0.972972972972973,0.013513513513513542
080301,ANTA,CUSCO,ANTA,4.0,84.0,0.047619047619047616,0.0,0.8690476190476191,0.0001304631441617743,0.0,0.8690476190476191,0.2897260273972603,Mejor atendido,0.33337682104805394,1.0,0.04365079365079366
080302,ANCAHUASI,CUSCO,ANTA,1.0,45.0,0.022222222222222223,0.0,0.8222222222222222,6.088280060882801e-05,0.0,0.8222222222222222,0.27409436834094364,Mejor atendido,0.33335362760020293,1.0,0.05925925925925929
030105,HUANIPACA,APURIMAC,ABANCAY,6.0,96.0,0.0625,0.0,0.7291666666666666,0.00017123287671232877,0.0,0.7291666666666666,0.2431126331811263,Mejor atendido,0.3333904109589041,1.0,0.09027777777777779
030605,OCOBAMBA,APURIMAC,CHINCHEROS,6.0,59.0,0.1016949152542373,0.0,0.9491525423728814,0.0002786162061759926,0.0,0.9491525423728814,0.3164770528596858,Mejor atendido,0.3334262054020587,1.0,0.01694915254237289
090610,SAN ANTONIO DE CUSICANCHA,HUANCAVELICA,HUAYTARA,2.0,134.0,0.014925373134328358,0.0,0.582089552238806,4.0891433244735225e-05,0.0,0.582089552238806,0.1940434812240169,Mejor atendido,0.3333469638110816,1.0,0.13930348258706468
081302,CHINCHERO,CUSCO,URUBAMBA,2.0,43.0,0.046511627906976744,0.0,1.0,0.00012742911755336093,0.0,1.0,0.33337580970585107,Mejor atendido,0.33337580970585107,1.0,0.0
210309,SAN GABAN,PUNO,CARABAYA,7.0,58.0,0.1206896551724138,41.0,0.3620689655172414,0.0003306565895134625,6.608788721860261e-05,0.3620689655172414,0.12082190333132448,Acceso medio,0.33346558149224403,1.0,0.21264367816091956
080402,COYA,CUSCO,CALCA,2.0,35.0,0.05714285714285714,0.0,1.0,0.00015655577299412916,0.0,1.0,0.333385518590998,Mejor atendido,0.333385518590998,1.0,0.0
110502,HUANCANO,ICA,PISCO,2.0,58.0,0.034482758620689655,0.0,0.41379310344827586,9.44733112895607e-05,0.0,0.41379310344827586,0.1379625255865218,Acceso medio,0.3218705715635333,0.9655172413793104,0.18390804597701152
120126,PUCARA,JUNIN,HUANCAYO,5.0,31.0,0.16129032258064516,0.0,0.8709677419354839,0.00044189129474149356,0.0,0.8709677419354839,0.29046987774340843,Mejor atendido,0.3334806304315805,1.0,0.04301075268817206
090302,ANCHONGA,HUANCAVELICA,ANGARAES,7.0,74.0,0.0945945945945946,400.125,1.0,0.000259163272861903,0.0006449613627644724,1.0,0.3336347082118754,Mejor atendido,0.3336347082118754,1.0,0.0
170204,HUEPETUHE,MADRE DE DIOS,MANU,6.0,27.0,0.2222222222222222,0.0,0.8148148148148148,0.00060882800608828,0.0,0.8148148148148148,0.271807880940301,Mejor atendido,0.33353627600202945,1.0,0.06172839506172845
110207,PUEBLO NUEVO,ICA,CHINCHA,11.0,8.0,1.375,102.0,0.5,0.003767123287671233,0.00016441376820237723,0.5,0.16797717901862452,Acceso medio,0.25131051235195784,0.75,0.08333333333333331
090407,HUACHOS,HUANCAVELICA,CASTROVIRREYNA,4.0,91.0,0.04395604395604396,8.5,0.7362637362637363,0.00012042751768779167,1.3701147350198103e-05,0.7362637362637363,0.24546595497625812,Mejor atendido,0.333378042888346,1.0,0.08791208791208788
210303,AYAPATA,PUNO,CARABAYA,4.0,111.0,0.036036036036036036,14.25,0.6846846846846847,9.872886585215352e-05,2.2969570557685055e-05,0.6846846846846847,0.22826879437369818,Mejor atendido,0.3243648904697943,0.972972972972973,0.0960960960960961
081101,PAUCARTAMBO,CUSCO,PAUCARTAMBO,3.0,183.0,0.01639344262295082,0.0,0.39344262295081966,4.491354143274197e-05,0.0,0.39344262295081966,0.13116251216408414,Acceso medio,0.3169548618908601,0.9508196721311475,0.18579234972677594
081306,OLLANTAYTAMBO,CUSCO,URUBAMBA,4.0,113.0,0.035398230088495575,0.0,0.6371681415929203,9.698145229724816e-05,0.0,0.6371681415929203,0.21242170768173918,Mejor atendido,0.3333656604840991,1.0,0.12094395280235992
081304,MACHUPICCHU,CUSCO,URUBAMBA,11.0,40.0,0.275,0.0,0.7,0.0007534246575342466,0.0,0.7,0.23358447488584475,Mejor atendido,0.33358447488584475,1.0,0.1
110208,SAN JUAN DE YANAC,ICA,CHINCHA,2.0,68.0,0.029411764705882353,0.0,0.47058823529411764,8.058017727639001e-05,0.0,0.47058823529411764,0.15688960515713135,Acceso medio,0.33336019339242545,1.0,0.1764705882352941
081203,CAMANTI,CUSCO,QUISPICANCHI,2.0,81.0,0.024691358024691357,0.0,0.2222222222222222,6.764755623203111e-05,0.0,0.2222222222222222,0.07409662325948475,Acceso medio,0.22224477140763288,0.6666666666666666,0.14814814814814814
150501,SAN VICENTE DE CAÑETE,LIMA,CAÑETE,20.0,94.0,0.2127659574468085,22159.18181818182,0.0,0.0005829204313611193,0.03571837826479292,0.0,0.012100432898718013,Acceso medio,0.015646532189498154,0.010638297872340425,0.0035460992907801418
090412,TANTARA,HUANCAVELICA,CASTROVIRREYNA,2.0,35.0,0.05714285714285714,15.0,0.8571428571428571,0.00015655577299412916,2.4178495323879004e-05,0.8571428571428571,0.2857745304703917,Mejor atendido,0.3333935780894393,1.0,0.047619047619047616
081103,CHALLABAMBA,CUSCO,PAUCARTAMBO,3.0,290.0,0.010344827586206896,0.0,0.1896551724137931,2.834199338686821e-05,0.0,0.1896551724137931,0.06322783813572665,Acceso medio,0.2816186427334278,0.8448275862068966,0.21839080459770116
150714,RICARDO PALMA,LIMA,HUAROCHIRI,1.0,12.0,0.08333333333333333,142.0,0.0,0.00022831050228310502,0.00022888975573272125,0.0,0.00015240008600527543,Acceso medio,0.00015240008600527543,0.0,0.0
120101,HUANCAYO,JUNIN,HUANCAYO,244.0,19.0,12.842105263157896,18468.41176470588,1.0,0.03518385003604903,0.029769227166160876,1.0,0.35498435906740333,Mejor atendido,0.35498435906740333,1.0,0.0
120211,MITO,JUNIN,CONCEPCION,3.0,7.0,0.42857142857142855,0.0,1.0,0.0011741682974559687,0.0,1.0,0.33372472276581866,Mejor atendido,0.33372472276581866,1.0,0.0
090101,HUANCAVELICA,HUANCAVELICA,HUANCAVELICA,27.0,151.0,0.17880794701986755,42463.75,0.5033112582781457,0.0004898847863558015,0.06844730538729114,0.5033112582781457,0.19074948281726423,Mejor atendido,0.3254073194618558,0.9072847682119205,0.13465783664459158
081106,KOSÑIPATA,CUSCO,PAUCARTAMBO,2.0,93.0,0.021505376344086023,0.0,0.21505376344086022,5.891883929886582e-05,0.0,0.21505376344086022,0.0717042274267197,Acceso medio,0.2580841557421319,0.7741935483870968,0.1863799283154122
090111,MARISCAL CACERES,HUANCAVELICA,HUANCAVELICA,1.0,1.0,1.0,0.0,1.0,0.0027397260273972603,0.0,1.0,0.33424657534246577,Mejor atendido,0.33424657534246577,1.0,0.0
150506,COAYLLO,LIMA,CAÑETE,1.0,35.0,0.02857142857142857,0.0,0.0,7.827788649706458e-05,0.0,0.0,2.609262883235486e-05,Subatendido,2.609262883235486e-05,0.0,0.0
090112,MOYA,HUANCAVELICA,HUANCAVELICA,2.0,35.0,0.05714285714285714,56.5,0.8571428571428571,0.00015655577299412916,9.107233238661092e-05,0.8571428571428571,0.2857968284160793,Mejor atendido,0.3334158760351269,1.0,0.047619047619047616
090115,PILCHACA,HUANCAVELICA,HUANCAVELICA,1.0,20.0,0.05,3.0,1.0,0.00013698630136986303,4.835699064775801e-06,1.0,0.3333806073334782,Mejor atendido,0.3333806073334782,1.0,0.0
151022,OMAS,LIMA,YAUYOS,1.0,41.0,0.024390243902439025,0.0,0.0,6.682258603407952e-05,0.0,0.0,2.2274195344693174e-05,Subatendido,2.2274195344693174e-05,0.0,0.0
151016,HUANTAN,LIMA,YAUYOS,1.0,88.0,0.011363636363636364,2890.0,0.0,3.11332503113325e-05,0.004658390099067355,0.0,0.001563174449792896,Acceso medio,0.001563174449792896,0.0,0.0
090107,HUAYLLAHUARA,HUANCAVELICA,HUANCAVELICA,1.0,39.0,0.02564102564102564,2.0,1.0,7.024938531787847e-05,3.2237993765172007e-06,1.0,0.3333578243948981,Mejor atendido,0.3333578243948981,1.0,0.0
150129,SAN BARTOLO,LIMA,LIMA,3.0,11.0,0.2727272727272727,6579.0,0.0,0.00074719800747198,0.010604688049053332,0.0,0.0037839620188417707,Acceso medio,0.0037839620188417707,0.0,0.0
151001,YAUYOS,LIMA,YAUYOS,2.0,71.0,0.028169014084507043,4054.0,0.0,7.717538105344396e-05,0.006534641336200365,0.0,0.0022039389057512695,Acceso medio,0.0022039389057512695,0.0,0.0
090702,ACOSTAMBO,HUANCAVELICA,TAYACAJA,6.0,71.0,0.08450704225352113,19.833333333333332,0.8450704225352113,0.00023152614316033186,3.1969343817128906e-05,0.8450704225352113,0.2817779726740629,Mejor atendido,0.3334211651623258,1.0,0.05164319248826288
090703,ACRAQUIA,HUANCAVELICA,TAYACAJA,4.0,45.0,0.08888888888888889,39.25,0.6666666666666666,0.00024353120243531204,6.326706276415007e-05,0.6666666666666666,0.22232448831062201,Mejor atendido,0.3334355994217331,1.0,0.1111111111111111
120104,CARHUACALLANGA,JUNIN,HUANCAYO,1.0,11.0,0.09090909090909091,0.0,1.0,0.00024906600249066,0.0,1.0,0.3334163553341636,Mejor atendido,0.3334163553341636,1.0,0.0
080906,QUELLOUNO,CUSCO,LA CONVENCION,8.0,190.0,0.042105263157894736,0.0,0.7684210526315789,0.00011535688536409517,0.0,0.7684210526315789,0.25617880317231434,Mejor atendido,0.33337178562845465,1.0,0.07719298245614031
150503,CALANGO,LIMA,CAÑETE,1.0,56.0,0.017857142857142856,0.0,0.0,4.8923679060665357e-05,0.0,0.0,1.6307893020221784e-05,Subatendido,1.6307893020221784e-05,0.0,0.0
120120,HUASICANCHA,JUNIN,HUANCAYO,1.0,14.0,0.07142857142857142,0.0,0.5714285714285714,0.00019569471624266143,0.0,0.5714285714285714,0.19054142204827137,Mejor atendido,0.33339856490541425,1.0,0.14285714285714288
120105,CHACAPAMPA,JUNIN,HUANCAYO,4.0,23.0,0.17391304347826086,0.0,0.782608695652174,0.00047647409172126264,0.0,0.782608695652174,0.26102838991463173,Mejor atendido,0.3334921580305738,1.0,0.07246376811594207
151013,HUAMPARA,LIMA,YAUYOS,1.0,18.0,0.05555555555555555,0.0,0.0,0.00015220700152207,0.0,0.0,5.073566717402333e-05,Subatendido,5.073566717402333e-05,0.0,0.0
120108,CHONGOS ALTO,JUNIN,HUANCAYO,1.0,60.0,0.016666666666666666,0.0,0.15,4.5662100456621006e-05,0.0,0.15,0.050015220700152206,Acceso medio,0.2000152207001522,0.6,0.15
090704,AHUAYCHA,HUANCAVELICA,TAYACAJA,5.0,53.0,0.09433962264150944,2.0,0.9811320754716981,0.0002584647195657793,3.2237993765172007e-06,0.9811320754716981,0.3271312546635468,Mejor atendido,0.33342056283964744,1.0,0.0062893081761006275
151018,LARAOS,LIMA,YAUYOS,1.0,88.0,0.011363636363636364,918.0,0.0,3.11332503113325e-05,0.0014797239138213951,0.0,0.0005036190547109092,Acceso medio,0.0005036190547109092,0.0,0.0
151007,CARANIA,LIMA,YAUYOS,1.0,28.0,0.03571428571428571,1038.0,0.0,9.784735812133071e-05,0.0016731518764124271,0.0,0.0005903330781779193,Acceso medio,0.0005903330781779193,0.0,0.0
090706,DANIEL HERNANDEZ,HUANCAVELICA,TAYACAJA,4.0,60.0,0.06666666666666667,180.25,1.0,0.00018264840182648402,0.0002905449188086127,1.0,0.33349106444021165,Mejor atendido,0.33349106444021165,1.0,0.0
090710,ÑAHUIMPUQUIO,HUANCAVELICA,TAYACAJA,2.0,19.0,0.10526315789473684,0.0,0.7368421052631579,0.0002883922134102379,0.0,0.7368421052631579,0.24571016582552271,Mejor atendido,0.33342946407113677,1.0,0.08771929824561406
150505,CHILCA,LIMA,CAÑETE,8.0,61.0,0.13114754098360656,0.0,0.0,0.0003593083314619358,0.0,0.0,0.00011976944382064526,Subatendido,0.00011976944382064526,0.0,0.0
150710,LAHUAYTAMBO,LIMA,HUAROCHIRI,2.0,28.0,0.07142857142857142,0.0,0.0,0.00019569471624266143,0.0,0.0,6.523157208088714e-05,Subatendido,6.523157208088714e-05,0.0,0.0
150123,PACHACAMAC,LIMA,LIMA,55.0,24.0,2.2916666666666665,0.0,0.0,0.006278538812785388,0.0,0.0,0.0020928462709284626,Acceso medio,0.0020928462709284626,0.0,0.0
120905,HUAMANCACA CHICO,JUNIN,CHUPACA,2.0,7.0,0.2857142857142857,0.0,1.0,0.0007827788649706457,0.0,1.0,0.33359425962165684,Mejor atendido,0.33359425962165684,1.0,0.0
150115,LA VICTORIA,LIMA,LIMA,89.0,1.0,89.0,187964.0,0.0,0.24383561643835616,0.30297911300383956,0.0,0.1822715764807319,Mejor atendido,0.1822715764807319,0.0,0.0
150114,LA MOLINA,LIMA,LIMA,152.0,10.0,15.2,112476.375,0.0,0.041643835616438356,0.18130063379895742,0.0,0.07431482313846526,Acceso medio,0.07431482313846526,0.0,0.0
070102,BELLAVISTA,CALLAO,CALLAO,118.0,1.0,118.0,100095.76923076923,0.0,0.3232876712328767,0.16134433921908173,0.0,0.16154400348398615,Acceso medio,0.16154400348398615,0.0,0.0
150105,BREÑA,LIMA,LIMA,147.0,1.0,147.0,89612.66666666667,0.0,0.40273972602739727,0.14444662946402187,0.0,0.18239545183047304,Mejor atendido,0.18239545183047304,0.0,0.0
120107,CHILCA,JUNIN,HUANCAYO,28.0,13.0,2.1538461538461537,1135.1666666666667,0.9230769230769231,0.005900948366701791,0.0018297747961215545,0.9230769230769231,0.3102692154132488,Mejor atendido,0.33591024105427447,1.0,0.02564102564102566
120133,SAPALLANGA,JUNIN,HUANCAYO,6.0,36.0,0.16666666666666666,3.857142857142857,0.6388888888888888,0.00045662100456621003,6.217327368997458e-06,0.6388888888888888,0.21311724240694133,Mejor atendido,0.3334876127773117,1.0,0.12037037037037038
120901,CHUPACA,JUNIN,CHUPACA,4.0,13.0,0.3076923076923077,3755.0,1.0,0.0008429926238145417,0.006052683329411044,1.0,0.3356318919844085,Mejor atendido,0.3356318919844085,1.0,0.0
150725,SAN PEDRO DE HUANCAYRE,LIMA,HUAROCHIRI,1.0,37.0,0.02702702702702703,0.0,0.0,7.404664938911514e-05,0.0,0.0,2.468221646303838e-05,Subatendido,2.468221646303838e-05,0.0,0.0
090715,SALCAHUASI,HUANCAVELICA,TAYACAJA,4.0,55.0,0.07272727272727272,8.25,1.0,0.00019925280199252802,1.3298172428133453e-05,1.0,0.33340418365814023,Mejor atendido,0.33340418365814023,1.0,0.0
120907,SAN JUAN DE JARPA,JUNIN,CHUPACA,2.0,21.0,0.09523809523809523,0.0,0.8095238095238095,0.0002609262883235486,0.0,0.8095238095238095,0.269928245270711,Mejor atendido,0.3334203087627745,1.0,0.06349206349206349
120902,AHUAC,JUNIN,CHUPACA,2.0,38.0,0.05263157894736842,0.0,1.0,0.00014419610670511894,0.0,1.0,0.333381398702235,Mejor atendido,0.333381398702235,1.0,0.0
151030,TOMAS,LIMA,YAUYOS,2.0,54.0,0.037037037037037035,0.0,0.0,0.00010147133434804668,0.0,0.0,3.382377811601556e-05,Subatendido,3.382377811601556e-05,0.0,0.0
090717,SURCUBAMBA,HUANCAVELICA,TAYACAJA,7.0,119.0,0.058823529411764705,45.857142857142854,0.8991596638655462,0.00016116035455278002,7.391711427585866e-05,0.8991596638655462,0.2997982471114583,Mejor atendido,0.33341169248960956,1.0,0.03361344537815125
150137,SANTA ANITA,LIMA,LIMA,178.0,3.0,59.333333333333336,60877.5,0.0,0.16255707762557078,0.09812842327196294,0.0,0.08689516696584458,Acceso medio,0.08689516696584458,0.0,0.0
120125,PILCOMAYO,JUNIN,HUANCAYO,1.0,3.0,0.3333333333333333,0.5,1.0,0.0009132420091324201,8.059498441293002e-07,1.0,0.33363801598632553,Mejor atendido,0.33363801598632553,1.0,0.0
120904,HUACHAC,JUNIN,CHUPACA,4.0,10.0,0.4,0.0,1.0,0.0010958904109589042,0.0,1.0,0.33369863013698625,Mejor atendido,0.33369863013698625,1.0,0.0
150109,CIENEGUILLA,LIMA,LIMA,22.0,11.0,2.0,0.0,0.0,0.005479452054794521,0.0,0.0,0.0018264840182648401,Acceso medio,0.0018264840182648401,0.0,0.0
090716,SAN MARCOS DE ROCCHAC,HUANCAVELICA,TAYACAJA,4.0,54.0,0.07407407407407407,24.0,0.9444444444444444,0.00020294266869609335,3.868559251820641e-05,0.9444444444444444,0.3148953575685529,Mejor atendido,0.33341387608707146,1.0,0.018518518518518545
120214,SAN JOSE DE QUERO,JUNIN,CONCEPCION,6.0,61.0,0.09836065573770492,0.0,0.8032786885245902,0.0002694812485964518,0.0,0.8032786885245902,0.26784938992439555,Mejor atendido,0.3334231604161988,1.0,0.06557377049180324
090707,HUACHOCOLPA,HUANCAVELICA,TAYACAJA,4.0,50.0,0.08,25.8,0.9,0.00021917808219178083,4.158701195707189e-05,0.9,0.3000869216980496,Mejor atendido,0.33342025503138295,1.0,0.033333333333333326
151014,HUANCAYA,LIMA,YAUYOS,1.0,36.0,0.027777777777777776,0.0,0.0,7.6103500761035e-05,0.0,0.0,2.5367833587011666e-05,Subatendido,2.5367833587011666e-05,0.0,0.0
151028,TANTA,LIMA,YAUYOS,1.0,27.0,0.037037037037037035,0.0,0.0,0.00010147133434804668,0.0,0.0,3.382377811601556e-05,Subatendido,3.382377811601556e-05,0.0,0.0
120134,SICAYA,JUNIN,HUANCAYO,1.0,14.0,0.07142857142857142,0.0,1.0,0.00019569471624266143,0.0,1.0,0.33339856490541425,Mejor atendido,0.33339856490541425,1.0,0.0
160510,JENARO HERRERA,LORETO,REQUENA,1.0,24.0,0.041666666666666664,0.0,0.0,0.00011415525114155251,0.0,0.0,3.80517503805175e-05,Subatendido,3.80517503805175e-05,0.0,0.0
120809,SUITUCANCHA,JUNIN,YAULI,1.0,161.0,0.006211180124223602,0.0,0.5217391304347826,1.7016931847187952e-05,0.0,0.5217391304347826,0.1739187157888766,Mejor atendido,0.33126861226920784,0.9937888198757764,0.15734989648033124
120416,MASMA,JUNIN,JAUJA,2.0,13.0,0.15384615384615385,0.0,1.0,0.00042149631190727084,0.0,1.0,0.33347383210396914,Mejor atendido,0.33347383210396914,1.0,0.0
120408,HUAMALI,JUNIN,JAUJA,1.0,10.0,0.1,0.0,1.0,0.00027397260273972606,0.0,1.0,0.33342465753424655,Mejor atendido,0.33342465753424655,1.0,0.0
120405,CANCHAYLLO,JUNIN,JAUJA,2.0,22.0,0.09090909090909091,0.0,0.2727272727272727,0.00024906600249066,0.0,0.2727272727272727,0.09099211290992111,Acceso medio,0.24250726442507264,0.7272727272727273,0.15151515151515155
120410,HUERTAS,JUNIN,JAUJA,1.0,22.0,0.045454545454545456,0.0,1.0,0.00012453300124533,0.0,1.0,0.3333748443337485,Mejor atendido,0.3333748443337485,1.0,0.0
120411,JANJAILLO,JUNIN,JAUJA,1.0,21.0,0.047619047619047616,0.0,1.0,0.0001304631441617743,0.0,1.0,0.33337682104805394,Mejor atendido,0.33337682104805394,1.0,0.0
120417,MASMA CHICCHE,JUNIN,JAUJA,1.0,15.0,0.06666666666666667,0.0,1.0,0.00018264840182648402,0.0,1.0,0.3333942161339422,Mejor atendido,0.3333942161339422,1.0,0.0
120412,JULCAN,JUNIN,JAUJA,1.0,12.0,0.08333333333333333,0.0,1.0,0.00022831050228310502,0.0,1.0,0.33340943683409435,Mejor atendido,0.33340943683409435,1.0,0.0
150724,SAN PEDRO DE CASTA,LIMA,HUAROCHIRI,3.0,14.0,0.21428571428571427,0.0,0.0,0.0005870841487279843,0.0,0.0,0.00019569471624266145,Acceso medio,0.00019569471624266145,0.0,0.0
120415,MARCO,JUNIN,JAUJA,1.0,8.0,0.125,0.0,1.0,0.00034246575342465754,0.0,1.0,0.33344748858447487,Mejor atendido,0.33344748858447487,1.0,0.0
120424,PANCAN,JUNIN,JAUJA,2.0,4.0,0.5,0.0,1.0,0.0013698630136986301,0.0,1.0,0.33378995433789954,Mejor atendido,0.33378995433789954,1.0,0.0
120406,CURICACA,JUNIN,JAUJA,1.0,25.0,0.04,0.0,0.92,0.00010958904109589041,0.0,0.92,0.30670319634703197,Mejor atendido,0.3333698630136986,1.0,0.026666666666666616
150701,MATUCANA,LIMA,HUAROCHIRI,1.0,75.0,0.013333333333333334,11073.0,0.0,3.6529680365296805e-05,0.01784856524808748,0.0,0.005961698309484259,Acceso medio,0.005961698309484259,0.0,0.0
150708,HUANZA,LIMA,HUAROCHIRI,2.0,48.0,0.041666666666666664,0.0,0.0,0.00011415525114155251,0.0,0.0,3.80517503805175e-05,Subatendido,3.80517503805175e-05,0.0,0.0
120801,LA OROYA,JUNIN,YAULI,8.0,70.0,0.11428571428571428,69.25,0.15714285714285714,0.0003131115459882583,0.00011162405341190808,0.15714285714285714,0.05252253091408577,Acceso medio,0.33347491186646677,1.0,0.280952380952381
150712,SAN PEDRO DE LARAOS,LIMA,HUAROCHIRI,1.0,27.0,0.037037037037037035,0.0,0.0,0.00010147133434804668,0.0,0.0,3.382377811601556e-05,Subatendido,3.382377811601556e-05,0.0,0.0
120427,RICRAN,JUNIN,JAUJA,2.0,61.0,0.03278688524590164,0.0,0.6229508196721312,8.982708286548394e-05,0.0,0.6229508196721312,0.2076802155849989,Mejor atendido,0.33336327569428853,1.0,0.12568306010928962
120703,HUARICOLCA,JUNIN,TARMA,3.0,31.0,0.0967741935483871,0.0,0.7419354838709677,0.0002651347768448961,0.0,0.7419354838709677,0.24740020621593753,Mejor atendido,0.3334217115922817,1.0,0.08602150537634415
120418,MOLINOS,JUNIN,JAUJA,3.0,34.0,0.08823529411764706,0.0,0.7941176470588235,0.00024174053182917003,0.0,0.7941176470588235,0.26478646253021754,Mejor atendido,0.3334139135106097,1.0,0.06862745098039219
120403,APATA,JUNIN,JAUJA,5.0,120.0,0.041666666666666664,0.0,0.43333333333333335,0.00011415525114155251,0.0,0.43333333333333335,0.14448249619482498,Acceso medio,0.33337138508371383,1.0,0.18888888888888886
120206,COMAS,JUNIN,CONCEPCION,7.0,118.0,0.059322033898305086,0.0,0.788135593220339,0.000162526120269329,0.0,0.788135593220339,0.2627660397802028,Mejor atendido,0.33338750870675643,1.0,0.07062146892655363
150403,HUAMANTANGA,LIMA,CANTA,3.0,34.0,0.08823529411764706,0.0,0.0,0.00024174053182917003,0.0,0.0,8.058017727639001e-05,Subatendido,8.058017727639001e-05,0.0,0.0
150401,CANTA,LIMA,CANTA,3.0,123.0,0.024390243902439025,0.0,0.0,6.682258603407952e-05,0.0,0.0,2.2274195344693174e-05,Subatendido,2.2274195344693174e-05,0.0,0.0
120805,MOROCOCHA,JUNIN,YAULI,7.0,24.0,0.2916666666666667,4.5,0.5416666666666666,0.0007990867579908676,7.253548597163701e-06,0.5416666666666666,0.18082433565775155,Mejor atendido,0.33360211343552937,1.0,0.15277777777777782
150605,CHANCAY,LIMA,HUARAL,14.0,47.0,0.2978723404255319,33698.5,0.0,0.0008160886039055668,0.054318601644782444,0.0,0.018378230082896,Acceso medio,0.018378230082896,0.0,0.0
170103,LAS PIEDRAS,MADRE DE DIOS,TAMBOPATA,11.0,76.0,0.14473684210526316,0.0,0.42105263157894735,0.0003965392934390772,0.0,0.42105263157894735,0.14048305695746213,Acceso medio,0.30276375871184813,0.9078947368421053,0.162280701754386
120701,TARMA,JUNIN,TARMA,19.0,111.0,0.17117117117117117,4681.571428571428,0.8828828828828829,0.00046896211279772923,0.007546223526274655,0.8828828828828829,0.2969660228406517,Mejor atendido,0.3360050618796908,1.0,0.0390390390390391
150604,AUCALLAMA,LIMA,HUARAL,6.0,75.0,0.08,0.0,0.0,0.00021917808219178083,0.0,0.0,7.305936073059361e-05,Subatendido,7.305936073059361e-05,0.0,0.0
120709,TAPO,JUNIN,TARMA,6.0,30.0,0.2,0.0,1.0,0.0005479452054794521,0.0,1.0,0.33351598173515984,Mejor atendido,0.33351598173515984,1.0,0.0
120603,LLAYLLA,JUNIN,SATIPO,3.0,35.0,0.08571428571428572,15.666666666666666,0.8571428571428571,0.00023483365949119374,2.5253095116051405e-05,0.8571428571428571,0.28580098129915477,Mejor atendido,0.3334200289182024,1.0,0.047619047619047616
150406,SAN BUENAVENTURA,LIMA,CANTA,3.0,37.0,0.08108108108108109,0.0,0.0,0.00022213994816734544,0.0,0.0,7.404664938911514e-05,Subatendido,7.404664938911514e-05,0.0,0.0
120806,PACCHA,JUNIN,YAULI,1.0,30.0,0.03333333333333333,13.0,0.36666666666666664,9.132420091324201e-05,2.0954695947361805e-05,0.36666666666666664,0.12225964852117575,Acceso medio,0.33337075963228685,1.0,0.21111111111111108
170303,TAHUAMANU,MADRE DE DIOS,TAHUAMANU,7.0,11.0,0.6363636363636364,0.0,0.5454545454545454,0.0017434620174346202,0.0,0.5454545454545454,0.18239933582399334,Mejor atendido,0.33391448733914486,1.0,0.15151515151515152
120705,LA UNION,JUNIN,TARMA,5.0,29.0,0.1724137931034483,0.0,0.7586206896551724,0.0004723665564478035,0.0,0.7586206896551724,0.25303101873720674,Mejor atendido,0.3334907888521493,1.0,0.08045977011494254
150611,SUMBILCA,LIMA,HUARAL,4.0,22.0,0.18181818181818182,0.0,0.0,0.00049813200498132,0.0,0.0,0.00016604400166044,Acceso medio,0.00016604400166044,0.0,0.0
170202,FITZCARRALD,MADRE DE DIOS,MANU,4.0,15.0,0.26666666666666666,0.0,0.26666666666666666,0.0007305936073059361,0.0,0.26666666666666666,0.0891324200913242,Acceso medio,0.20024353120243532,0.6,0.11111111111111112
150404,HUAROS,LIMA,CANTA,2.0,109.0,0.01834862385321101,0.0,0.0,5.027020233756441e-05,0.0,0.0,1.675673411252147e-05,Subatendido,1.675673411252147e-05,0.0,0.0
120702,ACOBAMBA,JUNIN,TARMA,6.0,45.0,0.13333333333333333,947.0,1.0,0.00036529680365296805,0.0015264690047808946,1.0,0.3339639219361446,Mejor atendido,0.3339639219361446,1.0,0.0
150603,ATAVILLOS BAJO,LIMA,HUARAL,4.0,41.0,0.0975609756097561,0.0,0.0,0.00026729034413631807,0.0,0.0,8.90967813787727e-05,Subatendido,8.90967813787727e-05,0.0,0.0
120605,PAMPA HERMOSA,JUNIN,SATIPO,6.0,58.0,0.10344827586206896,0.0,0.8793103448275862,0.00028341993386868207,0.0,0.8793103448275862,0.29319792158715163,Mejor atendido,0.33342780664462285,1.0,0.040229885057471215
120602,COVIRIALI,JUNIN,SATIPO,6.0,46.0,0.13043478260869565,0.0,1.0,0.00035735556879094697,0.0,1.0,0.33345245185626365,Mejor atendido,0.33345245185626365,1.0,0.0
120419,MONOBAMBA,JUNIN,JAUJA,2.0,25.0,0.08,0.0,0.8,0.00021917808219178083,0.0,0.8,0.26673972602739726,Mejor atendido,0.33340639269406397,1.0,0.06666666666666671
150608,PACARAOS,LIMA,HUARAL,4.0,73.0,0.0547945205479452,0.0,0.0,0.00015012197410395946,0.0,0.0,5.0040658034653157e-05,Subatendido,5.0040658034653157e-05,0.0,0.0
070103,CARMEN DE LA LEGUA REYNOSO,CALLAO,CALLAO,100.0,1.0,100.0,82283.25,0.0,0.273972602739726,0.13263234502390447,0.0,0.13553498258787683,Acceso medio,0.13553498258787683,0.0,0.0
150101,LIMA,LIMA,LIMA,253.0,1.0,253.0,141554.66666666666,0.0,0.6931506849315069,0.22817192307155007,0.0,0.307107536001019,Mejor atendido,0.307107536001019,0.0,0.0
150111,EL AGUSTINO,LIMA,LIMA,100.0,3.0,33.333333333333336,61606.5,0.0,0.09132420091324202,0.09930349814470346,0.0,0.06354256635264849,Acceso medio,0.06354256635264849,0.0,0.0
150128,RIMAC,LIMA,LIMA,67.0,1.0,67.0,27072.6,0.0,0.18356164383561643,0.04363831550034978,0.0,0.0757333197786554,Acceso medio,0.0757333197786554,0.0,0.0
150103,ATE,LIMA,LIMA,338.0,11.0,30.727272727272727,143179.9090909091,0.0,0.08418430884184308,0.2307916508285311,0.0,0.10499198655679139,Acceso medio,0.10499198655679139,0.0,0.0
150107,CHACLACAYO,LIMA,LIMA,32.0,8.0,4.0,146.0,0.0,0.010958904109589041,0.00023533735448575565,0.0,0.0037314138213582655,Acceso medio,0.0037314138213582655,0.0,0.0
150112,INDEPENDENCIA,LIMA,LIMA,62.0,3.0,20.666666666666668,90958.0,0.0,0.05662100456621005,0.14661517184462577,0.0,0.06774539213694528,Acceso medio,0.06774539213694528,0.0,0.0
070101,CALLAO,CALLAO,CALLAO,298.0,7.0,42.57142857142857,46101.41463414634,0.0,0.11663405088062621,0.07431085587706096,0.0,0.06364830225256239,Acceso medio,0.06364830225256239,0.0,0.0
150135,SAN MARTIN DE PORRES,LIMA,LIMA,367.0,8.0,45.875,97737.375,0.0,0.1256849315068493,0.1575428442937139,0.0,0.09440925860018774,Acceso medio,0.09440925860018774,0.0,0.0
150117,LOS OLIVOS,LIMA,LIMA,539.0,8.0,67.375,15485.6875,0.0,0.18458904109589042,0.024961374853720103,0.0,0.06985013864987018,Acceso medio,0.06985013864987018,0.0,0.0
150110,COMAS,LIMA,LIMA,262.0,13.0,20.153846153846153,158301.5625,0.0,0.055216016859852474,0.25516623924459936,0.0,0.10346075203481726,Acceso medio,0.10346075203481726,0.0,0.0
150118,LURIGANCHO,LIMA,LIMA,89.0,26.0,3.423076923076923,91666.66666666667,0.0,0.009378292939936776,0.14775747142370504,0.0,0.05237858812121394,Acceso medio,0.05237858812121394,0.0,0.0
150132,SAN JUAN DE LURIGANCHO,LIMA,LIMA,669.0,16.0,41.8125,143498.0,0.0,0.11455479452054794,0.23130438146573262,0.0,0.11528639199542685,Acceso medio,0.11528639199542685,0.0,0.0
070106,VENTANILLA,CALLAO,CALLAO,165.0,7.0,23.571428571428573,18635.0,0.0,0.06457925636007829,0.030037750690699017,0.0,0.0315390023502591,Acceso medio,0.0315390023502591,0.0,0.0
150125,PUENTE PIEDRA,LIMA,LIMA,190.0,15.0,12.666666666666666,36302.11111111111,0.0,0.034703196347031964,0.05851536158312907,0.0,0.031072852643387012,Acceso medio,0.031072852643387012,0.0,0.0
150808,PACCHO,LIMA,HUAURA,4.0,62.0,0.06451612903225806,0.0,0.0,0.00017675651789659743,0.0,0.0,5.891883929886581e-05,Subatendido,5.891883929886581e-05,0.0,0.0
090205,MARCAS,HUANCAVELICA,ACOBAMBA,4.0,49.0,0.08163265306122448,380.5,0.7755102040816326,0.00022365110427732736,0.0006133278313823974,0.7755102040816326,0.25878239433909744,Mejor atendido,0.3336123263118866,1.0,0.07482993197278914
120135,SANTO DOMINGO DE ACOBAMBA,JUNIN,HUANCAYO,9.0,82.0,0.10975609756097561,0.0,0.7439024390243902,0.00030070163715335786,0.0,0.7439024390243902,0.24806771355384785,Mejor atendido,0.32530348591157143,0.975609756097561,0.07723577235772358
120429,SAN PEDRO DE CHUNAN,JUNIN,JAUJA,1.0,5.0,0.2,0.0,1.0,0.0005479452054794521,0.0,1.0,0.33351598173515984,Mejor atendido,0.33351598173515984,1.0,0.0
150722,SAN MATEO,LIMA,HUAROCHIRI,7.0,85.0,0.08235294117647059,0.0,0.0,0.00022562449637389203,0.0,0.0,7.520816545796401e-05,Subatendido,7.520816545796401e-05,0.0,0.0
150719,SAN JUAN DE IRIS,LIMA,HUAROCHIRI,1.0,15.0,0.06666666666666667,0.0,0.0,0.00018264840182648402,0.0,0.0,6.088280060882801e-05,Subatendido,6.088280060882801e-05,0.0,0.0
150716,SAN ANTONIO,LIMA,HUAROCHIRI,7.0,42.0,0.16666666666666666,5970.5,0.0,0.00045662100456621003,0.009623847088747974,0.0,0.0033601560311047277,Acceso medio,0.0033601560311047277,0.0,0.0
120432,TUNAN MARCA,JUNIN,JAUJA,1.0,9.0,0.1111111111111111,0.0,1.0,0.00030441400304414,0.0,1.0,0.3334348046676814,Mejor atendido,0.3334348046676814,1.0,0.0
120802,CHACAPALPA,JUNIN,YAULI,1.0,148.0,0.006756756756756757,0.0,0.5,1.8511662347278786e-05,0.0,0.5,0.1666728372207824,Acceso medio,0.3333395038874491,1.0,0.16666666666666669
120803,HUAY-HUAY,JUNIN,YAULI,2.0,169.0,0.011834319526627219,0.0,0.4556213017751479,3.242279322363622e-05,0.0,0.4556213017751479,0.15188457485612386,Acceso medio,0.3333441409310745,1.0,0.18145956607495065
120422,PACA,JUNIN,JAUJA,2.0,10.0,0.2,0.0,1.0,0.0005479452054794521,0.0,1.0,0.33351598173515984,Mejor atendido,0.33351598173515984,1.0,0.0
150707,HUACHUPAMPA,LIMA,HUAROCHIRI,2.0,17.0,0.11764705882352941,0.0,0.0,0.00032232070910556004,0.0,0.0,0.00010744023636852001,Subatendido,0.00010744023636852001,0.0,0.0
120433,YAULI,JUNIN,JAUJA,1.0,56.0,0.017857142857142856,0.0,0.30357142857142855,4.8923679060665357e-05,0.0,0.30357142857142855,0.10120678408349641,Acceso medio,0.3333496412263535,1.0,0.2321428571428571
150402,ARAHUAY,LIMA,CANTA,2.0,34.0,0.058823529411764705,0.0,0.0,0.00016116035455278002,0.0,0.0,5.372011818426001e-05,Subatendido,5.372011818426001e-05,0.0,0.0
120810,YAULI,JUNIN,YAULI,5.0,96.0,0.052083333333333336,0.0,0.2916666666666667,0.00014269406392694066,0.0,0.2916666666666667,0.09726978691019787,Acceso medio,0.3160197869101979,0.9479166666666666,0.21875
130504,HUASO,LA LIBERTAD,JULCAN,7.0,74.0,0.0945945945945946,8.857142857142858,0.0,0.000259163272861903,1.427682581029046e-05,0.0,9.114669955739782e-05,Subatendido,9.114669955739782e-05,0.0,0.0
221005,UCHIZA,SAN MARTIN,TOCACHE,13.0,95.0,0.1368421052631579,424.0,0.0,0.0003749098774333093,0.0006834454678216465,0.0,0.0003527851150849853,Acceso medio,0.0003527851150849853,0.0,0.0
131201,VIRU,LA LIBERTAD,VIRU,15.0,102.0,0.14705882352941177,5232.0,0.0,0.0004029008863819501,0.008433459168968998,0.0,0.0029454533517836493,Acceso medio,0.0029454533517836493,0.0,0.0
130107,MOCHE,LA LIBERTAD,TRUJILLO,8.0,53.0,0.1509433962264151,9052.875,0.0,0.00041354355130524684,0.014592326390344076,0.0,0.005001956647216441,Acceso medio,0.005001956647216441,0.0,0.0
220708,SHAMBOYACU,SAN MARTIN,PICOTA,5.0,54.0,0.09259259259259259,39.0,0.0,0.0002536783358701167,6.286408784208541e-05,0.0,0.0001055141412374007,Subatendido,0.0001055141412374007,0.0,0.0
140107,LAGUNAS,LAMBAYEQUE,CHICLAYO,6.0,37.0,0.16216216216216217,0.0,0.0,0.0004442798963346909,0.0,0.0,0.00014809329877823029,Subatendido,0.00014809329877823029,0.0,0.0
022005,QUILLO,ANCASH,YUNGAY,3.0,117.0,0.02564102564102564,0.0,0.0,7.024938531787847e-05,0.0,0.0,2.3416461772626156e-05,Subatendido,2.3416461772626156e-05,0.0,0.0
021002,ANRA,ANCASH,HUARI,1.0,27.0,0.037037037037037035,0.0,0.0,0.00010147133434804668,0.0,0.0,3.382377811601556e-05,Subatendido,3.382377811601556e-05,0.0,0.0
022002,CASCAPARA,ANCASH,YUNGAY,1.0,30.0,0.03333333333333333,0.0,0.0,9.132420091324201e-05,0.0,0.0,3.0441400304414005e-05,Subatendido,3.0441400304414005e-05,0.0,0.0
020801,CASMA,ANCASH,CASMA,7.0,75.0,0.09333333333333334,19185.666666666668,0.0,0.00025570776255707763,0.030925370119033423,0.0,0.010393692627196834,Acceso medio,0.010393692627196834,0.0,0.0
022004,MATACOTO,ANCASH,YUNGAY,1.0,45.0,0.022222222222222223,0.0,0.0,6.088280060882801e-05,0.0,0.0,2.0294266869609337e-05,Subatendido,2.0294266869609337e-05,0.0,0.0
020609,SHILLA,ANCASH,CARHUAZ,1.0,25.0,0.04,0.0,0.0,0.00010958904109589041,0.0,0.0,3.6529680365296805e-05,Subatendido,3.6529680365296805e-05,0.0,0.0
021207,PUEBLO LIBRE,ANCASH,HUAYLAS,6.0,75.0,0.08,0.0,0.0,0.00021917808219178083,0.0,0.0,7.305936073059361e-05,Subatendido,7.305936073059361e-05,0.0,0.0
020703,YAUYA,ANCASH,CARLOS FERMIN FITZCARRALD,5.0,98.0,0.05102040816326531,0.0,0.0,0.0001397819401733296,0.0,0.0,4.659398005777654e-05,Subatendido,4.659398005777654e-05,0.0,0.0
021306,LLUMPA,ANCASH,MARISCAL LUZURIAGA,4.0,80.0,0.05,798.8,0.0,0.00013698630136986303,0.0012875854709809699,0.0,0.00047485725745027765,Acceso medio,0.00047485725745027765,0.0,0.0
021205,MATO,ANCASH,HUAYLAS,2.0,60.0,0.03333333333333333,0.0,0.0,9.132420091324201e-05,0.0,0.0,3.0441400304414005e-05,Subatendido,3.0441400304414005e-05,0.0,0.0
021307,LUCMA,ANCASH,MARISCAL LUZURIAGA,3.0,58.0,0.05172413793103448,0.0,0.0,0.00014170996693434103,0.0,0.0,4.723665564478034e-05,Subatendido,4.723665564478034e-05,0.0,0.0
022008,YANAMA,ANCASH,YUNGAY,6.0,67.0,0.08955223880597014,0.0,0.0,0.0002453485994684114,0.0,0.0,8.178286648947046e-05,Subatendido,8.178286648947046e-05,0.0,0.0
021704,HUAYLLAPAMPA,ANCASH,RECUAY,1.0,22.0,0.045454545454545456,0.0,0.0,0.00012453300124533,0.0,0.0,4.151100041511e-05,Subatendido,4.151100041511e-05,0.0,0.0
061201,SAN PABLO,CAJAMARCA,SAN PABLO,6.0,64.0,0.09375,495.0,0.0,0.0002568493150684931,0.0007978903456880072,0.0,0.00035157988691883344,Acceso medio,0.00035157988691883344,0.0,0.0
220406,TINGO DE SAPOSOA,SAN MARTIN,HUALLAGA,1.0,31.0,0.03225806451612903,0.0,0.0,8.837825894829872e-05,0.0,0.0,2.9459419649432907e-05,Subatendido,2.9459419649432907e-05,0.0,0.0
061110,SAN GREGORIO,CAJAMARCA,SAN MIGUEL,3.0,62.0,0.04838709677419355,0.0,0.0,0.00013256738842244806,0.0,0.0,4.418912947414935e-05,Subatendido,4.418912947414935e-05,0.0,0.0
220203,BAJO BIAVO,SAN MARTIN,BELLAVISTA,10.0,76.0,0.13157894736842105,47.2,0.0,0.0003604902667627974,7.608166528580594e-05,0.0,0.00014552397734953444,Subatendido,0.00014552397734953444,0.0,0.0
060108,LOS BAÑOS DEL INCA,CAJAMARCA,CAJAMARCA,7.0,119.0,0.058823529411764705,1247.7777777777778,0.0,0.00016116035455278002,0.002011292611016009,0.0,0.0007241509885229296,Acceso medio,0.0007241509885229296,0.0,0.0
061113,UNION AGUA BLANCA,CAJAMARCA,SAN MIGUEL,2.0,40.0,0.05,0.0,0.0,0.00013698630136986303,0.0,0.0,4.566210045662101e-05,Subatendido,4.566210045662101e-05,0.0,0.0
061105,EL PRADO,CAJAMARCA,SAN MIGUEL,5.0,15.0,0.3333333333333333,0.0,0.0,0.0009132420091324201,0.0,0.0,0.00030441400304414,Acceso medio,0.00030441400304414,0.0,0.0
130304,LONGOTEA,LA LIBERTAD,BOLIVAR,2.0,50.0,0.04,0.0,0.0,0.00010958904109589041,0.0,0.0,3.6529680365296805e-05,Subatendido,3.6529680365296805e-05,0.0,0.0
130402,PACANGA,LA LIBERTAD,CHEPEN,2.0,57.0,0.03508771929824561,16.0,0.0,9.613073780341263e-05,2.5790395012137605e-05,0.0,4.064037760518341e-05,Subatendido,4.064037760518341e-05,0.0,0.0
220206,SAN RAFAEL,SAN MARTIN,BELLAVISTA,5.0,54.0,0.09259259259259259,1.0,0.0,0.0002536783358701167,1.6118996882586003e-06,0.0,8.50967451861251e-05,Subatendido,8.50967451861251e-05,0.0,0.0
060308,OXAMARCA,CAJAMARCA,CELENDIN,4.0,78.0,0.05128205128205128,17.5,0.0,0.00014049877063575695,2.8208244544525504e-05,0.0,5.6235671726760816e-05,Subatendido,5.6235671726760816e-05,0.0,0.0
130905,MARCABAL,LA LIBERTAD,SANCHEZ CARRION,6.0,125.0,0.048,3.2222222222222223,0.0,0.0001315068493150685,5.193898995499934e-06,0.0,4.556691610352282e-05,Subatendido,4.556691610352282e-05,0.0,0.0
060502,CHILETE,CAJAMARCA,CONTUMAZA,2.0,56.0,0.03571428571428571,4158.5,0.0,9.784735812133071e-05,0.00670308485362339,0.0,0.002266977403914907,Acceso medio,0.002266977403914907,0.0,0.0
220202,ALTO BIAVO,SAN MARTIN,BELLAVISTA,6.0,53.0,0.11320754716981132,0.0,0.0,0.00031015766347893513,0.0,0.0,0.00010338588782631171,Subatendido,0.00010338588782631171,0.0,0.0
060106,JESUS,CAJAMARCA,CAJAMARCA,6.0,100.0,0.06,49.833333333333336,0.0,0.00016438356164383562,8.032633446488691e-05,0.0,8.156996536957419e-05,Subatendido,8.156996536957419e-05,0.0,0.0
060507,TANTARICA,CAJAMARCA,CONTUMAZA,1.0,50.0,0.02,8.0,0.0,5.479452054794521e-05,1.2895197506068803e-05,0.0,2.2563239351338005e-05,Subatendido,2.2563239351338005e-05,0.0,0.0
060508,YONAN,CAJAMARCA,CONTUMAZA,5.0,46.0,0.10869565217391304,1053.0,0.0,0.00029779630732578913,0.0016973303717363062,0.0,0.0006650422263540318,Acceso medio,0.0006650422263540318,0.0,0.0
060109,MAGDALENA,CAJAMARCA,CAJAMARCA,4.0,139.0,0.02877697841726619,19.4,0.0,7.88410367596334e-05,3.1270853952216845e-05,0.0,3.670396357061675e-05,Subatendido,3.670396357061675e-05,0.0,0.0
060107,LLACANORA,CAJAMARCA,CAJAMARCA,1.0,61.0,0.01639344262295082,0.5,0.0,4.491354143274197e-05,8.059498441293002e-07,0.0,1.5239830425623756e-05,Subatendido,1.5239830425623756e-05,0.0,0.0
061004,GREGORIO PITA,CAJAMARCA,SAN MARCOS,5.0,72.0,0.06944444444444445,19.0,0.0,0.00019025875190258754,3.062609407691341e-05,0.0,7.362828199316698e-05,Subatendido,7.362828199316698e-05,0.0,0.0
130401,CHEPEN,LA LIBERTAD,CHEPEN,5.0,45.0,0.1111111111111111,47396.666666666664,0.0,0.00030441400304414,0.07639867222449678,0.0,0.025567695409180306,Acceso medio,0.025567695409180306,0.0,0.0
220605,PAJARILLO,SAN MARTIN,MARISCAL CACERES,5.0,86.0,0.05813953488372093,0.4,0.0,0.00015928639694170118,6.447598753034401e-07,0.0,5.331038560566821e-05,Subatendido,5.331038560566821e-05,0.0,0.0
060111,NAMORA,CAJAMARCA,CAJAMARCA,5.0,58.0,0.08620689655172414,1.8333333333333333,0.0,0.00023618327822390176,2.9551494284741005e-06,0.0,7.971280921745862e-05,Subatendido,7.971280921745862e-05,0.0,0.0
061202,SAN BERNARDINO,CAJAMARCA,SAN PABLO,3.0,39.0,0.07692307692307693,0.0,0.0,0.00021074815595363542,0.0,0.0,7.024938531787847e-05,Subatendido,7.024938531787847e-05,0.0,0.0
130306,UCUNCHA,LA LIBERTAD,BOLIVAR,1.0,26.0,0.038461538461538464,0.0,0.0,0.00010537407797681771,0.0,0.0,3.5124692658939236e-05,Subatendido,3.5124692658939236e-05,0.0,0.0
061203,SAN LUIS,CAJAMARCA,SAN PABLO,2.0,15.0,0.13333333333333333,0.0,0.0,0.00036529680365296805,0.0,0.0,0.00012176560121765602,Subatendido,0.00012176560121765602,0.0,0.0
220204,HUALLAGA,SAN MARTIN,BELLAVISTA,2.0,71.0,0.028169014084507043,0.0,0.0,7.717538105344396e-05,0.0,0.0,2.5725127017814654e-05,Subatendido,2.5725127017814654e-05,0.0,0.0
130704,PACASMAYO,LA LIBERTAD,PACASMAYO,4.0,4.0,1.0,52956.333333333336,0.0,0.0027397260273972603,0.08536029719131853,0.0,0.029366674406238597,Acceso medio,0.029366674406238597,0.0,0.0
060104,COSPAN,CAJAMARCA,CAJAMARCA,3.0,104.0,0.028846153846153848,24.0,0.0,7.903055848261329e-05,3.868559251820641e-05,0.0,3.923871700027323e-05,Subatendido,3.923871700027323e-05,0.0,0.0
061005,ICHOCAN,CAJAMARCA,SAN MARCOS,1.0,20.0,0.05,269.0,0.0,0.00013698630136986303,0.0004336010161415635,0.0,0.00019019577250380885,Acceso medio,0.00019019577250380885,0.0,0.0
060204,SITACOCHA,CAJAMARCA,CAJABAMBA,6.0,81.0,0.07407407407407407,0.0,0.0,0.00020294266869609335,0.0,0.0,6.764755623203112e-05,Subatendido,6.764755623203112e-05,0.0,0.0
130703,JEQUETEPEQUE,LA LIBERTAD,PACASMAYO,2.0,46.0,0.043478260869565216,0.0,0.0,0.00011911852293031566,0.0,0.0,3.970617431010522e-05,Subatendido,3.970617431010522e-05,0.0,0.0
130705,SAN JOSE,LA LIBERTAD,PACASMAYO,3.0,32.0,0.09375,0.0,0.0,0.0002568493150684931,0.0,0.0,8.561643835616437e-05,Subatendido,8.561643835616437e-05,0.0,0.0
060504,GUZMANGO,CAJAMARCA,CONTUMAZA,2.0,56.0,0.03571428571428571,0.0,0.0,9.784735812133071e-05,0.0,0.0,3.261578604044357e-05,Subatendido,3.261578604044357e-05,0.0,0.0
061006,JOSE MANUEL QUIROZ,CAJAMARCA,SAN MARCOS,1.0,73.0,0.0136986301369863,101.0,0.0,3.7530493525989866e-05,0.00016280186851411863,0.0,6.67774540133695e-05,Subatendido,6.67774540133695e-05,0.0,0.0
060506,SANTA CRUZ DE TOLED,CAJAMARCA,CONTUMAZA,1.0,82.0,0.012195121951219513,0.0,0.0,3.341129301703976e-05,0.0,0.0,1.1137097672346587e-05,Subatendido,1.1137097672346587e-05,0.0,0.0
060102,ASUNCION,CAJAMARCA,CAJAMARCA,3.0,106.0,0.02830188679245283,43.666666666666664,0.0,7.753941586973378e-05,7.03862863872922e-05,0.0,4.9308567419008667e-05,Subatendido,4.9308567419008667e-05,0.0,0.0
250101,CALLERIA,UCAYALI,CORONEL PORTILLO,72.0,177.0,0.4067796610169492,14243.068181818182,0.7062146892655368,0.0011144648247039704,0.022958397162118716,0.7062146892655368,0.24342918375078648,Mejor atendido,0.3149922722630275,0.9209039548022598,0.07156308851224102
061001,PEDRO GALVEZ,CAJAMARCA,SAN MARCOS,6.0,81.0,0.07407407407407407,2334.3333333333335,0.0,0.00020294266869609335,0.0037627111722916594,0.0,0.0013218846136625842,Acceso medio,0.0013218846136625842,0.0,0.0
060110,MATARA,CAJAMARCA,CAJAMARCA,1.0,27.0,0.037037037037037035,0.0,0.0,0.00010147133434804668,0.0,0.0,3.382377811601556e-05,Subatendido,3.382377811601556e-05,0.0,0.0
060112,SAN JUAN,CAJAMARCA,CAJAMARCA,1.0,43.0,0.023255813953488372,47.0,0.0,6.371455877668046e-05,7.575928534815421e-05,0.0,4.6491281374944895e-05,Subatendido,4.6491281374944895e-05,0.0,0.0
130702,GUADALUPE,LA LIBERTAD,PACASMAYO,7.0,50.0,0.14,11274.333333333334,0.0,0.0003835616438356165,0.018173094385323548,0.0,0.006185552009719722,Acceso medio,0.006185552009719722,0.0,0.0
060501,CONTUMAZA,CAJAMARCA,CONTUMAZA,6.0,165.0,0.03636363636363636,354.0,0.0,9.962640099626401e-05,0.0005706124896435445,0.0,0.00022341296354660284,Acceso medio,0.00022341296354660284,0.0,0.0
020401,CHACAS,ANCASH,ASUNCION,1.0,73.0,0.0136986301369863,789.0,0.0,3.7530493525989866e-05,0.0012717888540360357,0.0,0.0004364397825206752,Acceso medio,0.0004364397825206752,0.0,0.0
130802,BULDIBUYO,LA LIBERTAD,PATAZ,4.0,60.0,0.06666666666666667,0.0,0.0,0.00018264840182648402,0.0,0.0,6.088280060882801e-05,Subatendido,6.088280060882801e-05,0.0,0.0
131002,ANGASMARCA,LA LIBERTAD,SANTIAGO DE CHUCO,2.0,42.0,0.047619047619047616,0.0,0.0,0.0001304631441617743,0.0,0.0,4.348771472059143e-05,Subatendido,4.348771472059143e-05,0.0,0.0
250105,YARINACOCHA,UCAYALI,CORONEL PORTILLO,28.0,71.0,0.39436619718309857,4582.16,0.9154929577464789,0.0010804553347482152,0.0073859822755510274,0.9154929577464789,0.307986465118926,Mejor atendido,0.3361554792034331,1.0,0.02816901408450706
130803,CHILLIA,LA LIBERTAD,PATAZ,5.0,80.0,0.0625,0.0,0.0,0.00017123287671232877,0.0,0.0,5.7077625570776254e-05,Subatendido,5.7077625570776254e-05,0.0,0.0
021509,PAMPAS,ANCASH,PALLASCA,5.0,77.0,0.06493506493506493,424.5,0.0,0.00017790428749332856,0.0006842514176657759,0.0,0.0002873852350530348,Acceso medio,0.0002873852350530348,0.0,0.0
131004,MOLLEBAMBA,LA LIBERTAD,SANTIAGO DE CHUCO,2.0,59.0,0.03389830508474576,0.0,0.0,9.287206872533086e-05,0.0,0.0,3.095735624177695e-05,Subatendido,3.095735624177695e-05,0.0,0.0
130105,LA ESPERANZA,LA LIBERTAD,TRUJILLO,26.0,1.0,26.0,27634.083333333332,0.0,0.07123287671232877,0.04454337031031218,0.0,0.03859208234088032,Acceso medio,0.03859208234088032,0.0,0.0
221001,TOCACHE,SAN MARTIN,TOCACHE,13.0,92.0,0.14130434782608695,61496.5,0.0,0.0003871351995235259,0.09912618917899502,0.0,0.03317110812617285,Acceso medio,0.03317110812617285,0.0,0.0
130502,CALAMARCA,LA LIBERTAD,JULCAN,5.0,65.0,0.07692307692307693,38.8,0.0,0.00021074815595363542,6.254170790443369e-05,0.0,9.109662128602303e-05,Subatendido,9.109662128602303e-05,0.0,0.0
130102,EL PORVENIR,LA LIBERTAD,TRUJILLO,22.0,1.0,22.0,6492.636363636364,0.0,0.06027397260273973,0.010465478530521908,0.0,0.023579817044420543,Acceso medio,0.023579817044420543,0.0,0.0
130807,ONGON,LA LIBERTAD,PATAZ,2.0,56.0,0.03571428571428571,0.0,0.0,9.784735812133071e-05,0.0,0.0,3.261578604044357e-05,Subatendido,3.261578604044357e-05,0.0,0.0
130805,HUAYLILLAS,LA LIBERTAD,PATAZ,1.0,43.0,0.023255813953488372,0.0,0.0,6.371455877668046e-05,0.0,0.0,2.1238186258893487e-05,Subatendido,2.1238186258893487e-05,0.0,0.0
130111,VICTOR LARCO HERRERA,LA LIBERTAD,TRUJILLO,24.0,6.0,4.0,16023.0,0.0,0.010958904109589041,0.025827468704967552,0.0,0.012262124271518864,Acceso medio,0.012262124271518864,0.0,0.0
021503,CONCHUCOS,ANCASH,PALLASCA,5.0,114.0,0.043859649122807015,1999.5,0.0,0.0001201634222542658,0.0032229934266730714,0.0,0.0011143856163091123,Acceso medio,0.0011143856163091123,0.0,0.0
131001,SANTIAGO DE CHUCO,LA LIBERTAD,SANTIAGO DE CHUCO,10.0,156.0,0.0641025641025641,3819.0,0.0,0.00017562346329469617,0.006155844909459594,0.0,0.002110489457584763,Acceso medio,0.002110489457584763,0.0,0.0
130101,TRUJILLO,LA LIBERTAD,TRUJILLO,266.0,11.0,24.181818181818183,25389.333333333332,0.0,0.06625155666251557,0.04092505848509369,0.0,0.03572553838253642,Acceso medio,0.03572553838253642,0.0,0.0
131005,MOLLEPATA,LA LIBERTAD,SANTIAGO DE CHUCO,2.0,31.0,0.06451612903225806,0.0,0.0,0.00017675651789659743,0.0,0.0,5.891883929886581e-05,Subatendido,5.891883929886581e-05,0.0,0.0
130103,FLORENCIA DE MORA,LA LIBERTAD,TRUJILLO,7.0,1.0,7.0,9613.0,0.0,0.019178082191780823,0.015495191703229924,0.0,0.011557757965003584,Acceso medio,0.011557757965003584,0.0,0.0
061002,CHANCAY,CAJAMARCA,SAN MARCOS,3.0,31.0,0.0967741935483871,8.333333333333334,0.0,0.0002651347768448961,1.3432497402155003e-05,0.0,9.285575808235038e-05,Subatendido,9.285575808235038e-05,0.0,0.0
060202,CACHACHI,CAJAMARCA,CAJABAMBA,9.0,243.0,0.037037037037037035,0.0,0.0,0.00010147133434804668,0.0,0.0,3.382377811601556e-05,Subatendido,3.382377811601556e-05,0.0,0.0
100317,RIPAN,HUANUCO,DOS DE MAYO,3.0,107.0,0.028037383177570093,0.6666666666666666,0.0,7.681474843169889e-05,1.0745997921724002e-06,0.0,2.596311607462376e-05,Subatendido,2.596311607462376e-05,0.0,0.0
100322,SILLAPATA,HUANUCO,DOS DE MAYO,1.0,111.0,0.009009009009009009,2.0,0.0,2.468221646303838e-05,3.2237993765172007e-06,0.0,9.30200527985186e-06,Subatendido,9.30200527985186e-06,0.0,0.0
020201,AIJA,ANCASH,AIJA,1.0,98.0,0.01020408163265306,80.0,0.0,2.795638803466592e-05,0.000128951975060688,0.0,5.230278769845131e-05,Subatendido,5.230278769845131e-05,0.0,0.0
100321,SHUNQUI,HUANUCO,DOS DE MAYO,2.0,64.0,0.03125,5.5,0.0,8.561643835616438e-05,8.865448285422301e-06,0.0,3.149396221386223e-05,Subatendido,3.149396221386223e-05,0.0,0.0
020508,HUALLANCA,ANCASH,BOLOGNESI,2.0,229.0,0.008733624454148471,216.0,0.0,2.3927738230543756e-05,0.00034817033266385764,0.0,0.0001240326902981338,Subatendido,0.0001240326902981338,0.0,0.0
020202,CORIS,ANCASH,AIJA,3.0,132.0,0.022727272727272728,0.0,0.0,6.2266500622665e-05,0.0,0.0,2.0755500207555e-05,Subatendido,2.0755500207555e-05,0.0,0.0
101107,PAMPAMARCA,HUANUCO,YAROWILCA,1.0,95.0,0.010526315789473684,0.0,0.0,2.8839221341023793e-05,0.0,0.0,9.613073780341265e-06,Subatendido,9.613073780341265e-06,0.0,0.0
021103,CULEBRAS,ANCASH,HUARMEY,3.0,26.0,0.11538461538461539,0.0,0.0,0.00031612223393045314,0.0,0.0,0.00010537407797681771,Subatendido,0.00010537407797681771,0.0,0.0
021702,CATAC,ANCASH,RECUAY,1.0,198.0,0.005050505050505051,0.0,0.0,1.3837000138370003e-05,0.0,0.0,4.612333379456668e-06,Subatendido,4.612333379456668e-06,0.0,0.0
060306,JOSE GALVEZ,CAJAMARCA,CELENDIN,2.0,27.0,0.07407407407407407,0.5,0.0,0.00020294266869609335,8.059498441293002e-07,0.0,6.791620618007423e-05,Subatendido,6.791620618007423e-05,0.0,0.0
060101,CAJAMARCA,CAJAMARCA,CAJAMARCA,165.0,199.0,0.8291457286432161,10236.068181818182,0.0,0.0022716321332690854,0.016499515111266506,0.0,0.006257049081511864,Acceso medio,0.006257049081511864,0.0,0.0
140103,ETEN,LAMBAYEQUE,CHICLAYO,3.0,10.0,0.3,0.0,0.0,0.000821917808219178,0.0,0.0,0.000273972602739726,Acceso medio,0.000273972602739726,0.0,0.0
220701,PICOTA,SAN MARTIN,PICOTA,7.0,82.0,0.08536585365853659,1229.25,0.0,0.00023387905111927834,0.001981427691791884,0.0,0.0007384355809703875,Acceso medio,0.0007384355809703875,0.0,0.0
061108,NANCHOC,CAJAMARCA,SAN MIGUEL,2.0,50.0,0.04,0.0,0.0,0.00010958904109589041,0.0,0.0,3.6529680365296805e-05,Subatendido,3.6529680365296805e-05,0.0,0.0
220201,BELLAVISTA,SAN MARTIN,BELLAVISTA,15.0,65.0,0.23076923076923078,7963.111111111111,0.0,0.0006322444678609063,0.012835736317568597,0.0,0.0044893269284765015,Acceso medio,0.0044893269284765015,0.0,0.0
060309,SOROCHUCO,CAJAMARCA,CELENDIN,7.0,95.0,0.07368421052631578,0.0,0.0,0.00020187454938716654,0.0,0.0,6.729151646238885e-05,Subatendido,6.729151646238885e-05,0.0,0.0
010106,CHUQUIBAMBA,AMAZONAS,CHACHAPOYAS,6.0,40.0,0.15,0.0,0.0,0.000410958904109589,0.0,0.0,0.000136986301369863,Subatendido,0.000136986301369863,0.0,0.0
020601,CARHUAZ,ANCASH,CARHUAZ,8.0,159.0,0.050314465408805034,5275.25,0.0,0.0001378478504350823,0.00850317383048618,0.0,0.0028803405603070875,Acceso medio,0.0028803405603070875,0.0,0.0
020603,AMASHCA,ANCASH,CARHUAZ,2.0,27.0,0.07407407407407407,0.0,0.0,0.00020294266869609335,0.0,0.0,6.764755623203112e-05,Subatendido,6.764755623203112e-05,0.0,0.0
022007,SHUPLUY,ANCASH,YUNGAY,5.0,33.0,0.15151515151515152,0.0,0.0,0.00041511000415110004,0.0,0.0,0.0001383700013837,Subatendido,0.0001383700013837,0.0,0.0
021807,SAMANCO,ANCASH,SANTA,3.0,16.0,0.1875,0.0,0.0,0.0005136986301369863,0.0,0.0,0.00017123287671232874,Acceso medio,0.00017123287671232874,0.0,0.0
021013,RAPAYAN,ANCASH,HUARI,1.0,29.0,0.034482758620689655,0.0,0.0,9.44733112895607e-05,0.0,0.0,3.14911037631869e-05,Subatendido,3.14911037631869e-05,0.0,0.0
021001,HUARI,ANCASH,HUARI,6.0,63.0,0.09523809523809523,7224.666666666667,0.0,0.0002609262883235486,0.011645437947772301,0.0,0.003968788078698617,Acceso medio,0.003968788078698617,0.0,0.0
021004,CHAVIN DE HUANTAR,ANCASH,HUARI,4.0,96.0,0.041666666666666664,25.25,0.0,0.00011415525114155251,4.070046712852966e-05,0.0,5.1618572756694055e-05,Subatendido,5.1618572756694055e-05,0.0,0.0
100504,JACAS GRANDE,HUANUCO,HUAMALIES,5.0,202.0,0.024752475247524754,0.0,0.0,6.781500067815001e-05,0.0,0.0,2.2605000226050005e-05,Subatendido,2.2605000226050005e-05,0.0,0.0
021014,SAN MARCOS,ANCASH,HUARI,9.0,155.0,0.05806451612903226,0.0,0.0,0.0001590808661069377,0.0,0.0,5.302695536897923e-05,Subatendido,5.302695536897923e-05,0.0,0.0
020101,HUARAZ,ANCASH,HUARAZ,64.0,220.0,0.2909090909090909,13045.285714285714,0.0,0.0007970112079701121,0.021027691976101513,0.0,0.007274901061357209,Acceso medio,0.007274901061357209,0.0,0.0
100509,PUÑOS,HUANUCO,HUAMALIES,3.0,120.0,0.025,0.0,0.0,6.849315068493152e-05,0.0,0.0,2.2831050228310506e-05,Subatendido,2.2831050228310506e-05,0.0,0.0
250401,PURUS,UCAYALI,PURUS,9.0,64.0,0.140625,0.0,0.453125,0.0003852739726027397,0.0,0.453125,0.15117009132420092,Acceso medio,0.3178367579908676,0.953125,0.16666666666666666
130302,BAMBAMARCA,LA LIBERTAD,BOLIVAR,2.0,49.0,0.04081632653061224,0.0,0.0,0.00011182555213866368,0.0,0.0,3.727518404622123e-05,Subatendido,3.727518404622123e-05,0.0,0.0
061003,EDUARDO VILLANUEVA,CAJAMARCA,SAN MARCOS,1.0,11.0,0.09090909090909091,2.0,0.0,0.00024906600249066,3.2237993765172007e-06,0.0,8.40966006223924e-05,Subatendido,8.40966006223924e-05,0.0,0.0
021705,LLACLLIN,ANCASH,RECUAY,2.0,9.0,0.2222222222222222,0.0,0.0,0.00060882800608828,0.0,0.0,0.00020294266869609333,Acceso medio,0.00020294266869609333,0.0,0.0
101001,JESUS,HUANUCO,LAURICOCHA,3.0,539.0,0.0055658627087198514,174.0,0.0,1.5248938927999593e-05,0.00028047054575699646,0.0,9.857316156166534e-05,Subatendido,9.857316156166534e-05,0.0,0.0
100208,TOMAY KICHWA,HUANUCO,AMBO,1.0,38.0,0.02631578947368421,0.0,0.0,7.209805335255947e-05,0.0,0.0,2.4032684450853158e-05,Subatendido,2.4032684450853158e-05,0.0,0.0
101002,BAÑOS,HUANUCO,LAURICOCHA,3.0,226.0,0.01327433628318584,4.0,0.0,3.636804461146806e-05,6.447598753034401e-06,0.0,1.4271881121500821e-05,Subatendido,1.4271881121500821e-05,0.0,0.0
130305,UCHUMARCA,LA LIBERTAD,BOLIVAR,1.0,57.0,0.017543859649122806,0.0,0.0,4.8065368901706317e-05,0.0,0.0,1.6021789633902107e-05,Subatendido,1.6021789633902107e-05,0.0,0.0
220404,PISCOYACU,SAN MARTIN,HUALLAGA,2.0,29.0,0.06896551724137931,293.0,0.0,0.0001889466225791214,0.00047228660865976987,0.0,0.00022041107707963044,Acceso medio,0.00022041107707963044,0.0,0.0
061102,BOLIVAR,CAJAMARCA,SAN MIGUEL,2.0,41.0,0.04878048780487805,0.0,0.0,0.00013364517206815904,0.0,0.0,4.454839068938635e-05,Subatendido,4.454839068938635e-05,0.0,0.0
160602,INAHUAYA,LORETO,UCAYALI,2.0,8.0,0.25,0.0,0.0,0.0006849315068493151,0.0,0.0,0.00022831050228310502,Acceso medio,0.00022831050228310502,0.0,0.0
220706,SAN CRISTOBAL,SAN MARTIN,PICOTA,1.0,18.0,0.05555555555555555,0.0,0.0,0.00015220700152207,0.0,0.0,5.073566717402333e-05,Subatendido,5.073566717402333e-05,0.0,0.0
061101,SAN MIGUEL,CAJAMARCA,SAN MIGUEL,8.0,103.0,0.07766990291262135,143.0,0.0,0.000212794254555127,0.00023050165542097984,0.0,0.00014776530332536895,Subatendido,0.00014776530332536895,0.0,0.0
060310,SUCRE,CAJAMARCA,CELENDIN,3.0,62.0,0.04838709677419355,63.25,0.0,0.00013256738842244806,0.00010195265528235647,0.0,7.817334790160151e-05,Subatendido,7.817334790160151e-05,0.0,0.0
150301,CAJATAMBO,LIMA,CAJATAMBO,2.0,162.0,0.012345679012345678,0.0,0.0,3.3823778116015554e-05,0.0,0.0,1.1274592705338518e-05,Subatendido,1.1274592705338518e-05,0.0,0.0
020502,ABELARDO PARDO LEZAMETA,ANCASH,BOLOGNESI,1.0,2.0,0.5,0.0,0.0,0.0013698630136986301,0.0,0.0,0.00045662100456621003,Acceso medio,0.00045662100456621003,0.0,0.0
190204,PAUCAR,PASCO,DANIEL ALCIDES CARRION,5.0,64.0,0.078125,0.0,0.0,0.00021404109589041095,0.0,0.0,7.134703196347032e-05,Subatendido,7.134703196347032e-05,0.0,0.0
150302,COPA,LIMA,CAJATAMBO,2.0,15.0,0.13333333333333333,0.0,0.0,0.00036529680365296805,0.0,0.0,0.00012176560121765602,Subatendido,0.00012176560121765602,0.0,0.0
021406,CONGAS,ANCASH,OCROS,1.0,67.0,0.014925373134328358,0.0,0.0,4.0891433244735225e-05,0.0,0.0,1.3630477748245075e-05,Subatendido,1.3630477748245075e-05,0.0,0.0
020512,MANGAS,ANCASH,BOLOGNESI,1.0,20.0,0.05,0.0,0.0,0.00013698630136986303,0.0,0.0,4.566210045662101e-05,Subatendido,4.566210045662101e-05,0.0,0.0
021401,OCROS,ANCASH,OCROS,1.0,56.0,0.017857142857142856,0.0,0.0,4.8923679060665357e-05,0.0,0.0,1.6307893020221784e-05,Subatendido,1.6307893020221784e-05,0.0,0.0
020511,LA PRIMAVERA,ANCASH,BOLOGNESI,1.0,8.0,0.125,0.0,0.0,0.00034246575342465754,0.0,0.0,0.00011415525114155251,Subatendido,0.00011415525114155251,0.0,0.0
021403,CAJAMARQUILLA,ANCASH,OCROS,1.0,11.0,0.09090909090909091,0.0,0.0,0.00024906600249066,0.0,0.0,8.302200083022e-05,Subatendido,8.302200083022e-05,0.0,0.0
020514,SAN MIGUEL DE CORPANQUI,ANCASH,BOLOGNESI,1.0,4.0,0.25,0.0,0.0,0.0006849315068493151,0.0,0.0,0.00022831050228310502,Acceso medio,0.00022831050228310502,0.0,0.0
100206,SAN FRANCISCO,HUANUCO,AMBO,3.0,56.0,0.05357142857142857,0.0,0.0,0.00014677103718199608,0.0,0.0,4.892367906066536e-05,Subatendido,4.892367906066536e-05,0.0,0.0
100207,SAN RAFAEL,HUANUCO,AMBO,10.0,158.0,0.06329113924050633,0.0,0.0,0.00017340038148083928,0.0,0.0,5.780012716027976e-05,Subatendido,5.780012716027976e-05,0.0,0.0
020510,HUAYLLACAYAN,ANCASH,BOLOGNESI,2.0,41.0,0.04878048780487805,0.0,0.0,0.00013364517206815904,0.0,0.0,4.454839068938635e-05,Subatendido,4.454839068938635e-05,0.0,0.0
020513,PACLLON,ANCASH,BOLOGNESI,2.0,10.0,0.2,0.0,0.0,0.0005479452054794521,0.0,0.0,0.00018264840182648405,Acceso medio,0.00018264840182648405,0.0,0.0
020515,TICLLOS,ANCASH,BOLOGNESI,1.0,15.0,0.06666666666666667,0.0,0.0,0.00018264840182648402,0.0,0.0,6.088280060882801e-05,Subatendido,6.088280060882801e-05,0.0,0.0
021903,ALFONSO UGARTE,ANCASH,SIHUAS,1.0,16.0,0.0625,12330.0,0.0,0.00017123287671232877,0.01987472315622854,0.0,0.006681985344313623,Acceso medio,0.006681985344313623,0.0,0.0
100702,CHOLON,HUANUCO,MARAÑON,5.0,92.0,0.05434782608695652,0.0,0.0,0.00014889815366289457,0.0,0.0,4.9632717887631524e-05,Subatendido,4.9632717887631524e-05,0.0,0.0
021906,HUAYLLABAMBA,ANCASH,SIHUAS,3.0,56.0,0.05357142857142857,0.0,0.0,0.00014677103718199608,0.0,0.0,4.892367906066536e-05,Subatendido,4.892367906066536e-05,0.0,0.0
250107,MANANTAY,UCAYALI,CORONEL PORTILLO,16.0,18.0,0.8888888888888888,1467.1764705882354,0.9444444444444444,0.00243531202435312,0.00236494129556153,0.9444444444444444,0.31641489925478633,Mejor atendido,0.33493341777330493,1.0,0.0185185185185186
020904,CUSCA,ANCASH,CORONGO,4.0,28.0,0.14285714285714285,0.0,0.0,0.00039138943248532285,0.0,0.0,0.00013046314416177428,Subatendido,0.00013046314416177428,0.0,0.0
021511,TAUCA,ANCASH,PALLASCA,2.0,70.0,0.02857142857142857,0.0,0.0,7.827788649706458e-05,0.0,0.0,2.609262883235486e-05,Subatendido,2.609262883235486e-05,0.0,0.0
130811,SANTIAGO DE CHALLAS,LA LIBERTAD,PATAZ,2.0,40.0,0.05,0.0,0.0,0.00013698630136986303,0.0,0.0,4.566210045662101e-05,Subatendido,4.566210045662101e-05,0.0,0.0
021501,CABANA,ANCASH,PALLASCA,2.0,109.0,0.01834862385321101,148.5,0.0,5.027020233756441e-05,0.00023936710370640215,0.0,9.654576868132219e-05,Subatendido,9.654576868132219e-05,0.0,0.0
021908,RAGASH,ANCASH,SIHUAS,2.0,58.0,0.034482758620689655,0.0,0.0,9.44733112895607e-05,0.0,0.0,3.14911037631869e-05,Subatendido,3.14911037631869e-05,0.0,0.0
021402,ACAS,ANCASH,OCROS,1.0,32.0,0.03125,0.0,0.0,8.561643835616438e-05,0.0,0.0,2.8538812785388127e-05,Subatendido,2.8538812785388127e-05,0.0,0.0
190103,HUARIACA,PASCO,PASCO,4.0,87.0,0.04597701149425287,8709.0,0.0,0.0001259644150527476,0.01403803438504415,0.0,0.004721332933365633,Acceso medio,0.004721332933365633,0.0,0.0
021410,SANTIAGO DE CHILCAS,ANCASH,OCROS,1.0,10.0,0.1,0.0,0.0,0.00027397260273972606,0.0,0.0,9.132420091324203e-05,Subatendido,9.132420091324203e-05,0.0,0.0
190205,SAN PEDRO DE PILLAO,PASCO,DANIEL ALCIDES CARRION,2.0,67.0,0.029850746268656716,0.0,0.0,8.178286648947045e-05,0.0,0.0,2.726095549649015e-05,Subatendido,2.726095549649015e-05,0.0,0.0
190106,PALLANCHACRA,PASCO,PASCO,7.0,51.0,0.13725490196078433,0.0,0.0,0.00037604082728982005,0.0,0.0,0.00012534694242994003,Subatendido,0.00012534694242994003,0.0,0.0
190207,TAPUC,PASCO,DANIEL ALCIDES CARRION,3.0,55.0,0.05454545454545454,8.666666666666666,0.0,0.000149439601494396,1.3969797298241202e-05,0.0,5.446979959754573e-05,Subatendido,5.446979959754573e-05,0.0,0.0
021408,SAN CRISTOBAL DE RAJAN,ANCASH,OCROS,1.0,7.0,0.14285714285714285,0.0,0.0,0.00039138943248532285,0.0,0.0,0.00013046314416177428,Subatendido,0.00013046314416177428,0.0,0.0
021407,LLIPA,ANCASH,OCROS,1.0,14.0,0.07142857142857142,0.0,0.0,0.00019569471624266143,0.0,0.0,6.523157208088714e-05,Subatendido,6.523157208088714e-05,0.0,0.0
190206,SANTA ANA DE TUSI,PASCO,DANIEL ALCIDES CARRION,16.0,171.0,0.0935672514619883,15.5625,0.0,0.0002563486341424337,2.508518889852447e-05,0.0,9.381127434698606e-05,Subatendido,9.381127434698606e-05,0.0,0.0
190202,CHACAYAN,PASCO,DANIEL ALCIDES CARRION,5.0,83.0,0.060240963855421686,0.0,0.0,0.0001650437365901964,0.0,0.0,5.5014578863398796e-05,Subatendido,5.5014578863398796e-05,0.0,0.0
020506,CANIS,ANCASH,BOLOGNESI,1.0,4.0,0.25,0.0,0.0,0.0006849315068493151,0.0,0.0,0.00022831050228310502,Acceso medio,0.00022831050228310502,0.0,0.0
021709,TAPACOCHA,ANCASH,RECUAY,1.0,22.0,0.045454545454545456,0.0,0.0,0.00012453300124533,0.0,0.0,4.151100041511e-05,Subatendido,4.151100041511e-05,0.0,0.0
021102,COCHAPETI,ANCASH,HUARMEY,1.0,50.0,0.02,0.0,0.0,5.479452054794521e-05,0.0,0.0,1.8264840182648402e-05,Subatendido,1.8264840182648402e-05,0.0,0.0
170301,IÑAPARI,MADRE DE DIOS,TAHUAMANU,4.0,7.0,0.5714285714285714,0.0,0.8571428571428571,0.0015655577299412914,0.0,0.8571428571428571,0.2862361382909328,Mejor atendido,0.2862361382909328,0.8571428571428571,0.0
100803,MOLINO,HUANUCO,PACHITEA,5.0,121.0,0.04132231404958678,0.0,0.0,0.00011321181931393638,0.0,0.0,3.773727310464546e-05,Subatendido,3.773727310464546e-05,0.0,0.0
101103,CHACABAMBA,HUANUCO,YAROWILCA,2.0,55.0,0.03636363636363636,0.0,0.0,9.962640099626401e-05,0.0,0.0,3.3208800332088e-05,Subatendido,3.3208800332088e-05,0.0,0.0
101005,RONDOS,HUANUCO,LAURICOCHA,9.0,301.0,0.029900332225913623,6.555555555555555,0.0,8.191871842716061e-05,1.0566897956361935e-05,0.0,3.0828538794507515e-05,Subatendido,3.0828538794507515e-05,0.0,0.0
021703,COTAPARACO,ANCASH,RECUAY,1.0,75.0,0.013333333333333334,0.0,0.0,3.6529680365296805e-05,0.0,0.0,1.2176560121765601e-05,Subatendido,1.2176560121765601e-05,0.0,0.0
021105,MALVAS,ANCASH,HUARMEY,2.0,55.0,0.03636363636363636,0.0,0.0,9.962640099626401e-05,0.0,0.0,3.3208800332088e-05,Subatendido,3.3208800332088e-05,0.0,0.0
100503,CHAVIN DE PARIARCA,HUANUCO,HUAMALIES,3.0,131.0,0.022900763358778626,0.0,0.0,6.27418174213113e-05,0.0,0.0,2.09139391404371e-05,Subatendido,2.09139391404371e-05,0.0,0.0
021209,SANTO TORIBIO,ANCASH,HUAYLAS,2.0,17.0,0.11764705882352941,0.0,0.0,0.00032232070910556004,0.0,0.0,0.00010744023636852001,Subatendido,0.00010744023636852001,0.0,0.0
021302,CASCA,ANCASH,MARISCAL LUZURIAGA,1.0,63.0,0.015873015873015872,0.0,0.0,4.348771472059143e-05,0.0,0.0,1.4495904906863811e-05,Subatendido,1.4495904906863811e-05,0.0,0.0
100402,CANCHABAMBA,HUANUCO,HUACAYBAMBA,2.0,31.0,0.06451612903225806,0.0,0.0,0.00017675651789659743,0.0,0.0,5.891883929886581e-05,Subatendido,5.891883929886581e-05,0.0,0.0
100703,SAN BUENAVENTURA,HUANUCO,MARAÑON,3.0,88.0,0.03409090909090909,0.0,0.0,9.33997509339975e-05,0.0,0.0,3.11332503113325e-05,Subatendido,3.11332503113325e-05,0.0,0.0
021304,FIDEL OLIVAS ESCUDERO,ANCASH,MARISCAL LUZURIAGA,2.0,51.0,0.0392156862745098,311.0,0.0,0.00010744023636852001,0.0005013008030484247,0.0,0.00020291367980564826,Acceso medio,0.00020291367980564826,0.0,0.0
021202,HUALLANCA,ANCASH,HUAYLAS,3.0,30.0,0.1,0.0,0.0,0.00027397260273972606,0.0,0.0,9.132420091324203e-05,Subatendido,9.132420091324203e-05,0.0,0.0
021601,POMABAMBA,ANCASH,POMABAMBA,9.0,246.0,0.036585365853658534,2922.125,0.0,0.00010023387905111928,0.004710172376552663,0.0,0.0016034687518679273,Acceso medio,0.0016034687518679273,0.0,0.0
131203,GUADALUPITO,LA LIBERTAD,VIRU,1.0,28.0,0.03571428571428571,0.0,0.0,9.784735812133071e-05,0.0,0.0,3.261578604044357e-05,Subatendido,3.261578604044357e-05,0.0,0.0
021210,YURACMARCA,ANCASH,HUAYLAS,3.0,49.0,0.061224489795918366,0.0,0.0,0.00016773832820799552,0.0,0.0,5.591277606933184e-05,Subatendido,5.591277606933184e-05,0.0,0.0
021801,CHIMBOTE,ANCASH,SANTA,54.0,111.0,0.4864864864864865,78814.16666666667,0.0,0.0013328396890040727,0.12704053068036136,0.0,0.042791123456455145,Acceso medio,0.042791123456455145,0.0,0.0
021804,MACATE,ANCASH,SANTA,4.0,155.0,0.025806451612903226,0.0,0.0,7.070260715863897e-05,0.0,0.0,2.3567535719546323e-05,Subatendido,2.3567535719546323e-05,0.0,0.0
021604,QUINUABAMBA,ANCASH,POMABAMBA,2.0,59.0,0.03389830508474576,73844.5,0.0,9.287206872533086e-05,0.11902992652961221,0.0,0.03970759953277918,Acceso medio,0.03970759953277918,0.0,0.0
020905,LA PAMPA,ANCASH,CORONGO,1.0,10.0,0.1,0.0,0.0,0.00027397260273972606,0.0,0.0,9.132420091324203e-05,Subatendido,9.132420091324203e-05,0.0,0.0
020906,YANAC,ANCASH,CORONGO,1.0,12.0,0.08333333333333333,0.0,0.0,0.00022831050228310502,0.0,0.0,7.6103500761035e-05,Subatendido,7.6103500761035e-05,0.0,0.0
021909,SAN JUAN,ANCASH,SIHUAS,4.0,123.0,0.032520325203252036,0.0,0.0,8.90967813787727e-05,0.0,0.0,2.9698927126257564e-05,Subatendido,2.9698927126257564e-05,0.0,0.0
130503,CARABAMBA,LA LIBERTAD,JULCAN,3.0,49.0,0.061224489795918366,407.6666666666667,0.0,0.00016773832820799552,0.0006571177729134227,0.0,0.0002749520337071394,Acceso medio,0.0002749520337071394,0.0,0.0
130108,POROTO,LA LIBERTAD,TRUJILLO,1.0,36.0,0.027777777777777776,0.0,0.0,7.6103500761035e-05,0.0,0.0,2.5367833587011666e-05,Subatendido,2.5367833587011666e-05,0.0,0.0
131003,CACHICADAN,LA LIBERTAD,SANTIAGO DE CHUCO,1.0,60.0,0.016666666666666666,0.0,0.0,4.5662100456621006e-05,0.0,0.0,1.5220700152207003e-05,Subatendido,1.5220700152207003e-05,0.0,0.0
131006,QUIRUVILCA,LA LIBERTAD,SANTIAGO DE CHUCO,9.0,99.0,0.09090909090909091,62.6,0.0,0.00024906600249066,0.00010090492048498838,0.0,0.00011665697432521613,Subatendido,0.00011665697432521613,0.0,0.0
130808,PARCOY,LA LIBERTAD,PATAZ,8.0,86.0,0.09302325581395349,143.0,0.0,0.00025485823510672186,0.00023050165542097984,0.0,0.00016178663017590056,Acceso medio,0.00016178663017590056,0.0,0.0
130610,PARANDAY,LA LIBERTAD,OTUZCO,1.0,21.0,0.047619047619047616,0.0,0.0,0.0001304631441617743,0.0,0.0,4.348771472059143e-05,Subatendido,4.348771472059143e-05,0.0,0.0
130602,AGALLPAMPA,LA LIBERTAD,OTUZCO,10.0,84.0,0.11904761904761904,0.0,0.0,0.00032615786040443573,0.0,0.0,0.00010871928680147858,Subatendido,0.00010871928680147858,0.0,0.0
130606,LA CUESTA,LA LIBERTAD,OTUZCO,1.0,30.0,0.03333333333333333,0.0,0.0,9.132420091324201e-05,0.0,0.0,3.0441400304414005e-05,Subatendido,3.0441400304414005e-05,0.0,0.0
130907,SARIN,LA LIBERTAD,SANCHEZ CARRION,5.0,122.0,0.040983606557377046,0.0,0.0,0.00011228385358185492,0.0,0.0,3.742795119395164e-05,Subatendido,3.742795119395164e-05,0.0,0.0
130904,CURGOS,LA LIBERTAD,SANCHEZ CARRION,1.0,57.0,0.017543859649122806,0.0,0.0,4.8065368901706317e-05,0.0,0.0,1.6021789633902107e-05,Subatendido,1.6021789633902107e-05,0.0,0.0
130810,PIAS,LA LIBERTAD,PATAZ,1.0,41.0,0.024390243902439025,0.0,0.0,6.682258603407952e-05,0.0,0.0,2.2274195344693174e-05,Subatendido,2.2274195344693174e-05,0.0,0.0
130604,CHARAT,LA LIBERTAD,OTUZCO,4.0,47.0,0.0851063829787234,0.0,0.0,0.00023316817254444768,0.0,0.0,7.772272418148256e-05,Subatendido,7.772272418148256e-05,0.0,0.0
130601,OTUZCO,LA LIBERTAD,OTUZCO,10.0,150.0,0.06666666666666667,15568.0,0.0,0.00018264840182648402,0.02509405434680989,0.0,0.00842556758287879,Acceso medio,0.00842556758287879,0.0,0.0
130901,HUAMACHUCO,LA LIBERTAD,SANCHEZ CARRION,15.0,117.0,0.1282051282051282,5510.333333333333,0.0,0.00035124692658939234,0.008882104582200973,0.0,0.003077783836263455,Acceso medio,0.003077783836263455,0.0,0.0
130903,COCHORCO,LA LIBERTAD,SANCHEZ CARRION,5.0,111.0,0.04504504504504504,10.8,0.0,0.0001234110823151919,1.7408516633192885e-05,0.0,4.693986631612826e-05,Subatendido,4.693986631612826e-05,0.0,0.0
221003,POLVORA,SAN MARTIN,TOCACHE,7.0,86.0,0.08139534883720931,0.0,0.0,0.00022300095571838166,0.0,0.0,7.433365190612722e-05,Subatendido,7.433365190612722e-05,0.0,0.0
130614,USQUIL,LA LIBERTAD,OTUZCO,10.0,239.0,0.04184100418410042,0.0,0.0,0.00011463288817561758,0.0,0.0,3.821096272520586e-05,Subatendido,3.821096272520586e-05,0.0,0.0
130906,SANAGORAN,LA LIBERTAD,SANCHEZ CARRION,4.0,119.0,0.03361344537815126,0.0,0.0,9.209163117301715e-05,0.0,0.0,3.069721039100572e-05,Subatendido,3.069721039100572e-05,0.0,0.0
130902,CHUGAY,LA LIBERTAD,SANCHEZ CARRION,6.0,118.0,0.05084745762711865,0.0,0.0,0.0001393081030879963,0.0,0.0,4.643603436266543e-05,Subatendido,4.643603436266543e-05,0.0,0.0
130605,HUARANCHAL,LA LIBERTAD,OTUZCO,2.0,81.0,0.024691358024691357,0.0,0.0,6.764755623203111e-05,0.0,0.0,2.2549185410677036e-05,Subatendido,2.2549185410677036e-05,0.0,0.0
130809,PATAZ,LA LIBERTAD,PATAZ,11.0,123.0,0.08943089430894309,0.0,0.0,0.0002450161487916249,0.0,0.0,8.16720495972083e-05,Subatendido,8.16720495972083e-05,0.0,0.0
220709,TINGO DE PONASA,SAN MARTIN,PICOTA,5.0,105.0,0.047619047619047616,32.4,0.0,0.0001304631441617743,5.222554989957865e-05,0.0,6.0896231353784316e-05,Subatendido,6.0896231353784316e-05,0.0,0.0
061111,SAN SILVESTRE DE COCHAN,CAJAMARCA,SAN MIGUEL,6.0,48.0,0.125,0.0,0.0,0.00034246575342465754,0.0,0.0,0.00011415525114155251,Subatendido,0.00011415525114155251,0.0,0.0
220703,CASPISAPA,SAN MARTIN,PICOTA,1.0,29.0,0.034482758620689655,620.0,0.0,9.44733112895607e-05,0.000999377806720332,0.0,0.0003646170393366309,Acceso medio,0.0003646170393366309,0.0,0.0
140109,NUEVA ARICA,LAMBAYEQUE,CHICLAYO,2.0,12.0,0.16666666666666666,0.0,0.0,0.00045662100456621003,0.0,0.0,0.00015220700152207,Acceso medio,0.00015220700152207,0.0,0.0
220707,SAN HILARION,SAN MARTIN,PICOTA,3.0,33.0,0.09090909090909091,389.6666666666667,0.0,0.00024906600249066,0.000628103578524768,0.0,0.00029238986033847597,Acceso medio,0.00029238986033847597,0.0,0.0
061109,NIEPOS,CAJAMARCA,SAN MIGUEL,4.0,63.0,0.06349206349206349,0.0,0.0,0.00017395085888236573,0.0,0.0,5.7983619627455245e-05,Subatendido,5.7983619627455245e-05,0.0,0.0
061204,TUMBADEN,CAJAMARCA,SAN PABLO,3.0,32.0,0.09375,0.0,0.0,0.0002568493150684931,0.0,0.0,8.561643835616437e-05,Subatendido,8.561643835616437e-05,0.0,0.0
140114,SANTA ROSA,LAMBAYEQUE,CHICLAYO,1.0,4.0,0.25,0.0,0.0,0.0006849315068493151,0.0,0.0,0.00022831050228310502,Acceso medio,0.00022831050228310502,0.0,0.0
061103,CALQUIS,CAJAMARCA,SAN MIGUEL,3.0,37.0,0.08108108108108109,0.0,0.0,0.00022213994816734544,0.0,0.0,7.404664938911514e-05,Subatendido,7.404664938911514e-05,0.0,0.0
140116,CAYALTI,LAMBAYEQUE,CHICLAYO,3.0,31.0,0.0967741935483871,0.0,0.0,0.0002651347768448961,0.0,0.0,8.83782589482987e-05,Subatendido,8.83782589482987e-05,0.0,0.0
060311,UTCO,CAJAMARCA,CELENDIN,1.0,45.0,0.022222222222222223,0.0,0.0,6.088280060882801e-05,0.0,0.0,2.0294266869609337e-05,Subatendido,2.0294266869609337e-05,0.0,0.0
061106,LA FLORIDA,CAJAMARCA,SAN MIGUEL,1.0,31.0,0.03225806451612903,0.0,0.0,8.837825894829872e-05,0.0,0.0,2.9459419649432907e-05,Subatendido,2.9459419649432907e-05,0.0,0.0
140108,MONSEFU,LAMBAYEQUE,CHICLAYO,9.0,56.0,0.16071428571428573,0.0,0.0,0.0004403131115459883,0.0,0.0,0.00014677103718199608,Subatendido,0.00014677103718199608,0.0,0.0
140113,REQUE,LAMBAYEQUE,CHICLAYO,4.0,25.0,0.16,5546.0,0.0,0.00043835616438356166,0.008939595671082197,0.0,0.003125983945155253,Acceso medio,0.003125983945155253,0.0,0.0
061107,LLAPA,CAJAMARCA,SAN MIGUEL,7.0,39.0,0.1794871794871795,0.0,0.0,0.0004917456972251493,0.0,0.0,0.00016391523240838308,Acceso medio,0.00016391523240838308,0.0,0.0
060105,ENCAÑADA,CAJAMARCA,CAJAMARCA,13.0,200.0,0.065,0.0,0.0,0.00017808219178082192,0.0,0.0,5.936073059360731e-05,Subatendido,5.936073059360731e-05,0.0,0.0
160604,PAMPA HERMOSA,LORETO,UCAYALI,3.0,31.0,0.0967741935483871,0.0,0.0,0.0002651347768448961,0.0,0.0,8.83782589482987e-05,Subatendido,8.83782589482987e-05,0.0,0.0
140106,LA VICTORIA,LAMBAYEQUE,CHICLAYO,22.0,35.0,0.6285714285714286,1137.0,0.0,0.0017221135029354207,0.0018327299455500286,0.0,0.0011849478161618165,Acceso medio,0.0011849478161618165,0.0,0.0
140115,SAÑA,LAMBAYEQUE,CHICLAYO,5.0,39.0,0.1282051282051282,0.0,0.0,0.00035124692658939234,0.0,0.0,0.00011708230886313078,Subatendido,0.00011708230886313078,0.0,0.0
220705,PUCACACA,SAN MARTIN,PICOTA,2.0,34.0,0.058823529411764705,158.5,0.0,0.00016116035455278002,0.0002554861005889881,0.0,0.0001388821517139227,Subatendido,0.0001388821517139227,0.0,0.0
140119,PUCALA,LAMBAYEQUE,CHICLAYO,3.0,27.0,0.1111111111111111,0.0,0.0,0.00030441400304414,0.0,0.0,0.00010147133434804666,Subatendido,0.00010147133434804666,0.0,0.0
140101,CHICLAYO,LAMBAYEQUE,CHICLAYO,389.0,8.0,48.625,28413.19230769231,0.0,0.13321917808219177,0.045799215823200894,0.0,0.059672797968464225,Acceso medio,0.059672797968464225,0.0,0.0
061104,CATILLUC,CAJAMARCA,SAN MIGUEL,2.0,33.0,0.06060606060606061,0.0,0.0,0.00016604400166044003,0.0,0.0,5.534800055348001e-05,Subatendido,5.534800055348001e-05,0.0,0.0
140118,POMALCA,LAMBAYEQUE,CHICLAYO,7.0,22.0,0.3181818181818182,0.0,0.0,0.0008717310087173101,0.0,0.0,0.00029057700290577006,Acceso medio,0.00029057700290577006,0.0,0.0
140311,SAN JOSE,LAMBAYEQUE,LAMBAYEQUE,5.0,19.0,0.2631578947368421,0.0,0.0,0.0007209805335255948,0.0,0.0,0.0002403268445085316,Acceso medio,0.0002403268445085316,0.0,0.0
101006,SAN FRANCISCO DE ASIS,HUANUCO,LAURICOCHA,2.0,145.0,0.013793103448275862,1.0,0.0,3.778932451582428e-05,1.6118996882586003e-06,0.0,1.3133741401360961e-05,Subatendido,1.3133741401360961e-05,0.0,0.0
100107,SAN FRANCISCO DE CAYRAN,HUANUCO,HUANUCO,2.0,70.0,0.02857142857142857,2462.5,0.0,7.827788649706458e-05,0.003969302982336803,0.0,0.0013491936229446226,Acceso medio,0.0013491936229446226,0.0,0.0
010601,SAN NICOLAS,AMAZONAS,RODRIGUEZ DE MENDOZA,5.0,37.0,0.13513513513513514,8474.5,0.0,0.00037023324694557573,0.013660043908147509,0.0,0.004676759051697695,Acceso medio,0.004676759051697695,0.0,0.0
060402,ANGUIA,CAJAMARCA,CHOTA,5.0,27.0,0.18518518518518517,4328.8,0.0,0.0005073566717402334,0.006977591370533829,0.0,0.002494982680758021,Acceso medio,0.002494982680758021,0.0,0.0
010606,LONGAR,AMAZONAS,RODRIGUEZ DE MENDOZA,2.0,31.0,0.06451612903225806,0.0,0.0,0.00017675651789659743,0.0,0.0,5.891883929886581e-05,Subatendido,5.891883929886581e-05,0.0,0.0
010111,LEVANTO,AMAZONAS,CHACHAPOYAS,1.0,33.0,0.030303030303030304,0.0,0.0,8.302200083022001e-05,0.0,0.0,2.7674000276740005e-05,Subatendido,2.7674000276740005e-05,0.0,0.0
060406,CHOROPAMPA,CAJAMARCA,CHOTA,4.0,27.0,0.14814814814814814,0.0,0.0,0.0004058853373921867,0.0,0.0,0.00013529511246406224,Subatendido,0.00013529511246406224,0.0,0.0
220505,CUÑUMBUQUI,SAN MARTIN,LAMAS,6.0,26.0,0.23076923076923078,413.1666666666667,0.0,0.0006322444678609063,0.000665983221198845,0.0,0.00043274256301991716,Acceso medio,0.00043274256301991716,0.0,0.0
140102,CHONGOYAPE,LAMBAYEQUE,CHICLAYO,4.0,66.0,0.06060606060606061,0.0,0.0,0.00016604400166044003,0.0,0.0,5.534800055348001e-05,Subatendido,5.534800055348001e-05,0.0,0.0
060413,PACCHA,CAJAMARCA,CHOTA,8.0,24.0,0.3333333333333333,0.0,0.0,0.0009132420091324201,0.0,0.0,0.00030441400304414,Acceso medio,0.00030441400304414,0.0,0.0
060302,CHUMUCH,CAJAMARCA,CELENDIN,2.0,25.0,0.08,5.0,0.0,0.00021917808219178083,8.059498441293e-06,0.0,7.57458602110246e-05,Subatendido,7.57458602110246e-05,0.0,0.0
010602,CHIRIMOTO,AMAZONAS,RODRIGUEZ DE MENDOZA,6.0,41.0,0.14634146341463414,0.0,0.0,0.0004009355162044771,0.0,0.0,0.00013364517206815904,Subatendido,0.00013364517206815904,0.0,0.0
060410,LAJAS,CAJAMARCA,CHOTA,15.0,50.0,0.3,4428.133333333333,0.0,0.000821917808219178,0.007137706739567516,0.0,0.0026532081825955648,Acceso medio,0.0026532081825955648,0.0,0.0
140312,TUCUME,LAMBAYEQUE,LAMBAYEQUE,7.0,54.0,0.12962962962962962,0.0,0.0,0.00035514967021816333,0.0,0.0,0.00011838322340605445,Subatendido,0.00011838322340605445,0.0,0.0
010611,TOTORA,AMAZONAS,RODRIGUEZ DE MENDOZA,1.0,6.0,0.16666666666666666,0.0,0.0,0.00045662100456621003,0.0,0.0,0.00015220700152207,Acceso medio,0.00015220700152207,0.0,0.0
220305,SHATOJA,SAN MARTIN,EL DORADO,2.0,8.0,0.25,19.5,0.0,0.0006849315068493151,3.1432043921042706e-05,0.0,0.00023878785025678592,Acceso medio,0.00023878785025678592,0.0,0.0
220302,AGUA BLANCA,SAN MARTIN,EL DORADO,2.0,35.0,0.05714285714285714,0.5,0.0,0.00015655577299412916,8.059498441293002e-07,0.0,5.2453907612752825e-05,Subatendido,5.2453907612752825e-05,0.0,0.0
140117,PATAPO,LAMBAYEQUE,CHICLAYO,7.0,36.0,0.19444444444444445,4838.5,0.0,0.000532724505327245,0.007799176641639237,0.0,0.0027773003823221604,Acceso medio,0.0027773003823221604,0.0,0.0
060702,CHUGUR,CAJAMARCA,HUALGAYOC,3.0,23.0,0.13043478260869565,1.75,0.0,0.00035735556879094697,2.8208244544525504e-06,0.0,0.00012005879774846651,Subatendido,0.00012005879774846651,0.0,0.0
060312,LA LIBERTAD DE PALLAN,CAJAMARCA,CELENDIN,3.0,52.0,0.057692307692307696,12.0,0.0,0.00015806111696522657,1.9342796259103204e-05,0.0,5.913463774144326e-05,Subatendido,5.913463774144326e-05,0.0,0.0
061303,CATACHE,CAJAMARCA,SANTA CRUZ,7.0,80.0,0.0875,0.0,0.0,0.00023972602739726027,0.0,0.0,7.990867579908676e-05,Subatendido,7.990867579908676e-05,0.0,0.0
010509,LUYA,AMAZONAS,LUYA,5.0,20.0,0.25,0.0,0.0,0.0006849315068493151,0.0,0.0,0.00022831050228310502,Acceso medio,0.00022831050228310502,0.0,0.0
220906,EL PORVENIR,SAN MARTIN,SAN MARTIN,2.0,17.0,0.11764705882352941,0.0,0.0,0.00032232070910556004,0.0,0.0,0.00010744023636852001,Subatendido,0.00010744023636852001,0.0,0.0
220808,YORONGOS,SAN MARTIN,RIOJA,2.0,12.0,0.16666666666666666,45.5,0.0,0.00045662100456621003,7.334143581576632e-05,0.0,0.00017665414679399213,Acceso medio,0.00017665414679399213,0.0,0.0
220503,BARRANQUITA,SAN MARTIN,LAMAS,7.0,32.0,0.21875,237.28571428571428,0.0,0.0005993150684931507,0.00038248076888536216,0.0,0.00032726527912617094,Acceso medio,0.00032726527912617094,0.0,0.0
060414,PION,CAJAMARCA,CHOTA,4.0,16.0,0.25,0.0,0.0,0.0006849315068493151,0.0,0.0,0.00022831050228310502,Acceso medio,0.00022831050228310502,0.0,0.0
010502,CAMPORREDONDO,AMAZONAS,LUYA,5.0,47.0,0.10638297872340426,0.0,0.0,0.0002914602156805596,0.0,0.0,9.715340522685321e-05,Subatendido,9.715340522685321e-05,0.0,0.0
140203,INCAHUASI,LAMBAYEQUE,FERREÑAFE,13.0,150.0,0.08666666666666667,0.0,0.0,0.00023744292237442923,0.0,0.0,7.91476407914764e-05,Subatendido,7.91476407914764e-05,0.0,0.0
060604,CUJILLO,CAJAMARCA,CUTERVO,4.0,28.0,0.14285714285714285,0.0,0.0,0.00039138943248532285,0.0,0.0,0.00013046314416177428,Subatendido,0.00013046314416177428,0.0,0.0
010608,MILPUC,AMAZONAS,RODRIGUEZ DE MENDOZA,2.0,20.0,0.1,0.0,0.0,0.00027397260273972606,0.0,0.0,9.132420091324203e-05,Subatendido,9.132420091324203e-05,0.0,0.0
220904,CHAZUTA,SAN MARTIN,SAN MARTIN,8.0,75.0,0.10666666666666667,564.75,0.0,0.00029223744292237444,0.0009103203489440445,0.0,0.0004008525972888063,Acceso medio,0.0004008525972888063,0.0,0.0
060401,CHOTA,CAJAMARCA,CHOTA,42.0,120.0,0.35,15157.0,0.0,0.0009589041095890411,0.024431563574935606,0.0,0.008463489228174883,Acceso medio,0.008463489228174883,0.0,0.0
010306,FLORIDA,AMAZONAS,BONGARA,5.0,35.0,0.14285714285714285,0.0,0.0,0.00039138943248532285,0.0,0.0,0.00013046314416177428,Subatendido,0.00013046314416177428,0.0,0.0
160211,TENIENTE CESAR LOPEZ ROJAS,LORETO,ALTO AMAZONAS,8.0,32.0,0.25,0.0,0.0,0.0006849315068493151,0.0,0.0,0.00022831050228310502,Acceso medio,0.00022831050228310502,0.0,0.0
060807,POMAHUACA,CAJAMARCA,JAEN,6.0,95.0,0.06315789473684211,178.14285714285714,0.0,0.00017303532804614275,0.0002871484158940678,0.0,0.00015339458131340353,Acceso medio,0.00015339458131340353,0.0,0.0
060804,COLASAY,CAJAMARCA,JAEN,7.0,135.0,0.05185185185185185,150.125,0.0,0.00014205986808726534,0.00024198644069982236,0.0,0.00012801543626236257,Subatendido,0.00012801543626236257,0.0,0.0
060810,SAN FELIPE,CAJAMARCA,JAEN,2.0,82.0,0.024390243902439025,94.0,0.0,6.682258603407952e-05,0.00015151857069630842,0.0,7.278038557679597e-05,Subatendido,7.278038557679597e-05,0.0,0.0
220802,AWAJUN,SAN MARTIN,RIOJA,4.0,23.0,0.17391304347826086,2090.75,0.0,0.00047647409172126264,0.0033700792732266685,0.0,0.0012821844549826438,Acceso medio,0.0012821844549826438,0.0,0.0
010701,BAGUA GRANDE,AMAZONAS,UTCUBAMBA,38.0,134.0,0.2835820895522388,24917.25,0.0,0.0007769372316499693,0.040164107507261605,0.0,0.013647014912970525,Acceso medio,0.013647014912970525,0.0,0.0
060801,JAEN,CAJAMARCA,JAEN,97.0,145.0,0.6689655172413793,6597.513513513513,0.0,0.0018327822390174775,0.010634529975714334,0.0,0.004155770738243937,Acceso medio,0.004155770738243937,0.0,0.0
160201,YURIMAGUAS,LORETO,ALTO AMAZONAS,46.0,142.0,0.323943661971831,10948.583333333334,0.0,0.0008875168821146055,0.017648018061873307,0.0,0.0061785116479959705,Acceso medio,0.0061785116479959705,0.0,0.0
010204,EL PARCO,AMAZONAS,BAGUA,3.0,10.0,0.3,0.0,0.0,0.000821917808219178,0.0,0.0,0.000273972602739726,Acceso medio,0.000273972602739726,0.0,0.0
060806,LAS PIRIAS,CAJAMARCA,JAEN,2.0,43.0,0.046511627906976744,162.0,0.0,0.00012742911755336093,0.00026112774949789327,0.0,0.00012951895568375142,Subatendido,0.00012951895568375142,0.0,0.0
160509,TAPICHE,LORETO,REQUENA,2.0,16.0,0.125,0.0,0.0,0.00034246575342465754,0.0,0.0,0.00011415525114155251,Subatendido,0.00011415525114155251,0.0,0.0
160508,SOPLIN,LORETO,REQUENA,2.0,14.0,0.14285714285714285,0.0,0.0,0.00039138943248532285,0.0,0.0,0.00013046314416177428,Subatendido,0.00013046314416177428,0.0,0.0
010203,COPALLIN,AMAZONAS,BAGUA,6.0,38.0,0.15789473684210525,0.0,0.0,0.0004325883201153569,0.0,0.0,0.00014419610670511897,Subatendido,0.00014419610670511897,0.0,0.0
060805,HUABAL,CAJAMARCA,JAEN,8.0,33.0,0.24242424242424243,42.55555555555556,0.0,0.0006641760066417601,6.859528673367155e-05,0.0,0.00024425709779181057,Acceso medio,0.00024425709779181057,0.0,0.0
220103,HABANA,SAN MARTIN,MOYOBAMBA,1.0,9.0,0.1111111111111111,993.0,0.0,0.00030441400304414,0.0016006163904407902,0.0,0.0006350101311616434,Acceso medio,0.0006350101311616434,0.0,0.0
220502,ALONSO DE ALVARADO,SAN MARTIN,LAMAS,5.0,59.0,0.0847457627118644,1066.6,0.0,0.00023218017181332712,0.0017192522074966229,0.0,0.0006504774597699833,Acceso medio,0.0006504774597699833,0.0,0.0
060608,SAN ANDRES DE CUTERVO,CAJAMARCA,CUTERVO,5.0,15.0,0.3333333333333333,0.0,0.0,0.0009132420091324201,0.0,0.0,0.00030441400304414,Acceso medio,0.00030441400304414,0.0,0.0
010523,TRITA,AMAZONAS,LUYA,2.0,8.0,0.25,0.0,0.0,0.0006849315068493151,0.0,0.0,0.00022831050228310502,Acceso medio,0.00022831050228310502,0.0,0.0
140304,JAYANCA,LAMBAYEQUE,LAMBAYEQUE,3.0,76.0,0.039473684210526314,0.0,0.0,0.00010814708002883922,0.0,0.0,3.604902667627974e-05,Subatendido,3.604902667627974e-05,0.0,0.0
010512,OCALLI,AMAZONAS,LUYA,5.0,48.0,0.10416666666666667,0.0,0.0,0.0002853881278538813,0.0,0.0,9.512937595129377e-05,Subatendido,9.512937595129377e-05,0.0,0.0
010114,MOLINOPAMPA,AMAZONAS,CHACHAPOYAS,4.0,34.0,0.11764705882352941,0.0,0.0,0.00032232070910556004,0.0,0.0,0.00010744023636852001,Subatendido,0.00010744023636852001,0.0,0.0
140302,CHOCHOPE,LAMBAYEQUE,LAMBAYEQUE,1.0,24.0,0.041666666666666664,0.0,0.0,0.00011415525114155251,0.0,0.0,3.80517503805175e-05,Subatendido,3.80517503805175e-05,0.0,0.0
010121,SONCHE,AMAZONAS,CHACHAPOYAS,2.0,20.0,0.1,0.0,0.0,0.00027397260273972606,0.0,0.0,9.132420091324203e-05,Subatendido,9.132420091324203e-05,0.0,0.0
220105,SORITOR,SAN MARTIN,MOYOBAMBA,5.0,56.0,0.08928571428571429,5875.0,0.0,0.0002446183953033268,0.009469910668519276,0.0,0.0032381763546075345,Acceso medio,0.0032381763546075345,0.0,0.0
060609,SAN JUAN DE CUTERVO,CAJAMARCA,CUTERVO,4.0,34.0,0.11764705882352941,0.0,0.0,0.00032232070910556004,0.0,0.0,0.00010744023636852001,Subatendido,0.00010744023636852001,0.0,0.0
160504,EMILIO SAN MARTIN,LORETO,REQUENA,2.0,52.0,0.038461538461538464,0.0,0.0,0.00010537407797681771,0.0,0.0,3.5124692658939236e-05,Subatendido,3.5124692658939236e-05,0.0,0.0
160210,SANTA CRUZ,LORETO,ALTO AMAZONAS,7.0,43.0,0.16279069767441862,1098.5454545454545,0.0,0.0004460019114367633,0.0017707450757197204,0.0,0.0007389156623854946,Acceso medio,0.0007389156623854946,0.0,0.0
220805,PARDO MIGUEL,SAN MARTIN,RIOJA,8.0,55.0,0.14545454545454545,2010.125,0.0,0.00039850560398505604,0.003240119860860819,0.0,0.0012128751549486249,Acceso medio,0.0012128751549486249,0.0,0.0
010202,ARAMANGO,AMAZONAS,BAGUA,19.0,98.0,0.19387755102040816,0.0,0.0,0.0005311713726586525,0.0,0.0,0.00017705712421955085,Acceso medio,0.00017705712421955085,0.0,0.0
160503,CAPELO,LORETO,REQUENA,2.0,16.0,0.125,0.0,0.0,0.00034246575342465754,0.0,0.0,0.00011415525114155251,Subatendido,0.00011415525114155251,0.0,0.0
010312,YAMBRASBAMBA,AMAZONAS,BONGARA,8.0,59.0,0.13559322033898305,0.0,0.0,0.00037148827490132344,0.0,0.0,0.0001238294249671078,Subatendido,0.0001238294249671078,0.0,0.0
160506,PUINAHUA,LORETO,REQUENA,4.0,23.0,0.17391304347826086,0.0,0.0,0.00047647409172126264,0.0,0.0,0.00015882469724042087,Acceso medio,0.00015882469724042087,0.0,0.0
060417,TACABAMBA,CAJAMARCA,CHOTA,13.0,83.0,0.1566265060240964,7054.8,0.0,0.00042911371513451065,0.011371629920726774,0.0,0.003933581211953761,Acceso medio,0.003933581211953761,0.0,0.0
060409,HUAMBOS,CAJAMARCA,CHOTA,8.0,79.0,0.10126582278481013,0.0,0.0,0.0002774406103693428,0.0,0.0,9.24802034564476e-05,Subatendido,9.24802034564476e-05,0.0,0.0
220907,HUIMBAYOC,SAN MARTIN,SAN MARTIN,9.0,21.0,0.42857142857142855,216.77777777777777,0.0,0.0011741682974559687,0.0003494240324213921,0.0,0.0005078641099591203,Acceso medio,0.0005078641099591203,0.0,0.0
220402,ALTO SAPOSOA,SAN MARTIN,HUALLAGA,3.0,27.0,0.1111111111111111,262.6666666666667,0.0,0.00030441400304414,0.0004233923181159257,0.0,0.00024260210705335521,Acceso medio,0.00024260210705335521,0.0,0.0
010522,TINGO,AMAZONAS,LUYA,2.0,26.0,0.07692307692307693,0.0,0.0,0.00021074815595363542,0.0,0.0,7.024938531787847e-05,Subatendido,7.024938531787847e-05,0.0,0.0
010609,OMIA,AMAZONAS,RODRIGUEZ DE MENDOZA,15.0,60.0,0.25,0.0,0.0,0.0006849315068493151,0.0,0.0,0.00022831050228310502,Acceso medio,0.00022831050228310502,0.0,0.0
220905,CHIPURANA,SAN MARTIN,SAN MARTIN,3.0,14.0,0.21428571428571427,2.0,0.0,0.0005870841487279843,3.2237993765172007e-06,0.0,0.00019676931603483387,Acceso medio,0.00019676931603483387,0.0,0.0
220501,LAMAS,SAN MARTIN,LAMAS,8.0,22.0,0.36363636363636365,9356.4,0.0,0.00099626400996264,0.015081578243222767,0.0,0.005359280751061801,Acceso medio,0.005359280751061801,0.0,0.0
010119,SAN ISIDRO DE MAINO,AMAZONAS,CHACHAPOYAS,1.0,91.0,0.01098901098901099,0.0,0.0,3.0106879421947918e-05,0.0,0.0,1.003562647398264e-05,Subatendido,1.003562647398264e-05,0.0,0.0
010307,JAZAN,AMAZONAS,BONGARA,8.0,63.0,0.12698412698412698,2907.0,0.0,0.00034790171776473145,0.004685792393767751,0.0,0.0016778980371774943,Acceso medio,0.0016778980371774943,0.0,0.0
060615,TORIBIO CASANOVA,CAJAMARCA,CUTERVO,2.0,32.0,0.0625,0.0,0.0,0.00017123287671232877,0.0,0.0,5.7077625570776254e-05,Subatendido,5.7077625570776254e-05,0.0,0.0
010308,RECTA,AMAZONAS,BONGARA,1.0,23.0,0.043478260869565216,0.0,0.0,0.00011911852293031566,0.0,0.0,3.970617431010522e-05,Subatendido,3.970617431010522e-05,0.0,0.0
220809,YURACYACU,SAN MARTIN,RIOJA,1.0,8.0,0.125,2309.0,0.0,0.00034246575342465754,0.003721876380189108,0.0,0.0013547807112045884,Acceso medio,0.0013547807112045884,0.0,0.0
160605,SARAYACU,LORETO,UCAYALI,13.0,97.0,0.13402061855670103,4392.0,0.0,0.00036717977686767406,0.007079463430831772,0.0,0.0024822144025664823,Acceso medio,0.0024822144025664823,0.0,0.0
010305,CUISPES,AMAZONAS,BONGARA,2.0,40.0,0.05,0.0,0.0,0.00013698630136986303,0.0,0.0,4.566210045662101e-05,Subatendido,4.566210045662101e-05,0.0,0.0
010310,SHIPASBAMBA,AMAZONAS,BONGARA,3.0,19.0,0.15789473684210525,0.0,0.0,0.0004325883201153569,0.0,0.0,0.00014419610670511897,Subatendido,0.00014419610670511897,0.0,0.0
010302,CHISQUILLA,AMAZONAS,BONGARA,1.0,45.0,0.022222222222222223,0.0,0.0,6.088280060882801e-05,0.0,0.0,2.0294266869609337e-05,Subatendido,2.0294266869609337e-05,0.0,0.0
010301,JUMBILLA,AMAZONAS,BONGARA,2.0,42.0,0.047619047619047616,0.0,0.0,0.0001304631441617743,0.0,0.0,4.348771472059143e-05,Subatendido,4.348771472059143e-05,0.0,0.0
220804,NUEVA CAJAMARCA,SAN MARTIN,RIOJA,20.0,47.0,0.425531914893617,5218.818181818182,0.0,0.0011658408627222385,0.008412211400351043,0.0,0.003192684087691094,Acceso medio,0.003192684087691094,0.0,0.0
060603,CHOROS,CAJAMARCA,CUTERVO,4.0,40.0,0.1,0.0,0.0,0.00027397260273972606,0.0,0.0,9.132420091324203e-05,Subatendido,9.132420091324203e-05,0.0,0.0
060301,CELENDIN,CAJAMARCA,CELENDIN,8.0,81.0,0.09876543209876543,16531.0,0.0,0.00027059022492812443,0.02664631374660292,0.0,0.008972301323843681,Acceso medio,0.008972301323843681,0.0,0.0
140206,PUEBLO NUEVO,LAMBAYEQUE,FERREÑAFE,5.0,15.0,0.3333333333333333,1097.0,0.0,0.0009132420091324201,0.0017682539580196844,0.0,0.0008938319890507015,Acceso medio,0.0008938319890507015,0.0,0.0
010513,OCUMAL,AMAZONAS,LUYA,5.0,53.0,0.09433962264150944,0.0,0.0,0.0002584647195657793,0.0,0.0,8.615490652192643e-05,Subatendido,8.615490652192643e-05,0.0,0.0
010120,SOLOCO,AMAZONAS,CHACHAPOYAS,4.0,15.0,0.26666666666666666,0.0,0.0,0.0007305936073059361,0.0,0.0,0.00024353120243531204,Acceso medio,0.00024353120243531204,0.0,0.0
061301,SANTA CRUZ,CAJAMARCA,SANTA CRUZ,8.0,57.0,0.14035087719298245,0.0,0.0,0.00038452295121365053,0.0,0.0,0.00012817431707121685,Subatendido,0.00012817431707121685,0.0,0.0
010115,MONTEVIDEO,AMAZONAS,CHACHAPOYAS,1.0,13.0,0.07692307692307693,0.0,0.0,0.00021074815595363542,0.0,0.0,7.024938531787847e-05,Subatendido,7.024938531787847e-05,0.0,0.0
061310,UTICYACU,CAJAMARCA,SANTA CRUZ,3.0,13.0,0.23076923076923078,0.0,0.0,0.0006322444678609063,0.0,0.0,0.00021074815595363542,Acceso medio,0.00021074815595363542,0.0,0.0
061305,LA ESPERANZA,CAJAMARCA,SANTA CRUZ,3.0,35.0,0.08571428571428572,0.0,0.0,0.00023483365949119374,0.0,0.0,7.827788649706458e-05,Subatendido,7.827788649706458e-05,0.0,0.0
140201,FERREÑAFE,LAMBAYEQUE,FERREÑAFE,12.0,27.0,0.4444444444444444,22188.0,0.0,0.00121765601217656,0.035764830283081826,0.0,0.012327495431752796,Acceso medio,0.012327495431752796,0.0,0.0
060307,MIGUEL IGLESIAS,CAJAMARCA,CELENDIN,4.0,28.0,0.14285714285714285,0.0,0.0,0.00039138943248532285,0.0,0.0,0.00013046314416177428,Subatendido,0.00013046314416177428,0.0,0.0
060701,BAMBAMARCA,CAJAMARCA,HUALGAYOC,40.0,227.0,0.1762114537444934,491.16279069767444,0.0,0.000482771106149297,0.0007917051492098056,0.0,0.0004248254184530342,Acceso medio,0.0004248254184530342,0.0,0.0
140204,MANUEL ANTONIO MESONES MURO,LAMBAYEQUE,FERREÑAFE,1.0,44.0,0.022727272727272728,0.0,0.0,6.2266500622665e-05,0.0,0.0,2.0755500207555e-05,Subatendido,2.0755500207555e-05,0.0,0.0
220908,JUAN GUERRA,SAN MARTIN,SAN MARTIN,2.0,40.0,0.05,432.0,0.0,0.00013698630136986303,0.0006963406653277153,0.0,0.0002777756555658594,Acceso medio,0.0002777756555658594,0.0,0.0
010113,MARISCAL CASTILLA,AMAZONAS,CHACHAPOYAS,2.0,79.0,0.02531645569620253,0.0,0.0,6.93601525923357e-05,0.0,0.0,2.31200508641119e-05,Subatendido,2.31200508641119e-05,0.0,0.0
220604,PACHIZA,SAN MARTIN,MARISCAL CACERES,7.0,73.0,0.0958904109589041,40.333333333333336,0.0,0.0002627134546819291,6.501328742643021e-05,0.0,0.0001092422473694531,Subatendido,0.0001092422473694531,0.0,0.0
220301,SAN JOSE DE SISA,SAN MARTIN,EL DORADO,7.0,32.0,0.21875,3902.2,0.0,0.0005993150684931507,0.00628995496352271,0.0,0.002296423344005287,Acceso medio,0.002296423344005287,0.0,0.0
140305,MOCHUMI,LAMBAYEQUE,LAMBAYEQUE,7.0,49.0,0.14285714285714285,1896.0,0.0,0.00039138943248532285,0.003056161808938306,0.0,0.0011491837471412096,Acceso medio,0.0011491837471412096,0.0,0.0
010503,COCABAMBA,AMAZONAS,LUYA,7.0,111.0,0.06306306306306306,0.0,0.0,0.00017277551524126866,0.0,0.0,5.759183841375622e-05,Subatendido,5.759183841375622e-05,0.0,0.0
010521,SANTO TOMAS,AMAZONAS,LUYA,6.0,117.0,0.05128205128205128,0.0,0.0,0.00014049877063575695,0.0,0.0,4.683292354525231e-05,Subatendido,4.683292354525231e-05,0.0,0.0
061309,SEXI,CAJAMARCA,SANTA CRUZ,1.0,41.0,0.024390243902439025,0.0,0.0,6.682258603407952e-05,0.0,0.0,2.2274195344693174e-05,Subatendido,2.2274195344693174e-05,0.0,0.0
061304,CHANCAYBAÑOS,CAJAMARCA,SANTA CRUZ,6.0,33.0,0.18181818181818182,0.0,0.0,0.00049813200498132,0.0,0.0,0.00016604400166044,Acceso medio,0.00016604400166044,0.0,0.0
060408,CONCHAN,CAJAMARCA,CHOTA,7.0,45.0,0.15555555555555556,0.0,0.0,0.00042617960426179604,0.0,0.0,0.00014205986808726534,Subatendido,0.00014205986808726534,0.0,0.0
140303,ILLIMO,LAMBAYEQUE,LAMBAYEQUE,3.0,26.0,0.11538461538461539,0.0,0.0,0.00031612223393045314,0.0,0.0,0.00010537407797681771,Subatendido,0.00010537407797681771,0.0,0.0
220511,ZAPATERO,SAN MARTIN,LAMAS,11.0,28.0,0.39285714285714285,0.0,0.0,0.001076320939334638,0.0,0.0,0.00035877364644487935,Acceso medio,0.00035877364644487935,0.0,0.0
060419,CHALAMARCA,CAJAMARCA,CHOTA,13.0,42.0,0.30952380952380953,0.0,0.0,0.0008480104370515329,0.0,0.0,0.00028267014568384433,Acceso medio,0.00028267014568384433,0.0,0.0
220910,MORALES,SAN MARTIN,SAN MARTIN,7.0,42.0,0.16666666666666666,24995.0,0.0,0.00045662100456621003,0.040289432708023716,0.0,0.013582017904196643,Acceso medio,0.013582017904196643,0.0,0.0
010610,SANTA ROSA,AMAZONAS,RODRIGUEZ DE MENDOZA,1.0,12.0,0.08333333333333333,0.0,0.0,0.00022831050228310502,0.0,0.0,7.6103500761035e-05,Subatendido,7.6103500761035e-05,0.0,0.0
160112,BELEN,LORETO,MAYNAS,19.0,60.0,0.31666666666666665,0.0,0.0,0.000867579908675799,0.0,0.0,0.00028919330289193303,Acceso medio,0.00028919330289193303,0.0,0.0
240106,SAN JUAN DE LA VIRGEN,TUMBES,TUMBES,4.0,9.0,0.4444444444444444,0.0,0.0,0.00121765601217656,0.0,0.0,0.00040588533739218665,Acceso medio,0.00040588533739218665,0.0,0.0
240102,CORRALES,TUMBES,TUMBES,5.0,22.0,0.22727272727272727,1894.0,0.0,0.0006226650062266501,0.003052938009561789,0.0,0.001225201005262813,Acceso medio,0.001225201005262813,0.0,0.0
240304,PAPAYAL,TUMBES,ZARUMILLA,5.0,16.0,0.3125,47.8,0.0,0.0008561643835616438,7.70488050987611e-05,0.0,0.0003110710628868016,Acceso medio,0.0003110710628868016,0.0,0.0
240101,TUMBES,TUMBES,TUMBES,40.0,23.0,1.7391304347826086,31150.0,0.0,0.004764740917212626,0.0502106752892554,0.0,0.018325138735489344,Acceso medio,0.018325138735489344,0.0,0.0
240302,AGUAS VERDES,TUMBES,ZARUMILLA,4.0,12.0,0.3333333333333333,1796.5,0.0,0.0009132420091324201,0.0028957777899565754,0.0,0.0012696732663629985,Acceso medio,0.0012696732663629985,0.0,0.0
160104,INDIANA,LORETO,MAYNAS,7.0,70.0,0.1,0.0,0.0,0.00027397260273972606,0.0,0.0,9.132420091324203e-05,Subatendido,9.132420091324203e-05,0.0,0.0
240301,ZARUMILLA,TUMBES,ZARUMILLA,5.0,8.0,0.625,3012.75,0.0,0.0017123287671232876,0.004856250785801098,0.0,0.002189526517641462,Acceso medio,0.002189526517641462,0.0,0.0
160108,PUNCHANA,LORETO,MAYNAS,38.0,59.0,0.6440677966101694,141557.8,0.0,0.001764569305781286,0.22817697369057327,0.0,0.07664718099878486,Acceso medio,0.07664718099878486,0.0,0.0
220807,SAN FERNANDO,SAN MARTIN,RIOJA,2.0,12.0,0.16666666666666666,982.5,0.0,0.00045662100456621003,0.0015836914437140747,0.0,0.0006801041494267616,Acceso medio,0.0006801041494267616,0.0,0.0
010702,CAJARURO,AMAZONAS,UTCUBAMBA,32.0,140.0,0.22857142857142856,0.0,0.0,0.0006262230919765167,0.0,0.0,0.00020874103065883888,Acceso medio,0.00020874103065883888,0.0,0.0
240203,CANOAS DE PUNTA SAL,TUMBES,CONTRALMIRANTE VILLAR,3.0,26.0,0.11538461538461539,1.3333333333333333,0.0,0.00031612223393045314,2.1491995843448003e-06,0.0,0.00010609047783826597,Subatendido,0.00010609047783826597,0.0,0.0
160301,NAUTA,LORETO,LORETO,12.0,179.0,0.0670391061452514,2814.0,0.0,0.00018366878395959286,0.004535885722759701,0.0,0.001573184835573098,Acceso medio,0.001573184835573098,0.0,0.0
240202,CASITAS,TUMBES,CONTRALMIRANTE VILLAR,3.0,42.0,0.07142857142857142,8.0,0.0,0.00019569471624266143,1.2895197506068803e-05,0.0,6.952997124957674e-05,Subatendido,6.952997124957674e-05,0.0,0.0
160103,FERNANDO LORES,LORETO,MAYNAS,12.0,156.0,0.07692307692307693,0.0,0.0,0.00021074815595363542,0.0,0.0,7.024938531787847e-05,Subatendido,7.024938531787847e-05,0.0,0.0
160404,SAN PABLO,LORETO,MARISCAL RAMON CASTILLA,5.0,56.0,0.08928571428571429,0.0,0.0,0.0002446183953033268,0.0,0.0,8.153946510110893e-05,Subatendido,8.153946510110893e-05,0.0,0.0
160401,RAMON CASTILLA,LORETO,MARISCAL RAMON CASTILLA,10.0,103.0,0.0970873786407767,0.0,0.0,0.0002659928181939088,0.0,0.0,8.866427273130293e-05,Subatendido,8.866427273130293e-05,0.0,0.0
160705,PASTAZA,LORETO,DATEM DEL MARAÑON,9.0,49.0,0.1836734693877551,0.0,0.0,0.0005032149846239866,0.0,0.0,0.00016773832820799554,Acceso medio,0.00016773832820799554,0.0,0.0
160105,LAS AMAZONAS,LORETO,MAYNAS,4.0,85.0,0.047058823529411764,0.0,0.0,0.00012892828364222402,0.0,0.0,4.2976094547408005e-05,Subatendido,4.2976094547408005e-05,0.0,0.0
160402,PEBAS,LORETO,MARISCAL RAMON CASTILLA,8.0,87.0,0.09195402298850575,0.0,0.0,0.0002519288301054952,0.0,0.0,8.397627670183173e-05,Subatendido,8.397627670183173e-05,0.0,0.0
160704,MORONA,LORETO,DATEM DEL MARAÑON,10.0,25.0,0.4,0.0,0.0,0.0010958904109589042,0.0,0.0,0.0003652968036529681,Acceso medio,0.0003652968036529681,0.0,0.0
060902,CHIRINOS,CAJAMARCA,SAN IGNACIO,8.0,83.0,0.0963855421686747,0.0,0.0,0.00026406997854431423,0.0,0.0,8.802332618143808e-05,Subatendido,8.802332618143808e-05,0.0,0.0
060907,TABACONAS,CAJAMARCA,SAN IGNACIO,9.0,102.0,0.08823529411764706,68.66666666666667,0.0,0.00024174053182917003,0.00011068377859375723,0.0,0.00011747477014097575,Subatendido,0.00011747477014097575,0.0,0.0
060901,SAN IGNACIO,CAJAMARCA,SAN IGNACIO,18.0,99.0,0.18181818181818182,2231.5555555555557,0.0,0.00049813200498132,0.0035970437043317477,0.0,0.0013650585697710226,Acceso medio,0.0013650585697710226,0.0,0.0
060905,NAMBALLE,CAJAMARCA,SAN IGNACIO,6.0,41.0,0.14634146341463414,0.0,0.0,0.0004009355162044771,0.0,0.0,0.00013364517206815904,Subatendido,0.00013364517206815904,0.0,0.0
060906,SAN JOSE DE LOURDES,CAJAMARCA,SAN IGNACIO,15.0,96.0,0.15625,0.0,0.0,0.0004280821917808219,0.0,0.0,0.00014269406392694063,Subatendido,0.00014269406392694063,0.0,0.0
060903,HUARANGO,CAJAMARCA,SAN IGNACIO,13.0,91.0,0.14285714285714285,0.0,0.0,0.00039138943248532285,0.0,0.0,0.00013046314416177428,Subatendido,0.00013046314416177428,0.0,0.0
010205,IMAZA,AMAZONAS,BAGUA,41.0,149.0,0.2751677852348993,0.0,0.0,0.0007538843431093132,0.0,0.0,0.0002512947810364377,Acceso medio,0.0002512947810364377,0.0,0.0
010402,EL CENEPA,AMAZONAS,CONDORCANQUI,21.0,86.0,0.2441860465116279,0.0,0.0,0.0006690028671551449,0.0,0.0,0.00022300095571838163,Acceso medio,0.00022300095571838163,0.0,0.0
010403,RIO SANTIAGO,AMAZONAS,CONDORCANQUI,26.0,89.0,0.29213483146067415,0.0,0.0,0.000800369401262121,0.0,0.0,0.000266789800420707,Acceso medio,0.000266789800420707,0.0,0.0
200407,SAN JUAN DE BIGOTE,PIURA,MORROPON,3.0,32.0,0.09375,0.0,0.0,0.0002568493150684931,0.0,0.0,8.561643835616437e-05,Subatendido,8.561643835616437e-05,0.0,0.0
200402,BUENOS AIRES,PIURA,MORROPON,5.0,30.0,0.16666666666666666,0.0,0.0,0.00045662100456621003,0.0,0.0,0.00015220700152207,Acceso medio,0.00015220700152207,0.0,0.0
200302,CANCHAQUE,PIURA,HUANCABAMBA,7.0,81.0,0.08641975308641975,0.0,0.0,0.0002367664468121089,0.0,0.0,7.892214893736963e-05,Subatendido,7.892214893736963e-05,0.0,0.0
200404,LA MATANZA,PIURA,MORROPON,7.0,46.0,0.15217391304347827,0.0,0.0,0.00041691483025610486,0.0,0.0,0.0001389716100853683,Subatendido,0.0001389716100853683,0.0,0.0
200105,CATACAOS,PIURA,PIURA,19.0,60.0,0.31666666666666665,3740.0,0.0,0.000867579908675799,0.006028504834087165,0.0,0.0022986949142543216,Acceso medio,0.0022986949142543216,0.0,0.0
200115,VEINTISEIS DE OCTUBRE,PIURA,PIURA,10.0,6.0,1.6666666666666667,59308.333333333336,0.0,0.004566210045662101,0.09559908401113716,0.0,0.03338843135226642,Acceso medio,0.03338843135226642,0.0,0.0
200305,LALAQUIZ,PIURA,HUANCABAMBA,4.0,55.0,0.07272727272727272,0.0,0.0,0.00019925280199252802,0.0,0.0,6.6417600664176e-05,Subatendido,6.6417600664176e-05,0.0,0.0
200408,SANTA CATALINA DE MOSSA,PIURA,MORROPON,5.0,40.0,0.125,0.0,0.0,0.00034246575342465754,0.0,0.0,0.00011415525114155251,Subatendido,0.00011415525114155251,0.0,0.0
200410,YAMANGO,PIURA,MORROPON,7.0,87.0,0.08045977011494253,0.0,0.0,0.0002204377263423083,0.0,0.0,7.347924211410277e-05,Subatendido,7.347924211410277e-05,0.0,0.0
200405,MORROPON,PIURA,MORROPON,6.0,35.0,0.17142857142857143,0.0,0.0,0.0004696673189823875,0.0,0.0,0.00015655577299412916,Acceso medio,0.00015655577299412916,0.0,0.0
200301,HUANCABAMBA,PIURA,HUANCABAMBA,10.0,89.0,0.11235955056179775,2.0,0.0,0.00030783438510081576,3.2237993765172007e-06,0.0,0.00010368606149244431,Subatendido,0.00010368606149244431,0.0,0.0
200403,CHALACO,PIURA,MORROPON,8.0,77.0,0.1038961038961039,0.0,0.0,0.00028464685998932574,0.0,0.0,9.488228666310858e-05,Subatendido,9.488228666310858e-05,0.0,0.0
200101,PIURA,PIURA,PIURA,253.0,46.0,5.5,26900.736842105263,0.0,0.015068493150684932,0.04336128932971612,0.0,0.019476594160133684,Acceso medio,0.019476594160133684,0.0,0.0
200104,CASTILLA,PIURA,PIURA,68.0,36.0,1.8888888888888888,18512.14285714286,0.0,0.005175038051750381,0.029839717300427247,0.0,0.011671585117392544,Acceso medio,0.011671585117392544,0.0,0.0
200409,SANTO DOMINGO,PIURA,MORROPON,5.0,60.0,0.08333333333333333,0.0,0.0,0.00022831050228310502,0.0,0.0,7.6103500761035e-05,Subatendido,7.6103500761035e-05,0.0,0.0
200401,CHULUCANAS,PIURA,MORROPON,15.0,120.0,0.125,23502.666666666668,0.0,0.00034246575342465754,0.037883941073245796,0.0,0.01274213560889015,Acceso medio,0.01274213560889015,0.0,0.0
200606,MIGUEL CHECA,PIURA,SULLANA,2.0,12.0,0.16666666666666666,0.0,0.0,0.00045662100456621003,0.0,0.0,0.00015220700152207,Acceso medio,0.00015220700152207,0.0,0.0
200503,ARENAL,PIURA,PAITA,1.0,6.0,0.16666666666666666,0.0,0.0,0.00045662100456621003,0.0,0.0,0.00015220700152207,Acceso medio,0.00015220700152207,0.0,0.0
200505,LA HUACA,PIURA,PAITA,7.0,21.0,0.3333333333333333,0.0,0.0,0.0009132420091324201,0.0,0.0,0.00030441400304414,Acceso medio,0.00030441400304414,0.0,0.0
200602,BELLAVISTA,PIURA,SULLANA,16.0,1.0,16.0,2794.0,0.0,0.043835616438356165,0.004503647728994529,0.0,0.016113088055783566,Acceso medio,0.016113088055783566,0.0,0.0
200504,COLAN,PIURA,PAITA,1.0,19.0,0.05263157894736842,0.0,0.0,0.00014419610670511894,0.0,0.0,4.8065368901706317e-05,Subatendido,4.8065368901706317e-05,0.0,0.0
200303,EL CARMEN DE LA FRONTERA,PIURA,HUANCABAMBA,9.0,55.0,0.16363636363636364,0.0,0.0,0.00044831880448318803,0.0,0.0,0.000149439601494396,Subatendido,0.000149439601494396,0.0,0.0
200608,SALITRAL,PIURA,SULLANA,2.0,14.0,0.14285714285714285,0.0,0.0,0.00039138943248532285,0.0,0.0,0.00013046314416177428,Subatendido,0.00013046314416177428,0.0,0.0
200507,VICHAYAL,PIURA,PAITA,3.0,17.0,0.17647058823529413,0.0,0.0,0.00048348106365834006,0.0,0.0,0.00016116035455278002,Acceso medio,0.00016116035455278002,0.0,0.0
200202,FRIAS,PIURA,AYABACA,9.0,156.0,0.057692307692307696,0.0,0.0,0.00015806111696522657,0.0,0.0,5.2687038988408854e-05,Subatendido,5.2687038988408854e-05,0.0,0.0
200502,AMOTAPE,PIURA,PAITA,2.0,10.0,0.2,0.0,0.0,0.0005479452054794521,0.0,0.0,0.00018264840182648405,Acceso medio,0.00018264840182648405,0.0,0.0
200506,TAMARINDO,PIURA,PAITA,1.0,8.0,0.125,0.0,0.0,0.00034246575342465754,0.0,0.0,0.00011415525114155251,Subatendido,0.00011415525114155251,0.0,0.0
200206,PACAIPAMPA,PIURA,AYABACA,8.0,183.0,0.04371584699453552,0.0,0.0,0.00011976944382064526,0.0,0.0,3.992314794021509e-05,Subatendido,3.992314794021509e-05,0.0,0.0
200603,IGNACIO ESCUDERO,PIURA,SULLANA,7.0,33.0,0.21212121212121213,0.0,0.0,0.0005811540058115401,0.0,0.0,0.00019371800193718005,Acceso medio,0.00019371800193718005,0.0,0.0
200208,SAPILLICA,PIURA,AYABACA,4.0,78.0,0.05128205128205128,0.0,0.0,0.00014049877063575695,0.0,0.0,4.683292354525231e-05,Subatendido,4.683292354525231e-05,0.0,0.0
200204,LAGUNAS,PIURA,AYABACA,5.0,63.0,0.07936507936507936,0.0,0.0,0.00021743857360295715,0.0,0.0,7.247952453431905e-05,Subatendido,7.247952453431905e-05,0.0,0.0
200114,TAMBO GRANDE,PIURA,PIURA,38.0,227.0,0.16740088105726872,18494.0,0.0,0.0004586325508418321,0.029810472834654555,0.0,0.010089701795165463,Acceso medio,0.010089701795165463,0.0,0.0
200601,SULLANA,PIURA,SULLANA,155.0,86.0,1.802325581395349,31597.428571428572,0.0,0.004937878305192737,0.050931885264059104,0.0,0.018623254523083946,Acceso medio,0.018623254523083946,0.0,0.0
200607,QUERECOTILLO,PIURA,SULLANA,8.0,35.0,0.22857142857142856,0.0,0.0,0.0006262230919765167,0.0,0.0,0.00020874103065883888,Acceso medio,0.00020874103065883888,0.0,0.0
200703,LA BREA,PIURA,TALARA,6.0,26.0,0.23076923076923078,0.0,0.0,0.0006322444678609063,0.0,0.0,0.00021074815595363542,Acceso medio,0.00021074815595363542,0.0,0.0
200111,LAS LOMAS,PIURA,PIURA,21.0,97.0,0.21649484536082475,0.0,0.0,0.0005931365626323966,0.0,0.0,0.0001977121875441322,Acceso medio,0.0001977121875441322,0.0,0.0
200205,MONTERO,PIURA,AYABACA,4.0,54.0,0.07407407407407407,0.0,0.0,0.00020294266869609335,0.0,0.0,6.764755623203112e-05,Subatendido,6.764755623203112e-05,0.0,0.0
200207,PAIMAS,PIURA,AYABACA,4.0,49.0,0.08163265306122448,0.0,0.0,0.00022365110427732736,0.0,0.0,7.455036809244245e-05,Subatendido,7.455036809244245e-05,0.0,0.0
200209,SICCHEZ,PIURA,AYABACA,3.0,28.0,0.10714285714285714,0.0,0.0,0.00029354207436399217,0.0,0.0,9.784735812133073e-05,Subatendido,9.784735812133073e-05,0.0,0.0
200203,JILILI,PIURA,AYABACA,3.0,25.0,0.12,0.0,0.0,0.00032876712328767124,0.0,0.0,0.00010958904109589041,Subatendido,0.00010958904109589041,0.0,0.0
200201,AYABACA,PIURA,AYABACA,30.0,344.0,0.0872093023255814,0.0,0.0,0.00023892959541255178,0.0,0.0,7.964319847085059e-05,Subatendido,7.964319847085059e-05,0.0,0.0
200701,PARIÑAS,PIURA,TALARA,83.0,47.0,1.7659574468085106,20410.7,0.0,0.00483823958029729,0.03290000096713981,0.0,0.012579413515812368,Acceso medio,0.012579413515812368,0.0,0.0
200704,LOBITOS,PIURA,TALARA,1.0,8.0,0.125,0.0,0.0,0.00034246575342465754,0.0,0.0,0.00011415525114155251,Subatendido,0.00011415525114155251,0.0,0.0
200210,SUYO,PIURA,AYABACA,10.0,141.0,0.07092198581560284,0.0,0.0,0.00019430681045370642,0.0,0.0,6.476893681790214e-05,Subatendido,6.476893681790214e-05,0.0,0.0
200702,EL ALTO,PIURA,TALARA,7.0,5.0,1.4,0.0,0.0,0.0038356164383561643,0.0,0.0,0.0012785388127853881,Acceso medio,0.0012785388127853881,0.0,0.0
200605,MARCAVELICA,PIURA,SULLANA,10.0,105.0,0.09523809523809523,0.0,0.0,0.0002609262883235486,0.0,0.0,8.697542944118286e-05,Subatendido,8.697542944118286e-05,0.0,0.0
200705,LOS ORGANOS,PIURA,TALARA,6.0,18.0,0.3333333333333333,0.0,0.0,0.0009132420091324201,0.0,0.0,0.00030441400304414,Acceso medio,0.00030441400304414,0.0,0.0
200706,MANCORA,PIURA,TALARA,6.0,6.0,1.0,43.0,0.0,0.0027397260273972603,6.931168659511982e-05,0.0,0.0009363459046641268,Acceso medio,0.0009363459046641268,0.0,0.0
200604,LANCONES,PIURA,SULLANA,16.0,225.0,0.07111111111111111,0.0,0.0,0.00019482496194824962,0.0,0.0,6.494165398274987e-05,Subatendido,6.494165398274987e-05,0.0,0.0
140308,OLMOS,LAMBAYEQUE,LAMBAYEQUE,21.0,233.0,0.09012875536480687,3365.7,0.0,0.00024692809688988185,0.0054251707807719705,0.0,0.001890699625887284,Acceso medio,0.001890699625887284,0.0,0.0
200501,PAITA,PIURA,PAITA,33.0,12.0,2.75,60200.5,0.0,0.007534246575342466,0.09703716718301186,0.0,0.03485713791945144,Acceso medio,0.03485713791945144,0.0,0.0
200801,SECHURA,PIURA,SECHURA,20.0,64.0,0.3125,315.0,0.0,0.0008561643835616438,0.0005077484018014591,0.0,0.00045463759512103424,Acceso medio,0.00045463759512103424,0.0,0.0
090607,PILPICHACA,HUANCAVELICA,HUAYTARA,9.0,597.0,0.01507537688442211,19.22222222222222,0.36515912897822445,4.130240242307427e-05,3.098429400763754e-05,0.36515912897822445,0.12174380522488505,Acceso medio,0.29929824408585654,0.897822445561139,0.1775544388609715
090311,SANTO TOMAS DE PATA,HUANCAVELICA,ANGARAES,3.0,47.0,0.06382978723404255,19.0,0.723404255319149,0.00017487612940833574,3.062609407691341e-05,0.723404255319149,0.2412032525142114,Mejor atendido,0.3334018340744951,1.0,0.09219858156028368
090310,SAN ANTONIO DE ANTAPARCO,HUANCAVELICA,ANGARAES,2.0,20.0,0.1,65.5,1.0,0.00027397260273972606,0.00010557942958093831,1.0,0.3334598506774402,Mejor atendido,0.3334598506774402,1.0,0.0
090309,JULCAMARCA,HUANCAVELICA,ANGARAES,1.0,24.0,0.041666666666666664,272.0,0.875,0.00011415525114155251,0.0004384367152063393,0.875,0.2918508639887826,Mejor atendido,0.33351753065544926,1.0,0.04166666666666663
090301,LIRCAY,HUANCAVELICA,ANGARAES,23.0,282.0,0.08156028368794327,2940.7894736842104,0.74822695035461,0.00022345283202176237,0.004740257635865752,0.74822695035461,0.25106355360749916,Mejor atendido,0.3349879034892958,1.0,0.08392434988179664
090305,CHINCHO,HUANCAVELICA,ANGARAES,2.0,30.0,0.06666666666666667,27.0,0.8666666666666667,0.00018264840182648402,4.3521291582982205e-05,0.8666666666666667,0.28896427878669206,Mejor atendido,0.33340872323113646,1.0,0.0444444444444444
050617,SAN PEDRO,AYACUCHO,LUCANAS,2.0,131.0,0.015267175572519083,0.0,0.40458015267175573,4.18278782808742e-05,0.0,0.40458015267175573,0.13487399351667886,Acceso medio,0.28500121997978317,0.8549618320610687,0.1501272264631043
050708,UPAHUACHO,AYACUCHO,PARINACOCHAS,5.0,147.0,0.034013605442176874,0.0,0.7414965986394558,9.318796011555308e-05,0.0,0.7414965986394558,0.24719659553319048,Mejor atendido,0.3333643959867052,1.0,0.08616780045351471
050621,SANTA LUCIA,AYACUCHO,LUCANAS,4.0,69.0,0.057971014492753624,0.0,0.43478260869565216,0.0001588246972404209,0.0,0.43478260869565216,0.14498047779763087,Acceso medio,0.2995698497783072,0.8985507246376812,0.15458937198067632
050615,SAN CRISTOBAL,AYACUCHO,LUCANAS,2.0,64.0,0.03125,0.0,0.640625,8.561643835616438e-05,0.0,0.640625,0.21357020547945205,Mejor atendido,0.31252853881278536,0.9375,0.09895833333333331
050703,CORONEL CASTAÑEDA,AYACUCHO,PARINACOCHAS,3.0,65.0,0.046153846153846156,0.0,0.15384615384615385,0.00012644889357218126,0.0,0.15384615384615385,0.05132420091324202,Acceso medio,0.2974780470670882,0.8923076923076924,0.24615384615384617
051011,SARHUA,AYACUCHO,VICTOR FAJARDO,4.0,74.0,0.05405405405405406,0.0,0.40540540540540543,0.00014809329877823029,0.0,0.40540540540540543,0.13518449956806122,Acceso medio,0.33338269776625945,1.0,0.19819819819819823
051101,VILCAS HUAMAN,AYACUCHO,VILCAS HUAMAN,6.0,99.0,0.06060606060606061,463.4,0.8383838383838383,0.00016604400166044003,0.0007469543155390353,0.8383838383838383,0.2797656122336793,Mejor atendido,0.33363766610573314,1.0,0.05387205387205385
051012,VILCANCHOS,AYACUCHO,VICTOR FAJARDO,4.0,175.0,0.022857142857142857,0.0,0.5942857142857143,6.262230919765167e-05,0.0,0.5942857142857143,0.19811611219830397,Mejor atendido,0.3295446836268754,0.9885714285714285,0.13142857142857142
050619,SANCOS,AYACUCHO,LUCANAS,6.0,212.0,0.02830188679245283,0.0,0.42924528301886794,7.753941586973378e-05,0.0,0.42924528301886794,0.14310760747824589,Acceso medio,0.31291892823296286,0.9386792452830188,0.16981132075471697
050806,OYOLO,AYACUCHO,PAUCAR DEL SARA SARA,2.0,105.0,0.01904761904761905,0.0,0.44761904761904764,5.218525766470972e-05,0.0,0.44761904761904764,0.14922374429223745,Acceso medio,0.25398564905414217,0.7619047619047619,0.10476190476190472
050614,SAISA,AYACUCHO,LUCANAS,1.0,102.0,0.00980392156862745,0.0,0.35294117647058826,2.6860059092130003e-05,0.0,0.35294117647058826,0.11765601217656013,Acceso medio,0.32027039126152745,0.9607843137254902,0.20261437908496732
050605,CHAVIÑA,AYACUCHO,LUCANAS,1.0,121.0,0.008264462809917356,0.0,0.36363636363636365,2.2642363862787276e-05,0.0,0.36363636363636365,0.12121966866674215,Acceso medio,0.33334088078795426,1.0,0.2121212121212121
050616,SAN JUAN,AYACUCHO,LUCANAS,1.0,37.0,0.02702702702702703,0.0,0.972972972972973,7.404664938911514e-05,0.0,0.972972972972973,0.3243490065407874,Mejor atendido,0.3333580155497964,1.0,0.009009009009008973
051008,HUAMANQUIQUIA,AYACUCHO,VICTOR FAJARDO,3.0,56.0,0.05357142857142857,0.0,1.0,0.00014677103718199608,0.0,1.0,0.33338225701239405,Mejor atendido,0.33338225701239405,1.0,0.0
051002,ALCAMENCA,AYACUCHO,VICTOR FAJARDO,3.0,36.0,0.08333333333333333,0.0,1.0,0.00022831050228310502,0.0,1.0,0.33340943683409435,Mejor atendido,0.33340943683409435,1.0,0.0
050803,CORCULLA,AYACUCHO,PAUCAR DEL SARA SARA,1.0,20.0,0.05,0.0,0.9,0.00013698630136986303,0.0,0.9,0.30004566210045663,Mejor atendido,0.33337899543378996,1.0,0.033333333333333326
050810,SARA SARA,AYACUCHO,PAUCAR DEL SARA SARA,1.0,18.0,0.05555555555555555,0.0,0.8888888888888888,0.00015220700152207,0.0,0.8888888888888888,0.2963470319634703,Mejor atendido,0.3333840690005074,1.0,0.03703703703703709
050801,PAUSA,AYACUCHO,PAUCAR DEL SARA SARA,3.0,33.0,0.09090909090909091,369.0,0.8181818181818182,0.00024906600249066,0.0005947909849674235,0.8181818181818182,0.27300855838975874,Mejor atendido,0.33361461899581935,1.0,0.06060606060606061
050809,SAN JOSE DE USHUA,AYACUCHO,PAUCAR DEL SARA SARA,1.0,12.0,0.08333333333333333,0.0,1.0,0.00022831050228310502,0.0,1.0,0.33340943683409435,Mejor atendido,0.33340943683409435,1.0,0.0
050807,PARARCA,AYACUCHO,PAUCAR DEL SARA SARA,1.0,10.0,0.1,0.0,0.9,0.00027397260273972606,0.0,0.9,0.3000913242009133,Mejor atendido,0.33342465753424655,1.0,0.03333333333333327
050705,PULLO,AYACUCHO,PARINACOCHAS,4.0,212.0,0.018867924528301886,0.0,0.32075471698113206,5.1692943913155855e-05,0.0,0.32075471698113206,0.10693546997501507,Acceso medio,0.24372792280520375,0.7311320754716981,0.13679245283018868
050706,PUYUSCA,AYACUCHO,PARINACOCHAS,5.0,85.0,0.058823529411764705,0.0,0.6,0.00016116035455278002,0.0,0.6,0.20005372011818426,Mejor atendido,0.3333870534515176,1.0,0.13333333333333333
050804,LAMPA,AYACUCHO,PAUCAR DEL SARA SARA,2.0,43.0,0.046511627906976744,0.0,0.7674418604651163,0.00012742911755336093,0.0,0.7674418604651163,0.2558564298608899,Mejor atendido,0.33337580970585107,1.0,0.07751937984496116
050805,MARCABAMBA,AYACUCHO,PAUCAR DEL SARA SARA,1.0,21.0,0.047619047619047616,0.0,0.8095238095238095,0.0001304631441617743,0.0,0.8095238095238095,0.26988475755599045,Mejor atendido,0.33337682104805394,1.0,0.06349206349206349
050802,COLTA,AYACUCHO,PAUCAR DEL SARA SARA,1.0,30.0,0.03333333333333333,0.0,0.7333333333333333,9.132420091324201e-05,0.0,0.7333333333333333,0.24447488584474886,Mejor atendido,0.32225266362252664,0.9666666666666667,0.07777777777777778
050702,CHUMPI,AYACUCHO,PARINACOCHAS,4.0,71.0,0.056338028169014086,0.0,0.7887323943661971,0.00015435076210688792,0.0,0.7887323943661971,0.2629622483761013,Mejor atendido,0.33338478358736895,1.0,0.07042253521126762
050808,SAN JAVIER DE ALPABAMBA,AYACUCHO,PAUCAR DEL SARA SARA,1.0,21.0,0.047619047619047616,0.0,0.6190476190476191,0.0001304631441617743,0.0,0.6190476190476191,0.20639269406392693,Mejor atendido,0.33337682104805394,1.0,0.126984126984127
050701,CORACORA,AYACUCHO,PARINACOCHAS,9.0,378.0,0.023809523809523808,7710.5,0.5846560846560847,6.523157208088715e-05,0.012428552546317938,0.5846560846560847,0.19904995625816116,Mejor atendido,0.3348524253939636,0.9920634920634921,0.13580246913580243
050609,LEONCIO PRADO,AYACUCHO,LUCANAS,4.0,116.0,0.034482758620689655,0.0,0.41379310344827586,9.44733112895607e-05,0.0,0.41379310344827586,0.1379625255865218,Acceso medio,0.26152574397732636,0.7844827586206896,0.12356321839080456
050606,CHIPAO,AYACUCHO,LUCANAS,4.0,195.0,0.020512820512820513,0.0,0.38974358974358975,5.6199508254302775e-05,0.0,0.38974358974358975,0.129933263083948,Acceso medio,0.3265144596651446,0.9794871794871794,0.19658119658119658
050611,LUCANAS,AYACUCHO,LUCANAS,4.0,425.0,0.009411764705882352,0.0,0.35058823529411764,2.57856567284448e-05,0.0,0.35058823529411764,0.1168713403169487,Acceso medio,0.2533419285522428,0.76,0.13647058823529412
050603,CABANA,AYACUCHO,LUCANAS,2.0,65.0,0.03076923076923077,0.0,0.36923076923076925,8.429926238145417e-05,0.0,0.36923076923076925,0.12310502283105024,Acceso medio,0.2666947664207938,0.8,0.14358974358974358
050612,OCAÑA,AYACUCHO,LUCANAS,3.0,168.0,0.017857142857142856,0.0,0.5476190476190477,4.8923679060665357e-05,0.0,0.5476190476190477,0.18255599043270276,Mejor atendido,0.30954011741682974,0.9285714285714286,0.12698412698412698
050613,OTOCA,AYACUCHO,LUCANAS,3.0,148.0,0.02027027027027027,0.0,0.4797297297297297,5.553498704183636e-05,0.0,0.4797297297297297,0.1599284215722572,Acceso medio,0.3153338269776626,0.9459459459459459,0.1554054054054054
050604,CARMEN SALCEDO,AYACUCHO,LUCANAS,1.0,63.0,0.015873015873015872,0.0,0.47619047619047616,4.348771472059143e-05,0.0,0.47619047619047616,0.15874465463506557,Acceso medio,0.275146771037182,0.8253968253968254,0.11640211640211642
050707,SAN FRANCISCO DE RAVACAYCO,AYACUCHO,PARINACOCHAS,1.0,56.0,0.017857142857142856,0.0,0.6071428571428571,4.8923679060665357e-05,0.0,0.6071428571428571,0.20239726027397256,Mejor atendido,0.3333496412263535,1.0,0.13095238095238096
050911,SORAS,AYACUCHO,SUCRE,1.0,82.0,0.012195121951219513,180.0,0.2682926829268293,3.341129301703976e-05,0.0002901419438865481,0.2682926829268293,0.08953874538791096,Acceso medio,0.33344118441230125,1.0,0.2439024390243903
050607,HUAC-HUAS,AYACUCHO,LUCANAS,3.0,140.0,0.02142857142857143,0.0,0.8214285714285714,5.8708414872798436e-05,0.0,0.8214285714285714,0.2738290932811481,Mejor atendido,0.3333529028049576,1.0,0.059523809523809534
050608,LARAMATE,AYACUCHO,LUCANAS,2.0,136.0,0.014705882352941176,0.0,0.4338235294117647,4.0290088638195005e-05,0.0,0.4338235294117647,0.14462127316680098,Acceso medio,0.2671702927746441,0.8014705882352942,0.12254901960784312
050610,LLAUTA,AYACUCHO,LUCANAS,3.0,76.0,0.039473684210526314,0.0,0.40789473684210525,0.00010814708002883922,0.0,0.40789473684210525,0.13600096130737802,Acceso medio,0.3202114876231675,0.9605263157894737,0.18421052631578946
050910,SANTIAGO DE PAUCARAY,AYACUCHO,SUCRE,3.0,48.0,0.0625,0.0,0.9583333333333334,0.00017123287671232877,0.0,0.9583333333333334,0.3195015220700152,Mejor atendido,0.3333904109589041,1.0,0.013888888888888895
051004,ASQUIPATA,AYACUCHO,VICTOR FAJARDO,3.0,16.0,0.1875,0.0,0.9375,0.0005136986301369863,0.0,0.9375,0.31267123287671234,Mejor atendido,0.3335045662100457,1.0,0.02083333333333337
050602,AUCARA,AYACUCHO,LUCANAS,4.0,175.0,0.022857142857142857,0.0,0.3142857142857143,6.262230919765167e-05,0.0,0.3142857142857143,0.10478277886497063,Acceso medio,0.22859230267449446,0.6857142857142857,0.12380952380952383
050906,MORCOLLA,AYACUCHO,SUCRE,3.0,73.0,0.0410958904109589,0.0,0.821917808219178,0.0001125914805779696,0.0,0.821917808219178,0.274010133233252,Mejor atendido,0.3333708638268593,1.0,0.0593607305936073
051003,APONGO,AYACUCHO,VICTOR FAJARDO,1.0,29.0,0.034482758620689655,0.0,0.3103448275862069,9.44733112895607e-05,0.0,0.3103448275862069,0.10347976696583215,Acceso medio,0.33336482443709653,1.0,0.22988505747126436
050704,PACAPAUSA,AYACUCHO,PARINACOCHAS,1.0,59.0,0.01694915254237288,0.0,0.6610169491525424,4.643603436266543e-05,0.0,0.6610169491525424,0.22035446172896836,Mejor atendido,0.3333488120114542,1.0,0.11299435028248586
050601,PUQUIO,AYACUCHO,LUCANAS,5.0,239.0,0.02092050209205021,13421.0,0.5732217573221757,5.731644408780879e-05,0.021633305716118673,0.5732217573221757,0.1983041264941274,Mejor atendido,0.3084854375122585,0.9037656903765691,0.11018131101813108
050620,SANTA ANA DE HUAYCAHUACHO,AYACUCHO,LUCANAS,1.0,7.0,0.14285714285714285,0.0,1.0,0.00039138943248532285,0.0,1.0,0.33346379647749513,Mejor atendido,0.33346379647749513,1.0,0.0
051102,ACCOMARCA,AYACUCHO,VILCAS HUAMAN,3.0,28.0,0.10714285714285714,0.0,1.0,0.00029354207436399217,0.0,1.0,0.33343118069145466,Mejor atendido,0.33343118069145466,1.0,0.0
050902,BELEN,AYACUCHO,SUCRE,1.0,4.0,0.25,0.0,1.0,0.0006849315068493151,0.0,1.0,0.33356164383561643,Mejor atendido,0.33356164383561643,1.0,0.0
051006,CAYARA,AYACUCHO,VICTOR FAJARDO,1.0,31.0,0.03225806451612903,0.0,1.0,8.837825894829872e-05,0.0,1.0,0.33336279275298275,Mejor atendido,0.33336279275298275,1.0,0.0
051009,HUANCARAYLLA,AYACUCHO,VICTOR FAJARDO,3.0,57.0,0.05263157894736842,0.0,0.5087719298245614,0.00014419610670511894,0.0,0.5087719298245614,0.16963870864375552,Mejor atendido,0.333381398702235,1.0,0.16374269005847947
051007,COLCA,AYACUCHO,VICTOR FAJARDO,2.0,23.0,0.08695652173913043,0.0,1.0,0.00023823704586063132,0.0,1.0,0.33341274568195356,Mejor atendido,0.33341274568195356,1.0,0.0
051107,SAURAMA,AYACUCHO,VILCAS HUAMAN,1.0,15.0,0.06666666666666667,0.0,1.0,0.00018264840182648402,0.0,1.0,0.3333942161339422,Mejor atendido,0.3333942161339422,1.0,0.0
051001,HUANCAPI,AYACUCHO,VICTOR FAJARDO,2.0,122.0,0.01639344262295082,1166.0,0.6229508196721312,4.491354143274197e-05,0.0018794750365095278,0.6229508196721312,0.20829173608335783,Mejor atendido,0.33124255575548894,0.9918032786885246,0.12295081967213112
050206,TOTOS,AYACUCHO,CANGALLO,3.0,74.0,0.04054054054054054,6.333333333333333,0.918918918918919,0.00011106997408367272,1.02086980256378e-05,0.918918918918919,0.3063467325303428,Mejor atendido,0.33337375955736975,1.0,0.027027027027026973
050204,MARIA PARADO DE BELLIDO,AYACUCHO,CANGALLO,2.0,67.0,0.029850746268656716,87.0,0.9253731343283582,8.178286648947045e-05,0.00014023527287849823,0.9253731343283582,0.3085317174892421,Mejor atendido,0.33340733937978934,1.0,0.02487562189054726
050405,LURICOCHA,AYACUCHO,HUANTA,3.0,77.0,0.03896103896103896,0.0,0.974025974025974,0.00010674257249599716,0.0,0.974025974025974,0.32471090553282334,Mejor atendido,0.33336891419083203,1.0,0.008658008658008698
050410,UCHURACCAY,AYACUCHO,HUANTA,6.0,48.0,0.125,0.0,0.9375,0.00034246575342465754,0.0,0.9375,0.31261415525114156,Mejor atendido,0.33344748858447487,1.0,0.020833333333333315
050507,SANTA ROSA,AYACUCHO,LA MAR,5.0,47.0,0.10638297872340426,0.0,0.9574468085106383,0.0002914602156805596,0.0,0.9574468085106383,0.31924608957543965,Mejor atendido,0.3334304867385602,1.0,0.014184397163120532
050503,AYNA,AYACUCHO,LA MAR,6.0,48.0,0.125,29167.0,0.75,0.00034246575342465754,0.047014278207438594,0.75,0.26578558132028773,Mejor atendido,0.3491189146536211,1.0,0.08333333333333337
050201,CANGALLO,AYACUCHO,CANGALLO,7.0,80.0,0.0875,1328.6666666666667,0.9625,0.00023972602739726027,0.002141677385799594,0.9625,0.3216271344710656,Mejor atendido,0.3341271344710656,1.0,0.012500000000000011
051104,CONCEPCION,AYACUCHO,VILCAS HUAMAN,2.0,76.0,0.02631578947368421,0.0,0.8157894736842105,7.209805335255947e-05,0.0,0.8157894736842105,0.27195385724585436,Mejor atendido,0.3333573660177842,1.0,0.06140350877192985
051108,VISCHONGO,AYACUCHO,VILCAS HUAMAN,6.0,63.0,0.09523809523809523,30.428571428571427,0.9682539682539683,0.0002609262883235486,4.904780479986884e-05,0.9682539682539683,0.32285464744903053,Mejor atendido,0.3334366580310411,1.0,0.010582010582010581
050203,LOS MOROCHUCOS,AYACUCHO,CANGALLO,5.0,141.0,0.03546099290780142,475.8,0.9432624113475178,9.715340522685321e-05,0.000766941871673442,0.9432624113475178,0.3147088355414727,Mejor atendido,0.3336213650923001,1.0,0.018912529550827395
050202,CHUSCHI,AYACUCHO,CANGALLO,6.0,95.0,0.06315789473684211,23.333333333333332,0.5684210526315789,0.00017303532804614275,3.761099272603401e-05,0.5684210526315789,0.1895438996507837,Mejor atendido,0.33340354877359074,1.0,0.14385964912280705
050205,PARAS,AYACUCHO,CANGALLO,6.0,303.0,0.019801980198019802,1.8333333333333333,0.3795379537953795,5.425200054252e-05,2.9551494284741005e-06,0.3795379537953795,0.12653172031511684,Acceso medio,0.33335240238332364,1.0,0.2068206820682068
050106,OCROS,AYACUCHO,HUAMANGA,6.0,133.0,0.045112781954887216,13.5,0.8796992481203008,0.00012359666289010195,2.1760645791491102e-05,0.8796992481203008,0.2932815351429941,Mejor atendido,0.3333817857695605,1.0,0.040100250626566414
050105,CHIARA,AYACUCHO,HUAMANGA,5.0,91.0,0.054945054945054944,0.0,0.7692307692307693,0.00015053439710973956,0.0,0.7692307692307693,0.25646043454262635,Mejor atendido,0.3333835114657033,1.0,0.07692307692307693
050506,LUIS CARRANZA,AYACUCHO,LA MAR,1.0,47.0,0.02127659574468085,0.0,0.723404255319149,5.829204313611192e-05,0.0,0.723404255319149,0.24115418245409503,Mejor atendido,0.3333527640143787,1.0,0.09219858156028365
050104,CARMEN ALTO,AYACUCHO,HUAMANGA,5.0,12.0,0.4166666666666667,1170.0,1.0,0.0011415525114155253,0.0018859226352625623,1.0,0.33434249171555935,Mejor atendido,0.33434249171555935,1.0,0.0
050110,SAN JUAN BAUTISTA,AYACUCHO,HUAMANGA,5.0,15.0,0.3333333333333333,80132.28571428571,1.0,0.0009132420091324201,0.12916520636230622,1.0,0.37669281612381283,Mejor atendido,0.37669281612381283,1.0,0.0
050102,ACOCRO,AYACUCHO,HUAMANGA,5.0,109.0,0.045871559633027525,30.0,0.8348623853211009,0.00012567550584391103,4.835699064775801e-05,0.8348623853211009,0.2783454726058642,Mejor atendido,0.3333913441654972,1.0,0.05504587155963303
050114,VINCHOS,AYACUCHO,HUAMANGA,10.0,279.0,0.035842293906810034,2.6363636363636362,0.7347670250896058,9.819806549810969e-05,4.249553723590855e-06,0.7347670250896058,0.2449564909029425,Mejor atendido,0.3333674825397406,1.0,0.08841099163679808
050116,ANDRES AVELINO CACERES DORREGARAY,AYACUCHO,HUAMANGA,5.0,14.0,0.35714285714285715,7412.2,1.0,0.0009784735812133072,0.011947722869310397,1.0,0.3376420654835079,Mejor atendido,0.3376420654835079,1.0,0.0
050112,SOCOS,AYACUCHO,HUAMANGA,5.0,70.0,0.07142857142857142,0.0,0.9428571428571428,0.00019569471624266143,0.0,0.9428571428571428,0.31435094585779516,Mejor atendido,0.33339856490541425,1.0,0.01904761904761909
050113,TAMBILLO,AYACUCHO,HUAMANGA,4.0,66.0,0.06060606060606061,0.0,0.8787878787878788,0.00016604400166044003,0.0,0.8787878787878788,0.2929846409298464,Mejor atendido,0.3333886813338868,1.0,0.04040404040404044
050115,JESUS NAZARENO,AYACUCHO,HUAMANGA,4.0,12.0,0.3333333333333333,2711.75,1.0,0.0009132420091324201,0.00437106897963526,1.0,0.33509477032958923,Mejor atendido,0.33509477032958923,1.0,0.0
050101,AYACUCHO,AYACUCHO,HUAMANGA,26.0,45.0,0.5777777777777777,16666.0,1.0,0.001582952815829528,0.026863920204517833,1.0,0.34281562434011575,Mejor atendido,0.34281562434011575,1.0,0.0
050109,SAN JOSE DE TICLLAS,AYACUCHO,HUAMANGA,4.0,47.0,0.0851063829787234,0.0,1.0,0.00023316817254444768,0.0,1.0,0.3334110560575148,Mejor atendido,0.3334110560575148,1.0,0.0
050103,ACOS VINCHOS,AYACUCHO,HUAMANGA,3.0,61.0,0.04918032786885246,0.0,0.9672131147540983,0.0001347406242982259,0.0,0.9672131147540983,0.3224492851261322,Mejor atendido,0.3333782468747661,1.0,0.010928961748633892
050111,SANTIAGO DE PISCHA,AYACUCHO,HUAMANGA,4.0,44.0,0.09090909090909091,0.0,1.0,0.00024906600249066,0.0,1.0,0.3334163553341636,Mejor atendido,0.3334163553341636,1.0,0.0
050107,PACAYCASA,AYACUCHO,HUAMANGA,2.0,17.0,0.11764705882352941,0.0,1.0,0.00032232070910556004,0.0,1.0,0.33344077356970186,Mejor atendido,0.33344077356970186,1.0,0.0
050108,QUINUA,AYACUCHO,HUAMANGA,3.0,65.0,0.046153846153846156,0.0,0.9692307692307692,0.00012644889357218126,0.0,0.9692307692307692,0.3231190727081138,Mejor atendido,0.3333754829645241,1.0,0.010256410256410275
040302,ACARI,AREQUIPA,CARAVELI,2.0,35.0,0.05714285714285714,1020.0,0.3142857142857143,0.00015655577299412916,0.0016441376820237723,0.3142857142857143,0.10536213591357739,Acceso medio,0.21012404067548215,0.6285714285714286,0.10476190476190476
040305,BELLA UNION,AREQUIPA,CARAVELI,1.0,62.0,0.016129032258064516,62.0,0.3225806451612903,4.418912947414936e-05,9.993778067203322e-05,0.3225806451612903,0.10757492402381218,Acceso medio,0.2796179347765004,0.8387096774193549,0.17204301075268819
070107,MI PERU,CALLAO,CALLAO,3.0,0.0,,15496.0,0.0,0.0,0.02497799756925527,0.0,0.008325999189751757,Acceso medio,0.008325999189751757,0.0,0.0
160804,YAGUAS,LORETO,PUTUMAYO,0.0,11.0,0.0,0.0,0.0,0.0,0.0,0.0,0.0,Subatendido,0.0,0.0,0.0
160802,ROSA PANDURO,LORETO,PUTUMAYO,0.0,9.0,0.0,0.0,0.0,0.0,0.0,0.0,0.0,Subatendido,0.0,0.0,0.0
050401,HUANTA,AYACUCHO,HUANTA,8.0,112.0,0.07142857142857142,10627.5,0.8839285714285714,0.00019569471624266143,0.017130463936968276,0.8839285714285714,0.30041824336059414,Mejor atendido,0.3391087195510703,1.0,0.038690476190476164
080911,INKAWASI,CUSCO,LA CONVENCION,5.0,77.0,0.06493506493506493,0.0,0.6363636363636364,0.00017790428749332856,0.0,0.6363636363636364,0.21218051355037656,Mejor atendido,0.3333926347624978,1.0,0.12121212121212124
090720,ANDAYMARCA,HUANCAVELICA,TAYACAJA,3.0,12.0,0.25,34.5,1.0,0.0006849315068493151,5.561053924492171e-05,1.0,0.3335801806820314,Mejor atendido,0.3335801806820314,1.0,0.0
090719,QUICHUAS,HUANCAVELICA,TAYACAJA,5.0,28.0,0.17857142857142858,85.8,0.7142857142857143,0.0004892367906066536,0.0001383009932525879,0.7142857142857143,0.23830441735652452,Mejor atendido,0.3335425125946197,1.0,0.09523809523809518
080912,VILLA VIRGEN,CUSCO,LA CONVENCION,0.0,13.0,0.0,0.0,0.7692307692307693,0.0,0.0,0.7692307692307693,0.25641025641025644,Mejor atendido,0.3333333333333333,1.0,0.07692307692307687
030220,JOSE MARIA ARGUEDAS,APURIMAC,ANDAHUAYLAS,2.0,22.0,0.09090909090909091,0.0,0.5454545454545454,0.00024906600249066,0.0,0.5454545454545454,0.181901203819012,Mejor atendido,0.3334163553341636,1.0,0.15151515151515157
050411,PUCACOLPA,AYACUCHO,HUANTA,5.0,30.0,0.16666666666666666,0.0,0.4666666666666667,0.00045662100456621003,0.0,0.4666666666666667,0.15570776255707763,Acceso medio,0.22237442922374429,0.6666666666666666,0.06666666666666665
090718,TINTAY PUNCU,HUANCAVELICA,TAYACAJA,4.0,90.0,0.044444444444444446,37.0,0.7666666666666667,0.00012176560121765602,5.964028846556821e-05,0.7666666666666667,0.25561602418545,Mejor atendido,0.32969009825952406,0.9888888888888889,0.07407407407407407
050402,AYAHUANCO,AYACUCHO,HUANTA,5.0,68.0,0.07352941176470588,0.0,0.7941176470588235,0.00020145044319097504,0.0,0.7941176470588235,0.26477303250067147,Mejor atendido,0.3334004834810636,1.0,0.06862745098039214
120609,VIZCATAN DEL ENE,JUNIN,SATIPO,0.0,7.0,0.0,0.0,1.0,0.0,0.0,1.0,0.3333333333333333,Mejor atendido,0.3333333333333333,1.0,0.0
080913,VILLA KINTIARINA,CUSCO,LA CONVENCION,0.0,13.0,0.0,0.0,0.7692307692307693,0.0,0.0,0.7692307692307693,0.25641025641025644,Mejor atendido,0.3333333333333333,1.0,0.07692307692307687
230111,LA YARADA LOS PALOS,TACNA,TACNA,1.0,46.0,0.021739130434782608,0.0,0.7608695652173914,5.955926146515783e-05,0.0,0.7608695652173914,0.2536430414929522,Mejor atendido,0.3333531864204884,1.0,0.0797101449275362
100704,LA MORADA,HUANUCO,MARAÑON,1.0,11.0,0.09090909090909091,0.0,0.0,0.00024906600249066,0.0,0.0,8.302200083022e-05,Subatendido,8.302200083022e-05,0.0,0.0
100705,SANTA ROSA DE ALTO YANAJANCA,HUANUCO,MARAÑON,0.0,12.0,0.0,0.0,0.0,0.0,0.0,0.0,0.0,Subatendido,0.0,0.0,0.0
100113,SAN PABLO DE PILLAO,HUANUCO,HUANUCO,5.0,20.0,0.25,0.0,0.0,0.0006849315068493151,0.0,0.0,0.00022831050228310502,Acceso medio,0.00022831050228310502,0.0,0.0
050412,CHACA,AYACUCHO,HUANTA,1.0,12.0,0.08333333333333333,0.0,0.75,0.00022831050228310502,0.0,0.75,0.25007610350076104,Mejor atendido,0.33340943683409435,1.0,0.08333333333333331
090721,ROBLE,HUANCAVELICA,TAYACAJA,1.0,9.0,0.1111111111111111,114.0,0.3333333333333333,0.00030441400304414,0.00018375656446148044,0.3333333333333333,0.11127383463361297,Acceso medio,0.3334960568558352,1.0,0.22222222222222227
090722,PICHOS,HUANCAVELICA,TAYACAJA,2.0,30.0,0.06666666666666667,28.0,0.4,0.00018264840182648402,4.5133191271240806e-05,0.4,0.13340926053103258,Acceso medio,0.3334092605310326,1.0,0.2
030609,ROCCHACC,APURIMAC,CHINCHEROS,0.0,18.0,0.0,0.0,1.0,0.0,0.0,1.0,0.3333333333333333,Mejor atendido,0.3333333333333333,1.0,0.0
030610,EL PORVENIR,APURIMAC,CHINCHEROS,0.0,10.0,0.0,0.0,1.0,0.0,0.0,1.0,0.3333333333333333,Mejor atendido,0.3333333333333333,1.0,0.0
090723,SANTIAGO DE TUCUMA,HUANCAVELICA,TAYACAJA,0.0,8.0,0.0,6.0,1.0,0.0,9.671398129551602e-06,1.0,0.3333365571327098,Mejor atendido,0.3333365571327098,1.0,0.0
050505,CHUNGUI,AYACUCHO,LA MAR,9.0,73.0,0.1232876712328767,0.0,0.4794520547945205,0.0003377744417339088,0.0,0.4794520547945205,0.15992994307875147,Acceso medio,0.3334459248139113,1.0,0.1735159817351598
030611,LOS CHANKAS,APURIMAC,CHINCHEROS,0.0,36.0,0.0,0.0,0.6666666666666666,0.0,0.0,0.6666666666666666,0.2222222222222222,Mejor atendido,0.3333333333333333,1.0,0.1111111111111111
080902,ECHARATE,CUSCO,LA CONVENCION,24.0,410.0,0.05853658536585366,0.0,0.5804878048780487,0.00016037420648179086,0.0,0.5804878048780487,0.19354939302817684,Mejor atendido,0.31956565319077845,0.9585365853658536,0.12601626016260162
100604,JOSE CRESPO Y CASTILLO,HUANUCO,LEONCIO PRADO,6.0,94.0,0.06382978723404255,0.0,0.0,0.00017487612940833574,0.0,0.0,5.8292043136111914e-05,Subatendido,5.8292043136111914e-05,0.0,0.0
100603,HERMILIO VALDIZAN,HUANUCO,LEONCIO PRADO,6.0,24.0,0.25,0.0,0.0,0.0006849315068493151,0.0,0.0,0.00022831050228310502,Acceso medio,0.00022831050228310502,0.0,0.0
100602,DANIEL ALOMIA ROBLES,HUANUCO,LEONCIO PRADO,4.0,53.0,0.07547169811320754,0.0,0.0,0.00020677177565262342,0.0,0.0,6.892392521754113e-05,Subatendido,6.892392521754113e-05,0.0,0.0
100601,RUPA-RUPA,HUANUCO,LEONCIO PRADO,12.0,49.0,0.24489795918367346,116930.5,0.0,0.0006709533128319821,0.18848023649792225,0.0,0.06305039660358475,Acceso medio,0.06305039660358475,0.0,0.0
100606,MARIANO DAMASO BERAUN,HUANUCO,LEONCIO PRADO,5.0,58.0,0.08620689655172414,0.0,0.0,0.00023618327822390176,0.0,0.0,7.872775940796725e-05,Subatendido,7.872775940796725e-05,0.0,0.0
100605,LUYANDO,HUANUCO,LEONCIO PRADO,7.0,47.0,0.14893617021276595,90317.0,0.0,0.0004080443019527834,0.145581944144452,0.0,0.04866332948213493,Acceso medio,0.04866332948213493,0.0,0.0
100607,PUCAYACU,HUANUCO,LEONCIO PRADO,3.0,9.0,0.3333333333333333,0.0,0.0,0.0009132420091324201,0.0,0.0,0.00030441400304414,Acceso medio,0.00030441400304414,0.0,0.0
100608,CASTILLO GRANDE,HUANUCO,LEONCIO PRADO,1.0,2.0,0.5,0.0,0.0,0.0013698630136986301,0.0,0.0,0.00045662100456621003,Acceso medio,0.00045662100456621003,0.0,0.0
100609,PUEBLO NUEVO,HUANUCO,LEONCIO PRADO,1.0,20.0,0.05,0.0,0.0,0.00013698630136986303,0.0,0.0,4.566210045662101e-05,Subatendido,4.566210045662101e-05,0.0,0.0
100610,SANTO DOMINGO DE ANDA,HUANUCO,LEONCIO PRADO,1.0,11.0,0.09090909090909091,0.0,0.0,0.00024906600249066,0.0,0.0,8.302200083022e-05,Subatendido,8.302200083022e-05,0.0,0.0
211105,SAN MIGUEL,PUNO,SAN ROMAN,2.0,10.0,0.2,0.0,1.0,0.0005479452054794521,0.0,1.0,0.33351598173515984,Mejor atendido,0.33351598173515984,1.0,0.0
150806,HUAURA,LIMA,HUAURA,10.0,54.0,0.18518518518518517,0.0,0.0,0.0005073566717402334,0.0,0.0,0.00016911889058007779,Acceso medio,0.00016911889058007779,0.0,0.0
