ubigeo,distrito,departamento,provincia,n_ipress_distrito,n_centros_poblados,comp1_ipress_por_cp,comp2_atenciones_por_ipress,comp3_pct_cp_acceso_5km,score_baseline,score_alternativa,cambio_baseline_a_alternativa,clasificacion
100902,CODO DEL POZUZO,HUANUCO,PUERTO INCA,8.0,70.0,0.1142857142857142,0.0,0.0,0.0001043705153294,0.0001043705153294,0.0,Subatendido
100904,TOURNAVISTA,HUANUCO,PUERTO INCA,4.0,48.0,0.0833333333333333,0.0,0.0,7.6103500761035e-05,7.6103500761035e-05,0.0,Subatendido
250305,ALEXANDER VON HUMBOLDT,UCAYALI,PADRE ABAD,2.0,3.0,0.6666666666666666,25.0,0.6666666666666666,0.2228444827257126,0.3339555938368237,0.1111111111111111,Mejor atendido
250302,IRAZOLA,UCAYALI,PADRE ABAD,7.0,55.0,0.1272727272727272,23.0,0.7272727272727273,0.2425528311230147,0.3213407099108935,0.0787878787878788,Mejor atendido
250304,NESHUYA,UCAYALI,PADRE ABAD,8.0,9.0,0.8888888888888888,40.4,0.8888888888888888,0.2971297738868825,0.3341668109239196,0.037037037037037,Mejor atendido
250301,PADRE ABAD,UCAYALI,PADRE ABAD,15.0,91.0,0.1648351648351648,52.89473684210526,0.4285714285714285,0.1430360975908613,0.3225232770780408,0.1794871794871795,Acceso medio
250303,CURIMANA,UCAYALI,PADRE ABAD,6.0,32.0,0.1875,28.285714285714285,0.90625,0.3022697641213921,0.3335197641213921,0.03125,Mejor atendido
100901,PUERTO INCA,HUANUCO,PUERTO INCA,10.0,70.0,0.1428571428571428,0.0,0.0,0.0001304631441617,0.0001304631441617,0.0,Subatendido
250106,NUEVA REQUENA,UCAYALI,CORONEL PORTILLO,8.0,55.0,0.1454545454545454,11.3,0.8181818181818182,0.2728661794174268,0.3334722400234874,0.0606060606060606,Mejor atendido
250102,CAMPOVERDE,UCAYALI,CORONEL PORTILLO,24.0,69.0,0.3478260869565217,9.48148148148148,0.8840579710144928,0.2950087341316598,0.3288251592524328,0.0338164251207729,Mejor atendido
160601,CONTAMANA,LORETO,UCAYALI,12.0,109.0,0.110091743119266,114031.0,0.0,0.0613693848552806,0.0613693848552806,0.0,Acceso medio
130104,HUANCHACO,LA LIBERTAD,TRUJILLO,10.0,21.0,0.4761904761904761,533.2857142857143,0.0,0.0007214115060758,0.0007214115060758,0.0,Acceso medio
130207,SANTIAGO DE CAO,LA LIBERTAD,ASCOPE,4.0,35.0,0.1142857142857142,0.0,0.0,0.0001043705153294,0.0001043705153294,0.0,Subatendido
130110,SIMBAL,LA LIBERTAD,TRUJILLO,1.0,41.0,0.024390243902439,0.0,0.0,2.227419534469317e-05,2.227419534469317e-05,0.0,Subatendido
130204,MAGDALENA DE CAO,LA LIBERTAD,ASCOPE,1.0,40.0,0.025,0.0,0.0,2.2831050228310503e-05,2.2831050228310503e-05,0.0,Subatendido
130203,CHOCOPE,LA LIBERTAD,ASCOPE,5.0,20.0,0.25,272752.0,0.0,0.1467779317595863,0.1467779317595863,0.0,Acceso medio
130205,PAIJAN,LA LIBERTAD,ASCOPE,3.0,43.0,0.0697674418604651,483.0,0.0,0.0003232304085863,0.0003232304085863,0.0,Acceso medio
130613,SINSICAP,LA LIBERTAD,OTUZCO,3.0,75.0,0.04,0.0,0.0,3.6529680365296805e-05,3.6529680365296805e-05,0.0,Subatendido
130202,CHICAMA,LA LIBERTAD,ASCOPE,5.0,32.0,0.15625,810.0,0.0,0.0005779069797567,0.0005779069797567,0.0,Acceso medio
130206,RAZURI,LA LIBERTAD,ASCOPE,2.0,50.0,0.04,0.0,0.0,3.6529680365296805e-05,3.6529680365296805e-05,0.0,Subatendido
131103,MARMOT,LA LIBERTAD,GRAN CHIMU,3.0,40.0,0.075,0.0,0.0,6.84931506849315e-05,6.84931506849315e-05,0.0,Subatendido
130201,ASCOPE,LA LIBERTAD,ASCOPE,2.0,29.0,0.0689655172413793,6588.0,0.0,0.0036027139229422,0.0036027139229422,0.0,Acceso medio
131101,CASCAS,LA LIBERTAD,GRAN CHIMU,5.0,166.0,0.0301204819277108,4317.5,0.0,0.0023472995907838,0.0023472995907838,0.0,Acceso medio
130208,CASA GRANDE,LA LIBERTAD,ASCOPE,4.0,35.0,0.1142857142857142,42549.0,0.0,0.0229659437939011,0.0229659437939011,0.0,Acceso medio
060505,SAN BENITO,CAJAMARCA,CONTUMAZA,3.0,78.0,0.0384615384615384,0.3333333333333333,0.0,3.53037926243013e-05,3.53037926243013e-05,0.0,Subatendido
130701,SAN PEDRO DE LLOC,LA LIBERTAD,PACASMAYO,4.0,33.0,0.1212121212121212,2454.0,0.0,0.0014292299461024,0.0014292299461024,0.0,Acceso medio
060503,CUPISNIQUE,CAJAMARCA,CONTUMAZA,2.0,65.0,0.0307692307692307,0.0,0.0,2.809975412715139e-05,2.809975412715139e-05,0.0,Subatendido
230110,CORONEL GREGORIO ALBARRACIN LANCHIPA,TACNA,TACNA,21.0,17.0,1.2352941176470589,15827.0,0.5882352941176471,0.2057103993097747,0.3429653012705591,0.1372549019607843,Mejor atendido
230108,POCOLLAY,TACNA,TACNA,3.0,10.0,0.3,0.0,1.0,0.3336073059360731,0.3336073059360731,0.0,Mejor atendido
230103,CALANA,TACNA,TACNA,2.0,27.0,0.074074074074074,620386.0,0.9629629629629628,0.654388635210553,0.6667343142228986,0.0123456790123456,Mejor atendido
230101,TACNA,TACNA,TACNA,314.0,32.0,9.8125,16595.444444444445,0.90625,0.3199612511234495,0.3512112511234495,0.03125,Mejor atendido
230109,SAMA,TACNA,TACNA,3.0,41.0,0.073170731707317,0.0,0.6341463414634146,0.2114489364071723,0.2764895868136763,0.065040650406504,Mejor atendido
230104,CIUDAD NUEVA,TACNA,TACNA,10.0,6.0,1.6666666666666667,4842.0,1.0,0.3374570094454034,0.3374570094454034,0.0,Mejor atendido
230303,ITE,TACNA,JORGE BASADRE,3.0,27.0,0.1111111111111111,0.0,0.3333333333333333,0.1112125824454591,0.2470150515812616,0.1358024691358024,Acceso medio
180301,ILO,MOQUEGUA,ILO,23.0,7.0,3.2857142857142856,64454.0,0.7142857142857143,0.2757270179132988,0.3709651131513941,0.0952380952380952,Mejor atendido
230102,ALTO DE LA ALIANZA,TACNA,TACNA,10.0,14.0,0.7142857142857143,18065.0,1.0,0.3436919716769394,0.3436919716769394,0.0,Mejor atendido
230106,PACHIA,TACNA,TACNA,5.0,31.0,0.1612903225806451,0.0,0.6774193548387096,0.2259537487111503,0.3334806304315805,0.1075268817204301,Mejor atendido
230404,ESTIQUE-PAMPA,TACNA,TARATA,1.0,12.0,0.0833333333333333,0.0,0.5833333333333334,0.1945205479452054,0.3056316590563165,0.111111111111111,Mejor atendido
230403,ESTIQUE,TACNA,TARATA,1.0,13.0,0.0769230769230769,0.0,0.1538461538461538,0.0513523006673691,0.2564805057955743,0.2051282051282051,Acceso medio
230407,TARUCACHI,TACNA,TARATA,1.0,10.0,0.1,0.0,0.5,0.1667579908675799,0.3334246575342465,0.1666666666666666,Acceso medio
230105,INCLAN,TACNA,TACNA,2.0,30.0,0.0666666666666666,0.0,0.6333333333333333,0.2111719939117199,0.322283105022831,0.1111111111111111,Mejor atendido
230301,LOCUMBA,TACNA,JORGE BASADRE,4.0,33.0,0.1212121212121212,0.0,0.303030303030303,0.1011207970112079,0.3031409990314099,0.202020202020202,Acceso medio
180302,EL ALGARROBAL,MOQUEGUA,ILO,1.0,57.0,0.0175438596491228,0.0,0.1929824561403508,0.0643435071697508,0.2573259633101017,0.1929824561403508,Acceso medio
230107,PALCA,TACNA,TACNA,8.0,131.0,0.0610687022900763,0.0,0.549618320610687,0.1832618773746035,0.3308445745756213,0.1475826972010178,Mejor atendido
230402,HEROES ALBARRACIN,TACNA,TARATA,2.0,14.0,0.1428571428571428,0.0,0.8571428571428571,0.2858447488584474,0.3334637964774951,0.0476190476190476,Mejor atendido
230204,CURIBAYA,TACNA,CANDARAVE,1.0,14.0,0.0714285714285714,0.0,0.5714285714285714,0.1905414220482713,0.3333985649054142,0.1428571428571428,Mejor atendido
230405,SITAJARA,TACNA,TARATA,1.0,6.0,0.1666666666666666,0.0,0.6666666666666666,0.2223744292237442,0.3334855403348554,0.1111111111111111,Mejor atendido
230206,QUILAHUANI,TACNA,CANDARAVE,2.0,21.0,0.0952380952380952,0.0,1.0,0.3334203087627745,0.3334203087627745,0.0,Mejor atendido
180303,PACOCHA,MOQUEGUA,ILO,2.0,18.0,0.1111111111111111,29703.0,0.2777777777777778,0.108653482740389,0.108653482740389,0.0,Acceso medio
230401,TARATA,TACNA,TARATA,6.0,132.0,0.0454545454545454,0.0,0.5984848484848485,0.1995364604953646,0.3308495918084959,0.1313131313131313,Mejor atendido
230205,HUANUARA,TACNA,CANDARAVE,1.0,13.0,0.0769230769230769,0.0,0.7692307692307693,0.2564805057955743,0.3334035827186512,0.0769230769230769,Mejor atendido
230408,TICACO,TACNA,TARATA,1.0,36.0,0.0277777777777777,0.0,0.1944444444444444,0.0648401826484018,0.1666920345002537,0.1018518518518518,Acceso medio
230302,ILABAYA,TACNA,JORGE BASADRE,6.0,54.0,0.1111111111111111,26093.0,0.4074074074074074,0.1499237066587277,0.3104175338192215,0.1604938271604938,Acceso medio
180104,SAMEGUA,MOQUEGUA,MARISCAL NIETO,3.0,32.0,0.09375,0.0,1.0,0.3334189497716895,0.3334189497716895,0.0,Mejor atendido
040706,PUNTA DE BOMBON,AREQUIPA,ISLAY,1.0,18.0,0.0555555555555555,894.0,0.6111111111111112,0.2042347854779788,0.2227533039964973,0.0185185185185184,Mejor atendido
230202,CAIRANI,TACNA,CANDARAVE,2.0,25.0,0.08,0.0,0.48,0.1600730593607306,0.2667397260273972,0.1066666666666666,Acceso medio
230406,SUSAPAYA,TACNA,TARATA,2.0,81.0,0.0246913580246913,0.0,0.037037037037037,0.0123682281977563,0.0782118495969333,0.0658436213991769,Acceso medio
040703,DEAN VALDIVIA,AREQUIPA,ISLAY,3.0,26.0,0.1153846153846153,1234.0,0.9615384615384616,0.3212812226625677,0.3341017354830805,0.0128205128205127,Mejor atendido
230203,CAMILACA,TACNA,CANDARAVE,1.0,45.0,0.0222222222222222,0.0,0.6,0.2000202942668696,0.2740943683409436,0.074074074074074,Mejor atendido
040705,MEJIA,AREQUIPA,ISLAY,1.0,10.0,0.1,0.0,0.9,0.3000913242009133,0.3334246575342465,0.0333333333333332,Mejor atendido
210502,CAPAZO,PUNO,EL COLLAO,6.0,157.0,0.0382165605095541,0.0,0.4713375796178344,0.15714742750778,0.3291219498007736,0.1719745222929936,Acceso medio
230201,CANDARAVE,TACNA,CANDARAVE,4.0,148.0,0.027027027027027,0.0,0.3445945945945945,0.1148895470813278,0.2883129705047513,0.1734234234234234,Acceso medio
040704,ISLAY,AREQUIPA,ISLAY,2.0,11.0,0.1818181818181818,726.5,0.9090909090909092,0.3035866954064701,0.3338897257095004,0.0303030303030302,Mejor atendido
180106,TORATA,MOQUEGUA,MARISCAL NIETO,6.0,150.0,0.04,12200.5,0.24,0.0865918570625649,0.2688140792847872,0.1822222222222221,Acceso medio
180101,MOQUEGUA,MOQUEGUA,MARISCAL NIETO,35.0,128.0,0.2734375,126197.75,0.609375,0.2711807525731844,0.3779515859065177,0.1067708333333333,Mejor atendido
180103,CUCHUMBAYA,MOQUEGUA,MARISCAL NIETO,3.0,22.0,0.1363636363636363,0.0,1.0,0.3334578663345786,0.3334578663345786,0.0,Mejor atendido
210405,PISACOMA,PUNO,CHUCUITO,2.0,349.0,0.0057306590257879,0.0,0.0,5.233478562363439e-06,0.060177153249336,0.0601719197707736,Subatendido
040702,COCACHACRA,AREQUIPA,ISLAY,8.0,43.0,0.1860465116279069,174.16666666666666,0.7209302325581395,0.2405735627413526,0.3103410046018178,0.0697674418604651,Mejor atendido
040701,MOLLENDO,AREQUIPA,ISLAY,14.0,19.0,0.7368421052631579,60654.833333333336,0.6842105263157895,0.2613329262503461,0.3490522244959602,0.087719298245614,Mejor atendido
180205,LA CAPILLA,MOQUEGUA,GENERAL SANCHEZ CERRO,2.0,64.0,0.03125,0.0,0.296875,0.0989868721461187,0.2552368721461187,0.15625,Acceso medio
040201,CAMANA,AREQUIPA,CAMANA,14.0,8.0,1.75,29509.0,1.0,0.3507866894829227,0.3507866894829227,0.0,Mejor atendido
180209,QUINISTAQUILLAS,MOQUEGUA,GENERAL SANCHEZ CERRO,1.0,23.0,0.0434782608695652,0.0,0.6521739130434783,0.2174310105221362,0.3333730395076434,0.1159420289855072,Mejor atendido
040202,JOSE MARIA QUIMPER,AREQUIPA,CAMANA,3.0,9.0,0.3333333333333333,0.0,1.0,0.3336377473363774,0.3336377473363774,0.0,Mejor atendido
210404,KELLUYO,PUNO,CHUCUITO,4.0,235.0,0.0170212765957446,0.0,0.0,1.554454483629651e-05,1.554454483629651e-05,0.0,Subatendido
180105,SAN CRISTOBAL,MOQUEGUA,MARISCAL NIETO,4.0,68.0,0.0588235294117647,0.0,0.3676470588235294,0.1226027397260274,0.2647596024711254,0.142156862745098,Acceso medio
210402,DESAGUADERO,PUNO,CHUCUITO,4.0,109.0,0.036697247706422,9985.5,0.0,0.0053987215805937,0.0053987215805937,0.0,Acceso medio
040208,SAMUEL PASTOR,AREQUIPA,CAMANA,6.0,32.0,0.1875,23977.666666666668,0.90625,0.3151377640184352,0.3463877640184352,0.0312499999999999,Mejor atendido
040115,QUEQUEÑA,AREQUIPA,AREQUIPA,1.0,13.0,0.0769230769230769,0.0,1.0,0.3334035827186512,0.3334035827186512,0.0,Mejor atendido
180201,OMATE,MOQUEGUA,GENERAL SANCHEZ CERRO,3.0,48.0,0.0625,0.0,0.8333333333333334,0.2778348554033485,0.3333904109589041,0.0555555555555555,Mejor atendido
210504,SANTA ROSA,PUNO,EL COLLAO,7.0,483.0,0.0144927536231884,0.0,0.3643892339544513,0.1214763133762538,0.302290668103652,0.1808143547273982,Acceso medio
040127,YARABAMBA,AREQUIPA,AREQUIPA,1.0,20.0,0.05,0.0,0.8,0.2667123287671233,0.3333789954337899,0.0666666666666666,Mejor atendido
040114,POLOBAYA,AREQUIPA,AREQUIPA,1.0,55.0,0.0181818181818181,0.0,0.3272727272727272,0.1091075134910751,0.3333499377334994,0.2242424242424243,Acceso medio
040111,MOLLEBAYA,AREQUIPA,AREQUIPA,2.0,15.0,0.1333333333333333,0.0,1.0,0.333455098934551,0.333455098934551,0.0,Mejor atendido
180102,CARUMAS,MOQUEGUA,MARISCAL NIETO,4.0,417.0,0.0095923261390887,0.0,0.1990407673860911,0.0663556825772258,0.2358201110344601,0.1694644284572342,Acceso medio
180208,PUQUINA,MOQUEGUA,GENERAL SANCHEZ CERRO,4.0,85.0,0.0470588235294117,0.0,0.611764705882353,0.2039645447219984,0.3333763094278807,0.1294117647058823,Mejor atendido
040207,QUILCA,AREQUIPA,CAMANA,1.0,37.0,0.027027027027027,0.0,0.2432432432432432,0.0811057632975441,0.2793039614957423,0.1981981981981982,Acceso medio
180203,COALAQUE,MOQUEGUA,GENERAL SANCHEZ CERRO,2.0,38.0,0.0526315789473684,0.0,0.7894736842105263,0.2632059601057438,0.333381398702235,0.0701754385964911,Mejor atendido
210403,HUACULLANI,PUNO,CHUCUITO,2.0,156.0,0.0128205128205128,0.0,0.0,1.1708230886313078e-05,0.042746750965929,0.0427350427350427,Subatendido
040122,SOCABAYA,AREQUIPA,AREQUIPA,13.0,20.0,0.65,3335.6666666666665,1.0,0.3357191939926476,0.3357191939926476,0.0,Mejor atendido
040113,POCSI,AREQUIPA,AREQUIPA,2.0,18.0,0.1111111111111111,0.0,0.4444444444444444,0.1482496194824961,0.3334348046676814,0.1851851851851852,Acceso medio
040107,JACOBO HUNTER,AREQUIPA,AREQUIPA,16.0,5.0,3.2,6156.5,1.0,0.3395635945728117,0.3395635945728117,0.0,Mejor atendido
040116,SABANDIA,AREQUIPA,AREQUIPA,1.0,19.0,0.0526315789473684,0.0,1.0,0.333381398702235,0.333381398702235,0.0,Mejor atendido
210505,CONDURIRI,PUNO,EL COLLAO,2.0,277.0,0.0072202166064981,0.0,0.2310469314079422,0.0770222376077675,0.3309331882696207,0.2539109506618532,Acceso medio
040129,JOSE LUIS BUSTAMANTE Y RIVERO,AREQUIPA,AREQUIPA,38.0,4.0,9.5,0.0,1.0,0.3420091324200913,0.3420091324200913,0.0,Mejor atendido
040123,TIABAYA,AREQUIPA,AREQUIPA,3.0,17.0,0.1764705882352941,0.0,1.0,0.3334944936878861,0.3334944936878861,0.0,Mejor atendido
040117,SACHACA,AREQUIPA,AREQUIPA,5.0,7.0,0.7142857142857143,0.0,1.0,0.3339856490541422,0.3339856490541422,0.0,Mejor atendido
040105,CHARACATO,AREQUIPA,AREQUIPA,1.0,13.0,0.0769230769230769,0.0,0.7692307692307693,0.2564805057955743,0.3334035827186512,0.0769230769230769,Mejor atendido
040108,LA JOYA,AREQUIPA,AREQUIPA,11.0,65.0,0.1692307692307692,81.91666666666667,0.8923076923076924,0.2976344599000845,0.3335318957975204,0.0358974358974358,Mejor atendido
040112,PAUCARPATA,AREQUIPA,AREQUIPA,61.0,2.0,30.5,43450.944444444445,1.0,0.3845334025467193,0.3845334025467193,0.0,Mejor atendido
040121,SANTA RITA DE SIGUAS,AREQUIPA,AREQUIPA,2.0,24.0,0.0833333333333333,0.0,0.7083333333333334,0.2361872146118721,0.3334094368340943,0.0972222222222221,Mejor atendido
040101,AREQUIPA,AREQUIPA,AREQUIPA,365.0,1.0,365.0,100313.15,1.0,0.7205649117377462,0.7205649117377462,0.0,Mejor atendido
180207,MATALAQUE,MOQUEGUA,GENERAL SANCHEZ CERRO,2.0,52.0,0.0384615384615384,0.0,0.6538461538461539,0.2179838426413769,0.3333684580259923,0.1153846153846153,Mejor atendido
040126,YANAHUARA,AREQUIPA,AREQUIPA,123.0,1.0,123.0,268654.54545454547,1.0,0.5900101598124335,0.5900101598124335,0.0,Mejor atendido
040124,UCHUMAYO,AREQUIPA,AREQUIPA,6.0,38.0,0.1578947368421052,0.0,0.8421052631578947,0.28084595049267,0.3334775294400384,0.0526315789473684,Mejor atendido
040205,NICOLAS DE PIEROLA,AREQUIPA,CAMANA,3.0,34.0,0.088235294117647,0.0,0.6470588235294118,0.2157668546870803,0.3138060703733548,0.0980392156862744,Mejor atendido
210407,ZEPITA,PUNO,CHUCUITO,11.0,289.0,0.0380622837370242,0.0,0.0553633217993079,0.0184892006762414,0.0969205732252611,0.0784313725490196,Acceso medio
040118,SAN JUAN DE SIGUAS,AREQUIPA,AREQUIPA,1.0,26.0,0.0384615384615384,0.0,0.5,0.1667017913593256,0.3333684580259923,0.1666666666666666,Acceso medio
211303,COPANI,PUNO,YUNGUYO,1.0,46.0,0.0217391304347826,0.0,1.0,0.3333531864204884,0.3333531864204884,0.0,Mejor atendido
040109,MARIANO MELGAR,AREQUIPA,AREQUIPA,12.0,1.0,12.0,3785.0,1.0,0.3463259175496087,0.3463259175496087,0.0,Mejor atendido
180202,CHOJATA,MOQUEGUA,GENERAL SANCHEZ CERRO,2.0,111.0,0.018018018018018,0.0,0.2072072072072072,0.0690855238800444,0.2822987370932576,0.2132132132132132,Acceso medio
040204,MARISCAL CACERES,AREQUIPA,CAMANA,3.0,30.0,0.1,0.0,0.5,0.1667579908675799,0.2334246575342465,0.0666666666666666,Acceso medio
040110,MIRAFLORES,AREQUIPA,AREQUIPA,24.0,1.0,24.0,680.1666666666666,1.0,0.3556165950318327,0.3556165950318327,0.0,Mejor atendido
040106,CHIGUATA,AREQUIPA,AREQUIPA,2.0,42.0,0.0476190476190476,0.0,0.9047619047619048,0.3016307893020222,0.3333768210480539,0.0317460317460317,Mejor atendido
040102,ALTO SELVA ALEGRE,AREQUIPA,AREQUIPA,14.0,4.0,3.5,0.0,0.75,0.2531963470319635,0.3365296803652968,0.0833333333333333,Mejor atendido
211304,CUTURAPI,PUNO,YUNGUYO,1.0,23.0,0.0434782608695652,0.0,1.0,0.3333730395076434,0.3333730395076434,0.0,Mejor atendido
210406,POMATA,PUNO,CHUCUITO,9.0,143.0,0.0629370629370629,0.0,0.1468531468531468,0.0490085257208544,0.2541367308490596,0.2051282051282051,Acceso medio
211302,ANAPIA,PUNO,YUNGUYO,1.0,0.0,,0.0,0.0,0.0,0.0,0.0,Subatendido
180206,LLOQUE,MOQUEGUA,GENERAL SANCHEZ CERRO,1.0,45.0,0.0222222222222222,0.0,0.2888888888888888,0.0963165905631659,0.3333536276002029,0.237037037037037,Acceso medio
211307,UNICACHI,PUNO,YUNGUYO,1.0,19.0,0.0526315789473684,0.0,1.0,0.333381398702235,0.333381398702235,0.0,Mejor atendido
211301,YUNGUYO,PUNO,YUNGUYO,11.0,192.0,0.0572916666666666,1871.571428571429,0.984375,0.3291829162908625,0.3343912496241958,0.0052083333333333,Mejor atendido
211305,OLLARAYA,PUNO,YUNGUYO,1.0,43.0,0.0232558139534883,0.0,1.0,0.3333545715195922,0.3333545715195922,0.0,Mejor atendido
040104,CERRO COLORADO,AREQUIPA,AREQUIPA,28.0,12.0,2.333333333333333,8822.857142857143,1.0,0.3402047515806828,0.3402047515806828,0.0,Mejor atendido
211306,TINICACHI,PUNO,YUNGUYO,1.0,6.0,0.1666666666666666,0.0,1.0,0.3334855403348554,0.3334855403348554,0.0,Mejor atendido
210401,JULI,PUNO,CHUCUITO,16.0,375.0,0.0426666666666666,4539.0,0.1893333333333333,0.065588880331836,0.2833666581096138,0.2177777777777778,Acceso medio
040103,CAYMA,AREQUIPA,AREQUIPA,53.0,14.0,3.7857142857142856,18519.9,0.2857142857142857,0.108646108903909,0.3467413469991471,0.238095238095238,Acceso medio
180211,YUNGA,MOQUEGUA,GENERAL SANCHEZ CERRO,1.0,28.0,0.0357142857142857,0.0,0.3214285714285714,0.1071754729288976,0.3333659491193737,0.2261904761904761,Acceso medio
040125,VITOR,AREQUIPA,AREQUIPA,3.0,77.0,0.0389610389610389,0.0,0.6753246753246753,0.2251438059657237,0.3290399098618277,0.1038961038961039,Mejor atendido
040120,SANTA ISABEL DE SIGUAS,AREQUIPA,AREQUIPA,3.0,42.0,0.0714285714285714,0.0,0.9761904761904762,0.3254620569689063,0.3333985649054142,0.0079365079365079,Mejor atendido
040413,URACA,AREQUIPA,CASTILLA,5.0,51.0,0.0980392156862745,143.8,0.5882352941176471,0.1962452286279133,0.3138922874514427,0.1176470588235294,Mejor atendido
040520,MAJES,AREQUIPA,CAYLLOMA,14.0,52.0,0.2692307692307692,14137.75,0.5961538461538461,0.2065600331724539,0.2898933665057873,0.0833333333333333,Mejor atendido
040206,OCOÑA,AREQUIPA,CAMANA,3.0,32.0,0.09375,0.0,0.5,0.1667522831050228,0.2813356164383562,0.1145833333333333,Acceso medio
210503,PILCUYO,PUNO,EL COLLAO,8.0,126.0,0.0634920634920634,0.0,1.0,0.3333913169529607,0.3333913169529607,0.0,Mejor atendido
180204,ICHUÑA,MOQUEGUA,GENERAL SANCHEZ CERRO,4.0,308.0,0.0129870129870129,0.0,0.3344155844155844,0.1114837217576943,0.3333451936191662,0.2218614718614719,Acceso medio
210113,SAN ANTONIO,PUNO,PUNO,1.0,115.0,0.008695652173913,0.0,0.2434782608695652,0.0811673615247171,0.3159499702203692,0.2347826086956521,Acceso medio
180210,UBINAS,MOQUEGUA,GENERAL SANCHEZ CERRO,5.0,150.0,0.0333333333333333,0.0,0.4,0.1333637747336377,0.3244748858447489,0.1911111111111111,Acceso medio
210111,PICHACANI,PUNO,PUNO,8.0,451.0,0.0177383592017738,0.0,0.3458980044345898,0.115315534226326,0.3318713361479816,0.2165558019216555,Acceso medio
040128,YURA,AREQUIPA,AREQUIPA,6.0,89.0,0.0674157303370786,0.0,0.2696629213483146,0.0899492073264583,0.2697244882253347,0.1797752808988764,Acceso medio
040119,SAN JUAN DE TARUCANI,AREQUIPA,AREQUIPA,2.0,323.0,0.0061919504643962,0.0,0.2136222910216718,0.0712130850898398,0.292059318319974,0.2208462332301342,Acceso medio
040508,HUANCA,AREQUIPA,CAYLLOMA,1.0,65.0,0.0153846153846153,0.0,0.3230769230769231,0.1077063575693712,0.2871935370565507,0.1794871794871795,Acceso medio
210106,CHUCUITO,PUNO,PUNO,4.0,77.0,0.0519480519480519,0.0,1.0,0.3333807744766648,0.3333807744766648,0.0,Mejor atendido
040203,MARIANO NICOLAS VALCARCEL,AREQUIPA,CAMANA,3.0,24.0,0.125,0.0,0.5416666666666666,0.1806697108066971,0.2917808219178082,0.1111111111111111,Mejor atendido
040407,HUANCARQUI,AREQUIPA,CASTILLA,1.0,28.0,0.0357142857142857,0.0,0.7142857142857143,0.2381278538812785,0.3214611872146118,0.0833333333333333,Mejor atendido
040605,IRAY,AREQUIPA,CONDESUYOS,1.0,27.0,0.037037037037037,0.0,0.0,3.382377811601556e-05,3.382377811601556e-05,0.0,Subatendido
040401,APLAO,AREQUIPA,CASTILLA,7.0,54.0,0.1296296296296296,2739.25,0.4444444444444444,0.1497383301119083,0.2855407992477108,0.1358024691358025,Acceso medio
210101,PUNO,PUNO,PUNO,86.0,206.0,0.4174757281553398,27336.7,0.6553398058252428,0.2335158643838318,0.3484025957754175,0.1148867313915857,Mejor atendido
210114,TIQUILLACA,PUNO,PUNO,2.0,152.0,0.0131578947368421,0.0,0.4802631578947368,0.160099735640471,0.3179944724825763,0.1578947368421053,Acceso medio
040303,ATICO,AREQUIPA,CARAVELI,2.0,35.0,0.0571428571428571,0.0,0.2571428571428571,0.0857664709719504,0.2190998043052837,0.1333333333333333,Acceso medio
040511,LLUTA,AREQUIPA,CAYLLOMA,3.0,127.0,0.0236220472440944,0.0,0.5275590551181102,0.1758745910185884,0.3097328587351238,0.1338582677165354,Mejor atendido
040411,TIPAN,AREQUIPA,CASTILLA,2.0,32.0,0.0625,0.0,0.0,5.7077625570776254e-05,5.7077625570776254e-05,0.0,Subatendido
040301,CARAVELI,AREQUIPA,CARAVELI,2.0,47.0,0.0425531914893617,0.0,0.5531914893617021,0.1844360244826581,0.333372194695424,0.1489361702127659,Mejor atendido
040606,RIO GRANDE,AREQUIPA,CONDESUYOS,3.0,42.0,0.0714285714285714,0.0,0.4047619047619047,0.1349858664927158,0.2937160252228745,0.1587301587301587,Acceso medio
040307,CHALA,AREQUIPA,CARAVELI,3.0,14.0,0.2142857142857142,614.0,0.3571428571428571,0.1195732159000586,0.3338589301857729,0.2142857142857142,Acceso medio
040502,ACHOMA,AREQUIPA,CAYLLOMA,1.0,59.0,0.0169491525423728,0.0,0.3389830508474576,0.1130098289606067,0.175156721615974,0.0621468926553672,Acceso medio
210110,PAUCARCOLLA,PUNO,PUNO,1.0,131.0,0.0076335877862595,0.0,0.6030534351145038,0.2010247830178814,0.3333403046463801,0.1323155216284987,Mejor atendido
040412,UÑON,AREQUIPA,CASTILLA,1.0,11.0,0.0909090909090909,0.0,0.0,8.302200083022e-05,0.0303860523038605,0.0303030303030303,Subatendido
040512,MACA,AREQUIPA,CAYLLOMA,1.0,23.0,0.0434782608695652,0.0,0.5652173913043478,0.1884455032757593,0.2754020250148898,0.0869565217391304,Mejor atendido
211103,CABANILLAS,PUNO,SAN ROMAN,4.0,273.0,0.0146520146520146,0.0,0.1868131868131868,0.0622844431063609,0.3138106946326124,0.2515262515262515,Acceso medio
210104,ATUNCOLLA,PUNO,PUNO,1.0,109.0,0.0091743119266055,0.0,0.7064220183486238,0.2354823844832642,0.3333417117003896,0.0978593272171254,Mejor atendido
040519,YANQUE,AREQUIPA,CAYLLOMA,1.0,242.0,0.0041322314049586,0.0,0.1363636363636363,0.0454583191818559,0.2148798067851617,0.1694214876033057,Acceso medio
040601,CHUQUIBAMBA,AREQUIPA,CONDESUYOS,2.0,54.0,0.037037037037037,1650.0,0.0,0.0009203686066582,0.0009203686066582,0.0,Acceso medio
210107,COATA,PUNO,PUNO,3.0,80.0,0.0375,0.0,0.975,0.3250342465753424,0.3333675799086757,0.0083333333333333,Mejor atendido
040507,HUAMBO,AREQUIPA,CAYLLOMA,1.0,53.0,0.0188679245283018,0.0,0.4150943396226415,0.1383820108555182,0.2956147152580339,0.1572327044025157,Acceso medio
040503,CABANACONDE,AREQUIPA,CAYLLOMA,2.0,45.0,0.0444444444444444,0.0,0.4,0.1333739218670725,0.3037442922374429,0.1703703703703703,Acceso medio
040514,SAN ANTONIO DE CHUCA,AREQUIPA,CAYLLOMA,3.0,376.0,0.0079787234042553,0.0,0.1382978723404255,0.0461065772855338,0.2677377829592927,0.2216312056737588,Acceso medio
210108,HUATA,PUNO,PUNO,1.0,85.0,0.0117647058823529,0.0,0.6705882352941176,0.2235401557883427,0.3333440773569702,0.1098039215686274,Mejor atendido
040308,CHAPARRA,AREQUIPA,CARAVELI,2.0,79.0,0.0253164556962025,0.0,0.4810126582278481,0.1603606727934801,0.3038205884052944,0.1434599156118143,Acceso medio
211102,CABANA,PUNO,SAN ROMAN,3.0,140.0,0.0214285714285714,0.0,0.8714285714285714,0.2904957599478147,0.3333529028049576,0.0428571428571428,Mejor atendido
040410,PAMPACOLCA,AREQUIPA,CASTILLA,3.0,88.0,0.034090909090909,227.66666666666663,0.0,0.0001534585266536,0.0001534585266536,0.0,Acceso medio
040414,VIRACO,AREQUIPA,CASTILLA,2.0,43.0,0.0465116279069767,0.0,0.0,4.2476372517786974e-05,4.2476372517786974e-05,0.0,Subatendido
040602,ANDARAY,AREQUIPA,CONDESUYOS,1.0,49.0,0.0204081632653061,0.0,0.0,1.8637592023110614e-05,1.8637592023110614e-05,0.0,Subatendido
040403,AYO,AREQUIPA,CASTILLA,1.0,10.0,0.1,0.0,0.7,0.2334246575342465,0.3334246575342465,0.0999999999999999,Mejor atendido
040501,CHIVAY,AREQUIPA,CAYLLOMA,4.0,69.0,0.0579710144927536,3365.25,0.4927536231884058,0.1661122977705195,0.3351944233743842,0.1690821256038647,Acceso medio
040506,COPORAQUE,AREQUIPA,CAYLLOMA,1.0,28.0,0.0357142857142857,0.0,0.8214285714285714,0.2738421395955642,0.3333659491193737,0.0595238095238094,Mejor atendido
040608,YANAQUIHUA,AREQUIPA,CONDESUYOS,2.0,74.0,0.027027027027027,0.0,0.0,2.468221646303838e-05,0.0135381957299765,0.0135135135135135,Subatendido
040509,ICHUPAMPA,AREQUIPA,CAYLLOMA,1.0,36.0,0.0277777777777777,0.0,0.4722222222222222,0.1574327752409944,0.3333587011669203,0.1759259259259259,Acceso medio
040313,YAUCA,AREQUIPA,CARAVELI,1.0,17.0,0.0588235294117647,23.0,0.4117647058823529,0.1373209799765785,0.3333994113491276,0.196078431372549,Acceso medio
040408,MACHAGUAY,AREQUIPA,CASTILLA,1.0,55.0,0.0181818181818181,0.0,0.0,1.6604400166044e-05,0.0181984225819842,0.0181818181818181,Subatendido
040304,ATIQUIPA,AREQUIPA,CARAVELI,2.0,29.0,0.0689655172413793,0.0,0.6551724137931034,0.2184537868052275,0.3219020626672965,0.1034482758620689,Mejor atendido
210105,CAPACHICA,PUNO,PUNO,6.0,146.0,0.0410958904109589,0.0,0.910958904109589,0.3036904985300556,0.3333708638268593,0.0296803652968036,Mejor atendido
210702,CABANILLA,PUNO,LAMPA,3.0,193.0,0.0155440414507772,0.0,0.6113989637305699,0.2038138500485011,0.3316204130882248,0.1278065630397236,Mejor atendido
040513,MADRIGAL,AREQUIPA,CAYLLOMA,1.0,22.0,0.0454545454545454,0.0,0.3636363636363636,0.1212536322125363,0.3333748443337485,0.2121212121212121,Acceso medio
210904,TILALI,PUNO,MOHO,2.0,53.0,0.0377358490566037,0.0,1.0,0.3333677952959421,0.3333677952959421,0.0,Mejor atendido
211104,CARACOTO,PUNO,SAN ROMAN,3.0,175.0,0.0171428571428571,0.0,0.8457142857142858,0.2819204174820613,0.3333489889106327,0.0514285714285714,Mejor atendido
210902,CONIMA,PUNO,MOHO,2.0,54.0,0.037037037037037,0.0,0.9444444444444444,0.3148486385929308,0.3333671571114494,0.0185185185185185,Mejor atendido
040604,CHICHAS,AREQUIPA,CONDESUYOS,3.0,33.0,0.0909090909090909,0.0,0.0,8.302200083022e-05,8.302200083022e-05,0.0,Subatendido
040309,HUANUHUANU,AREQUIPA,CARAVELI,1.0,40.0,0.025,0.0,0.4,0.1333561643835616,0.2416894977168949,0.1083333333333333,Acceso medio
040518,TUTI,AREQUIPA,CAYLLOMA,1.0,106.0,0.0094339622641509,0.0,0.1886792452830188,0.0629016972516584,0.3239079865598346,0.2610062893081761,Acceso medio
210605,PUSI,PUNO,HUANCANE,1.0,152.0,0.006578947368421,0.0,0.7960526315789473,0.2653568853640951,0.333339341504446,0.0679824561403509,Mejor atendido
040402,ANDAGUA,AREQUIPA,CASTILLA,2.0,36.0,0.0555555555555555,0.0,0.3055555555555556,0.1019025875190258,0.3241248097412481,0.2222222222222222,Acceso medio
040306,CAHUACHO,AREQUIPA,CARAVELI,3.0,29.0,0.1034482758620689,0.0,0.4482758620689655,0.1495197606676113,0.3104393008974964,0.160919540229885,Acceso medio
040510,LARI,AREQUIPA,CAYLLOMA,1.0,79.0,0.0126582278481012,0.0,0.1265822784810126,0.0422056528524362,0.1054967920929426,0.0632911392405063,Acceso medio
040312,QUICACHA,AREQUIPA,CARAVELI,1.0,54.0,0.0185185185185185,0.0,0.1851851851851851,0.0617453069507864,0.2777946896668358,0.2160493827160494,Acceso medio
210709,SANTA LUCIA,PUNO,LAMPA,3.0,428.0,0.0070093457943925,0.0,0.1401869158878504,0.0467353731916527,0.30763879998293,0.2609034267912772,Acceso medio
211101,JULIACA,PUNO,SAN ROMAN,74.0,101.0,0.7326732673267327,10212.0,0.900990099009901,0.3064860475488237,0.3394893478788567,0.033003300330033,Mejor atendido
030607,URANMARCA,APURIMAC,CHINCHEROS,3.0,41.0,0.073170731707317,0.0,0.8780487804878049,0.2927497494153023,0.3334001559193674,0.040650406504065,Mejor atendido
100502,ARANCAY,HUANUCO,HUAMALIES,1.0,26.0,0.0384615384615384,0.0,0.0,3.512469265893924e-05,3.512469265893924e-05,0.0,Subatendido
021805,MORO,ANCASH,SANTA,3.0,81.0,0.037037037037037,0.0,0.0,3.382377811601556e-05,3.382377811601556e-05,0.0,Subatendido
020305,MIRGAS,ANCASH,ANTONIO RAYMONDI,4.0,102.0,0.0392156862745098,0.0,0.0,3.581341212284e-05,3.581341212284e-05,0.0,Subatendido
021803,COISHCO,ANCASH,SANTA,2.0,1.0,2.0,46572.5,0.0,0.0268498834287393,0.0268498834287393,0.0,Acceso medio
020301,LLAMELLIN,ANCASH,ANTONIO RAYMONDI,1.0,75.0,0.0133333333333333,0.0,0.0,1.21765601217656e-05,1.21765601217656e-05,0.0,Subatendido
021809,NUEVO CHIMBOTE,ANCASH,SANTA,27.0,29.0,0.9310344827586208,45111.0,0.0,0.0250883954139506,0.0250883954139506,0.0,Acceso medio
022001,YUNGAY,ANCASH,YUNGAY,9.0,129.0,0.0697674418604651,3707.875,0.0,0.0020559554109772,0.0020559554109772,0.0,Acceso medio
100403,COCHABAMBA,HUANUCO,HUACAYBAMBA,2.0,65.0,0.0307692307692307,0.0,0.0,2.809975412715139e-05,2.809975412715139e-05,0.0,Subatendido
021203,HUATA,ANCASH,HUAYLAS,2.0,61.0,0.0327868852459016,0.0,0.0,2.9942360955161315e-05,2.9942360955161315e-05,0.0,Subatendido
021806,NEPEÑA,ANCASH,SANTA,3.0,45.0,0.0666666666666666,4683.333333333333,0.0,0.0025772373139458,0.0025772373139458,0.0,Acceso medio
021206,PAMPAROMAS,ANCASH,HUAYLAS,8.0,128.0,0.0625,0.0,0.0,5.7077625570776254e-05,5.7077625570776254e-05,0.0,Subatendido
020701,SAN LUIS,ANCASH,CARLOS FERMIN FITZCARRALD,5.0,165.0,0.0303030303030303,0.0,0.0,2.7674000276740005e-05,2.7674000276740005e-05,0.0,Subatendido
020303,CHACCHO,ANCASH,ANTONIO RAYMONDI,1.0,55.0,0.0181818181818181,0.0,0.0,1.6604400166044e-05,1.6604400166044e-05,0.0,Subatendido
021808,SANTA,ANCASH,SANTA,8.0,25.0,0.32,0.0,0.0,0.0002922374429223,0.0002922374429223,0.0,Acceso medio
021201,CARAZ,ANCASH,HUAYLAS,8.0,87.0,0.0919540229885057,4202.9,0.0,0.0023421940099625,0.0023421940099625,0.0,Acceso medio
020903,BAMBAS,ANCASH,CORONGO,1.0,13.0,0.0769230769230769,0.0,0.0,7.024938531787847e-05,7.024938531787847e-05,0.0,Subatendido
021603,PAROBAMBA,ANCASH,POMABAMBA,6.0,118.0,0.0508474576271186,30123.5,0.0,0.0162317894541153,0.0162317894541153,0.0,Acceso medio
210809,UMACHIRI,PUNO,MELGAR,3.0,83.0,0.036144578313253,0.0,0.6867469879518072,0.2289486713979204,0.3333663420806513,0.1044176706827309,Mejor atendido
080805,PALLPATA,CUSCO,ESPINAR,1.0,300.0,0.0033333333333333,0.0,0.1633333333333333,0.0544474885844748,0.3011141552511415,0.2466666666666666,Acceso medio
210201,AZANGARO,PUNO,AZANGARO,5.0,311.0,0.0160771704180064,6888.666666666667,0.3569131832797427,0.1226870233248337,0.3370492955649195,0.2143622722400857,Acceso medio
080801,ESPINAR,CUSCO,ESPINAR,15.0,366.0,0.040983606557377,7367.0,0.2704918032786885,0.0941596507118905,0.2917917089996865,0.1976320582877959,Acceso medio
110301,NASCA,ICA,NASCA,16.0,100.0,0.16,67088.5,0.59,0.2328594294667068,0.3661927628000402,0.1333333333333334,Mejor atendido
211004,QUILCAPUNCU,PUNO,SAN ANTONIO DE PUTINA,2.0,72.0,0.0277777777777777,0.0,0.1527777777777778,0.0509512937595129,0.3009512937595129,0.25,Acceso medio
210801,AYAVIRI,PUNO,MELGAR,7.0,243.0,0.0288065843621399,5136.0,0.3909465020576131,0.1331013803351489,0.3347474708701283,0.2016460905349794,Acceso medio
040806,PUYCA,AREQUIPA,LA UNION,2.0,168.0,0.0119047619047619,0.0,0.0952380952380952,0.0317569036747118,0.146836268754077,0.115079365079365,Acceso medio
040804,HUAYNACOTAS,AREQUIPA,LA UNION,3.0,140.0,0.0214285714285714,0.0,0.3428571428571428,0.1143052837573385,0.2976386170906719,0.1833333333333333,Acceso medio
080808,ALTO PICHIGUA,CUSCO,ESPINAR,1.0,164.0,0.0060975609756097,0.0,0.2865853658536585,0.095534023833389,0.3333389018821695,0.2378048780487805,Acceso medio
040603,CAYARANI,AREQUIPA,CONDESUYOS,3.0,215.0,0.013953488372093,0.0,0.1953488372093023,0.0651290219815227,0.2356716576404375,0.1705426356589147,Acceso medio
080806,PICHIGUA,CUSCO,ESPINAR,2.0,145.0,0.0137931034482758,0.0,0.5310344827586206,0.1770240906943788,0.3333459297748386,0.1563218390804598,Mejor atendido
101104,APARICIO POMARES,HUANUCO,YAROWILCA,3.0,93.0,0.032258064516129,0.0,0.0,2.9459419649432907e-05,2.9459419649432907e-05,0.0,Subatendido
020104,HUANCHAY,ANCASH,HUARAZ,2.0,134.0,0.0149253731343283,0.0,0.0,1.3630477748245077e-05,1.3630477748245077e-05,0.0,Subatendido
021701,RECUAY,ANCASH,RECUAY,2.0,133.0,0.0150375939849624,9914.0,0.0,0.0053405241323419,0.0053405241323419,0.0,Acceso medio
100323,YANAS,HUANUCO,DOS DE MAYO,1.0,75.0,0.0133333333333333,14.0,0.0,1.96987586669724e-05,1.96987586669724e-05,0.0,Subatendido
021710,TICAPAMPA,ANCASH,RECUAY,2.0,63.0,0.0317460317460317,0.0,0.0,2.8991809813727622e-05,2.8991809813727622e-05,0.0,Subatendido
101004,QUEROPALCA,HUANUCO,LAURICOCHA,1.0,128.0,0.0078125,0.0,0.0,7.134703196347032e-06,7.134703196347032e-06,0.0,Subatendido
020501,CHIQUIAN,ANCASH,BOLOGNESI,2.0,52.0,0.0384615384615384,533.0,0.0,0.0003215055372728,0.0003215055372728,0.0,Acceso medio
100201,AMBO,HUANUCO,AMBO,7.0,104.0,0.0673076923076923,0.0,0.0,6.146821215314366e-05,6.146821215314366e-05,0.0,Subatendido
060103,CHETILLA,CAJAMARCA,CAJAMARCA,1.0,39.0,0.0256410256410256,108.0,0.0,8.144485054993577e-05,8.144485054993577e-05,0.0,Subatendido
130301,BOLIVAR,LA LIBERTAD,BOLIVAR,2.0,121.0,0.0165289256198347,747.5,0.0,0.0004167265815662,0.0004167265815662,0.0,Acceso medio
130403,PUEBLO NUEVO,LA LIBERTAD,CHEPEN,3.0,49.0,0.0612244897959183,0.0,0.0,5.591277606933184e-05,5.591277606933184e-05,0.0,Subatendido
220601,JUANJUI,SAN MARTIN,MARISCAL CACERES,17.0,124.0,0.1370967741935483,18467.375,0.0,0.0100477212019949,0.0100477212019949,0.0,Acceso medio
061007,JOSE SABOGAL,CAJAMARCA,SAN MARCOS,6.0,87.0,0.0689655172413793,280.8333333333333,0.0,0.0002138739283439,0.0002138739283439,0.0,Acceso medio
220405,SACANCHE,SAN MARTIN,HUALLAGA,1.0,66.0,0.0151515151515151,1706.5,0.0,0.0009307392728094,0.0009307392728094,0.0,Acceso medio
140104,ETEN PUERTO,LAMBAYEQUE,CHICLAYO,1.0,1.0,1.0,0.0,0.0,0.0009132420091324,0.0009132420091324,0.0,Acceso medio
220403,EL ESLABON,SAN MARTIN,HUALLAGA,2.0,60.0,0.0333333333333333,1324.5,0.0,0.0007420951126705,0.0007420951126705,0.0,Acceso medio
060305,JORGE CHAVEZ,CAJAMARCA,CELENDIN,1.0,20.0,0.05,0.0,0.0,4.566210045662101e-05,4.566210045662101e-05,0.0,Subatendido
020503,ANTONIO RAYMONDI,ANCASH,BOLOGNESI,1.0,5.0,0.2,0.0,0.0,0.0001826484018264,0.0001826484018264,0.0,Acceso medio
020505,CAJACAY,ANCASH,BOLOGNESI,3.0,50.0,0.06,2.6666666666666665,0.0,5.6227320270841744e-05,5.6227320270841744e-05,0.0,Subatendido
020107,LA LIBERTAD,ANCASH,HUARAZ,1.0,79.0,0.0126582278481012,0.0,0.0,1.156002543205595e-05,1.156002543205595e-05,0.0,Subatendido
100316,QUIVILLA,HUANUCO,DOS DE MAYO,1.0,62.0,0.0161290322580645,0.0,0.0,1.4729709824716452e-05,1.4729709824716452e-05,0.0,Subatendido
020103,COLCABAMBA,ANCASH,HUARAZ,1.0,23.0,0.0434782608695652,0.0,0.0,3.970617431010522e-05,3.970617431010522e-05,0.0,Subatendido
020108,OLLEROS,ANCASH,HUARAZ,4.0,56.0,0.0714285714285714,0.0,0.0,6.523157208088714e-05,6.523157208088714e-05,0.0,Subatendido
020109,PAMPAS GRANDE,ANCASH,HUARAZ,1.0,143.0,0.0069930069930069,0.0,0.0,6.38630775617077e-06,6.38630775617077e-06,0.0,Subatendido
021404,CARHUAPAMPA,ANCASH,OCROS,1.0,18.0,0.0555555555555555,0.0,0.0,5.073566717402333e-05,5.073566717402333e-05,0.0,Subatendido
021010,PAUCAS,ANCASH,HUARI,2.0,47.0,0.0425531914893617,0.0,0.0,3.886136209074128e-05,3.886136209074128e-05,0.0,Subatendido
021510,SANTA ROSA,ANCASH,PALLASCA,1.0,30.0,0.0333333333333333,0.0,0.0,3.0441400304414005e-05,3.0441400304414005e-05,0.0,Subatendido
020901,CORONGO,ANCASH,CORONGO,1.0,42.0,0.0238095238095238,0.0,0.0,2.174385736029572e-05,2.174385736029572e-05,0.0,Subatendido
100701,HUACRACHUCO,HUANUCO,MARAÑON,8.0,135.0,0.0592592592592592,0.0,0.0,5.41180449856249e-05,5.41180449856249e-05,0.0,Subatendido
020902,ACO,ANCASH,CORONGO,1.0,7.0,0.1428571428571428,0.0,0.0,0.0001304631441617,0.0001304631441617,0.0,Subatendido
090613,SANTIAGO DE CHOCORVOS,HUANCAVELICA,HUAYTARA,8.0,289.0,0.0276816608996539,0.0,0.4844290657439446,0.1615016353035976,0.2779952915896415,0.1164936562860438,Acceso medio
210308,OLLACHEA,PUNO,CARABAYA,5.0,78.0,0.0641025641025641,0.0,0.5384615384615384,0.179545720641611,0.3333918744877649,0.1538461538461538,Mejor atendido
081202,ANDAHUAYLILLAS,CUSCO,QUISPICANCHI,1.0,40.0,0.025,0.0,0.7,0.2333561643835616,0.3333561643835616,0.1,Mejor atendido
110507,SAN CLEMENTE,ICA,PISCO,5.0,34.0,0.1470588235294117,0.0,0.8235294117647058,0.2746441042170293,0.333467633628794,0.0588235294117647,Mejor atendido
030204,HUANCARAMA,APURIMAC,ANDAHUAYLAS,10.0,59.0,0.1694915254237288,0.0,1.0,0.3334881201145422,0.3334881201145422,0.0,Mejor atendido
110504,INDEPENDENCIA,ICA,PISCO,6.0,58.0,0.1034482758620689,0.0,1.0,0.3334278066446228,0.3334278066446228,0.0,Mejor atendido
210102,ACORA,PUNO,PUNO,21.0,551.0,0.0381125226860254,342.3333333333333,0.5517241379310345,0.1841267875982292,0.3293173502116593,0.1451905626134301,Mejor atendido
210109,MAÑAZO,PUNO,PUNO,5.0,155.0,0.032258064516129,0.0,0.567741935483871,0.1892767712476064,0.3333627927529827,0.1440860215053763,Mejor atendido
210115,VILQUE,PUNO,PUNO,2.0,84.0,0.0238095238095238,0.0,0.6666666666666666,0.2222439660795825,0.3333550771906936,0.1111111111111111,Mejor atendido
040405,CHILCAYMARCA,AREQUIPA,CASTILLA,2.0,23.0,0.0869565217391304,0.0,0.782608695652174,0.2609489775660115,0.3334127456819535,0.072463768115942,Mejor atendido
040504,CALLALLI,AREQUIPA,CAYLLOMA,2.0,804.0,0.0024875621890547,0.0,0.0609452736318407,0.0203173629569049,0.1480122219950476,0.1276948590381426,Acceso medio
040516,TAPAY,AREQUIPA,CAYLLOMA,2.0,65.0,0.0307692307692307,0.0,0.2461538461538461,0.0820793818054092,0.1231050228310502,0.041025641025641,Acceso medio
210607,TARACO,PUNO,HUANCANE,5.0,136.0,0.0367647058823529,50.2,0.9485294117647058,0.316237018116884,0.333393880861982,0.017156862745098,Mejor atendido
020402,ACOCHACA,ANCASH,ASUNCION,2.0,81.0,0.0246913580246913,0.0,0.0,2.254918541067704e-05,2.254918541067704e-05,0.0,Subatendido
021901,SIHUAS,ANCASH,SIHUAS,3.0,43.0,0.0697674418604651,7340.666666666667,0.0,0.0040078539959801,0.0040078539959801,0.0,Acceso medio
021507,LLAPO,ANCASH,PALLASCA,1.0,13.0,0.0769230769230769,0.0,0.0,7.024938531787847e-05,7.024938531787847e-05,0.0,Subatendido
021104,HUAYAN,ANCASH,HUARMEY,1.0,45.0,0.0222222222222222,0.0,0.0,2.0294266869609337e-05,2.0294266869609337e-05,0.0,Subatendido
101102,CAHUAC,HUANUCO,YAROWILCA,1.0,58.0,0.0172413793103448,0.0,0.0,1.574555188159345e-05,1.574555188159345e-05,0.0,Subatendido
020504,AQUIA,ANCASH,BOLOGNESI,3.0,120.0,0.025,0.0,0.0,2.2831050228310503e-05,2.2831050228310503e-05,0.0,Subatendido
100301,LA UNION,HUANUCO,DOS DE MAYO,2.0,77.0,0.0259740259740259,1154.6666666666667,0.0,0.0006441228516799,0.0006441228516799,0.0,Acceso medio
020205,SUCCHA,ANCASH,AIJA,2.0,51.0,0.0392156862745098,0.0,0.0,3.581341212284e-05,3.581341212284e-05,0.0,Subatendido
101106,OBAS,HUANUCO,YAROWILCA,5.0,167.0,0.029940119760479,0.0,0.0,2.7342575123725157e-05,2.7342575123725157e-05,0.0,Subatendido
020203,HUACLLAN,ANCASH,AIJA,1.0,23.0,0.0434782608695652,0.0,0.0,3.970617431010522e-05,3.970617431010522e-05,0.0,Subatendido
020204,LA MERCED,ANCASH,AIJA,2.0,101.0,0.0198019801980198,0.0,0.0,1.808400018084e-05,1.808400018084e-05,0.0,Subatendido
100307,CHUQUIS,HUANUCO,DOS DE MAYO,4.0,113.0,0.0353982300884955,15.75,0.0,4.078962412910704e-05,4.078962412910704e-05,0.0,Subatendido
100313,PACHAS,HUANUCO,DOS DE MAYO,6.0,259.0,0.0231660231660231,20.0,0.0,3.190218346147119e-05,3.190218346147119e-05,0.0,Subatendido
020111,PIRA,ANCASH,HUARAZ,2.0,103.0,0.0194174757281553,0.0,0.0,1.7732854546260582e-05,1.7732854546260582e-05,0.0,Subatendido
100508,PUNCHAO,HUANUCO,HUAMALIES,1.0,22.0,0.0454545454545454,0.0,0.0,4.151100041511e-05,4.151100041511e-05,0.0,Subatendido
021015,SAN PEDRO DE CHANA,ANCASH,HUARI,3.0,54.0,0.0555555555555555,0.0,0.0,5.073566717402333e-05,5.073566717402333e-05,0.0,Subatendido
020110,PARIACOTO,ANCASH,HUARAZ,3.0,52.0,0.0576923076923076,0.0,0.0,5.268703898840885e-05,5.268703898840885e-05,0.0,Subatendido
020105,INDEPENDENCIA,ANCASH,HUARAZ,35.0,178.0,0.196629213483146,2002.0,0.0,0.00125524444994,0.00125524444994,0.0,Acceso medio
100506,MIRAFLORES,HUANUCO,HUAMALIES,1.0,75.0,0.0133333333333333,0.0,0.0,1.21765601217656e-05,1.21765601217656e-05,0.0,Subatendido
040409,ORCOPAMPA,AREQUIPA,CASTILLA,3.0,112.0,0.0267857142857142,0.0,0.2589285714285714,0.0863339856490541,0.3006196999347684,0.2142857142857143,Acceso medio
080807,SUYCKUTAMBO,CUSCO,ESPINAR,1.0,189.0,0.0052910052910052,0.0,0.1216931216931216,0.0405692058660095,0.322756154719625,0.2821869488536155,Acceso medio
040404,CHACHAS,AREQUIPA,CASTILLA,2.0,142.0,0.0140845070422535,0.0,0.1056338028169014,0.0352241301691427,0.2535339893240723,0.2183098591549295,Acceso medio
110305,VISTA ALEGRE,ICA,NASCA,7.0,46.0,0.1521739130434782,26371.0,0.6956521739130435,0.246192165140789,0.3259023100683253,0.0797101449275362,Mejor atendido
210215,TIRAPATA,PUNO,AZANGARO,1.0,59.0,0.0169491525423728,0.0,0.2203389830508474,0.0734618063617367,0.3333488120114542,0.2598870056497175,Acceso medio
210803,CUPI,PUNO,MELGAR,2.0,103.0,0.0194174757281553,0.0,0.5533980582524272,0.184483752272022,0.3333510661878796,0.1488673139158575,Mejor atendido
040505,CAYLLOMA,AREQUIPA,CAYLLOMA,3.0,399.0,0.0075187969924812,0.0,0.1177944862155388,0.0392716952197846,0.2740252457628088,0.2347535505430242,Acceso medio
210602,COJATA,PUNO,HUANCANE,3.0,151.0,0.0198675496688741,0.0,0.3708609271523179,0.1236384529317487,0.3333514772143095,0.2097130242825607,Acceso medio
040805,PAMPAMARCA,AREQUIPA,LA UNION,3.0,80.0,0.0375,0.0,0.1875,0.0625342465753424,0.3083675799086758,0.2458333333333333,Acceso medio
110302,CHANGUILLO,ICA,NASCA,4.0,35.0,0.1142857142857142,0.0,0.6285714285714286,0.2096281800391389,0.3048662752772341,0.0952380952380952,Mejor atendido
210807,ORURILLO,PUNO,MELGAR,7.0,166.0,0.0421686746987951,0.0,0.7409638554216867,0.2470264620124332,0.3333718435385377,0.0863453815261044,Mejor atendido
210805,MACARI,PUNO,MELGAR,7.0,184.0,0.0380434782608695,0.0,0.7608695652173914,0.2536579313083184,0.3333680762358547,0.0797101449275362,Mejor atendido
210204,ASILLO,PUNO,AZANGARO,4.0,198.0,0.0202020202020202,0.0,0.5707070707070707,0.190254139569208,0.3333517826668511,0.143097643097643,Mejor atendido
100103,CHINCHAO,HUANUCO,HUANUCO,4.0,174.0,0.0229885057471264,0.0,0.0,2.0994069175457933e-05,2.0994069175457933e-05,0.0,Subatendido
100802,CHAGLLA,HUANUCO,PACHITEA,4.0,104.0,0.0384615384615384,0.0,0.0,3.512469265893924e-05,3.512469265893924e-05,0.0,Subatendido
250103,IPARIA,UCAYALI,CORONEL PORTILLO,17.0,83.0,0.2048192771084337,5.0,0.3132530120481928,0.1046074067503469,0.2652499770314714,0.1606425702811245,Acceso medio
190308,CONSTITUCION,PASCO,OXAPAMPA,13.0,50.0,0.26,105.5,0.0,0.0002941280614115,0.0002941280614115,0.0,Acceso medio
100905,YUYAPICHIS,HUANUCO,PUERTO INCA,6.0,63.0,0.0952380952380952,0.0,0.0,8.697542944118286e-05,8.697542944118286e-05,0.0,Subatendido
210501,ILAVE,PUNO,EL COLLAO,30.0,565.0,0.0530973451327433,10315.5,0.7061946902654868,0.2409892378927214,0.3170954325829869,0.0761061946902654,Mejor atendido
220704,PILLUANA,SAN MARTIN,PICOTA,2.0,13.0,0.1538461538461538,0.0,0.0,0.0001404987706357,0.0001404987706357,0.0,Subatendido
010103,BALSAS,AMAZONAS,CHACHAPOYAS,3.0,27.0,0.1111111111111111,0.0,0.0,0.000101471334348,0.000101471334348,0.0,Subatendido
220710,TRES UNIDOS,SAN MARTIN,PICOTA,1.0,33.0,0.0303030303030303,599.0,0.0,0.0003495166380323,0.0003495166380323,0.0,Acceso medio
140111,PICSI,LAMBAYEQUE,CHICLAYO,4.0,20.0,0.2,0.0,0.0,0.0001826484018264,0.0001826484018264,0.0,Acceso medio
140120,TUMAN,LAMBAYEQUE,CHICLAYO,5.0,34.0,0.1470588235294117,0.0,0.0,0.0001343002954606,0.0001343002954606,0.0,Subatendido
220702,BUENOS AIRES,SAN MARTIN,PICOTA,4.0,60.0,0.0666666666666666,5.0,0.0,6.356930008925901e-05,6.356930008925901e-05,0.0,Subatendido
060304,HUASMIN,CAJAMARCA,CELENDIN,9.0,140.0,0.0642857142857142,0.0,0.0,5.870841487279843e-05,5.870841487279843e-05,0.0,Subatendido
140110,OYOTUN,LAMBAYEQUE,CHICLAYO,5.0,47.0,0.1063829787234042,0.0,0.0,9.71534052268532e-05,9.71534052268532e-05,0.0,Subatendido
060415,QUEROCOTO,CAJAMARCA,CHOTA,11.0,62.0,0.1774193548387097,0.0,0.0,0.0001620268080718,0.0001620268080718,0.0,Acceso medio
060601,CUTERVO,CAJAMARCA,CUTERVO,58.0,195.0,0.2974358974358974,725.8275862068965,0.0,0.0006616180432079,0.0006616180432079,0.0,Acceso medio
220303,SAN MARTIN,SAN MARTIN,EL DORADO,5.0,45.0,0.1111111111111111,493.2,0.0,0.0003664676430977,0.0003664676430977,0.0,Acceso medio
010515,PROVIDENCIA,AMAZONAS,LUYA,3.0,20.0,0.15,0.0,0.0,0.0001369863013698,0.0001369863013698,0.0,Subatendido
010504,COLCAMAR,AMAZONAS,LUYA,4.0,22.0,0.1818181818181818,0.0,0.0,0.0001660440016604,0.0001660440016604,0.0,Acceso medio
010603,COCHAMAL,AMAZONAS,RODRIGUEZ DE MENDOZA,1.0,13.0,0.0769230769230769,0.0,0.0,7.024938531787847e-05,7.024938531787847e-05,0.0,Subatendido
021016,UCO,ANCASH,HUARI,1.0,32.0,0.03125,0.0,0.0,2.8538812785388127e-05,2.8538812785388127e-05,0.0,Subatendido
100505,JIRCAN,HUANUCO,HUAMALIES,1.0,80.0,0.0125,0.0,0.0,1.1415525114155251e-05,1.1415525114155251e-05,0.0,Subatendido
022003,MANCOS,ANCASH,YUNGAY,5.0,58.0,0.0862068965517241,0.0,0.0,7.872775940796725e-05,7.872775940796725e-05,0.0,Subatendido
022006,RANRAHIRCA,ANCASH,YUNGAY,2.0,25.0,0.08,0.0,0.0,7.305936073059361e-05,7.305936073059361e-05,0.0,Subatendido
021006,HUACCHIS,ANCASH,HUARI,2.0,48.0,0.0416666666666666,0.0,0.0,3.80517503805175e-05,3.80517503805175e-05,0.0,Subatendido
020304,CHINGAS,ANCASH,ANTONIO RAYMONDI,1.0,51.0,0.0196078431372549,0.0,0.0,1.790670606142e-05,1.790670606142e-05,0.0,Subatendido
190113,YANACANCHA,PASCO,PASCO,23.0,92.0,0.25,10702.8,0.0,0.0059789238301144,0.0059789238301144,0.0,Acceso medio
190208,VILCABAMBA,PASCO,DANIEL ALCIDES CARRION,4.0,77.0,0.0519480519480519,0.0,0.0,4.744114333155429e-05,4.744114333155429e-05,0.0,Subatendido
150304,HUANCAPON,LIMA,CAJATAMBO,1.0,78.0,0.0128205128205128,0.0,0.0,1.1708230886313078e-05,1.1708230886313078e-05,0.0,Subatendido
190203,GOYLLARISQUIZGA,PASCO,DANIEL ALCIDES CARRION,1.0,10.0,0.1,0.0,0.0,9.132420091324204e-05,9.132420091324204e-05,0.0,Subatendido
060812,SANTA ROSA,CAJAMARCA,JAEN,6.0,65.0,0.0923076923076923,772.3333333333334,0.0,0.0004992738821253,0.0004992738821253,0.0,Acceso medio
010514,PISUQUIA,AMAZONAS,LUYA,10.0,81.0,0.1234567901234567,0.0,0.0,0.0001127459270533,0.0001127459270533,0.0,Subatendido
220509,SHANAO,SAN MARTIN,LAMAS,1.0,20.0,0.05,0.0,0.0,4.566210045662101e-05,4.566210045662101e-05,0.0,Subatendido
140306,MORROPE,LAMBAYEQUE,LAMBAYEQUE,21.0,91.0,0.2307692307692307,0.0,0.0,0.0002107481559536,0.0002107481559536,0.0,Acceso medio
140205,PITIPO,LAMBAYEQUE,FERREÑAFE,10.0,86.0,0.1162790697674418,0.0,0.0,0.0001061909312944,0.0001061909312944,0.0,Subatendido
060418,TOCMOCHE,CAJAMARCA,CHOTA,1.0,42.0,0.0238095238095238,0.0,0.0,2.174385736029572e-05,2.174385736029572e-05,0.0,Subatendido
220909,LA BANDA DE SHILCAYO,SAN MARTIN,SAN MARTIN,14.0,34.0,0.4117647058823529,9305.8,0.0,0.0053760462002887,0.0053760462002887,0.0,Acceso medio
060416,SAN JUAN DE LICUPIS,CAJAMARCA,CHOTA,3.0,38.0,0.0789473684210526,0.0,0.0,7.209805335255949e-05,7.209805335255949e-05,0.0,Subatendido
090507,PAUCARBAMBA,HUANCAVELICA,CHURCAMPA,4.0,90.0,0.0444444444444444,1700.6,0.9888888888888888,0.330583950366653,0.3342876540703567,0.0037037037037037,Mejor atendido
090503,CHINCHIHUASI,HUANCAVELICA,CHURCAMPA,4.0,56.0,0.0714285714285714,706.0,0.8571428571428571,0.2861588510130035,0.333777898632051,0.0476190476190475,Mejor atendido
090705,COLCABAMBA,HUANCAVELICA,TAYACAJA,10.0,203.0,0.0492610837438423,235.88888888888889,0.9310344827586208,0.310516557952785,0.3335050636999115,0.0229885057471264,Mejor atendido
021008,HUANTAR,ANCASH,HUARI,2.0,28.0,0.0714285714285714,0.0,0.0,6.523157208088714e-05,6.523157208088714e-05,0.0,Subatendido
250204,YURUA,UCAYALI,ATALAYA,3.0,25.0,0.12,0.0,0.32,0.1067762557077625,0.2801095890410959,0.1733333333333333,Acceso medio
020102,COCHABAMBA,ANCASH,HUARAZ,3.0,97.0,0.0309278350515463,0.0,0.0,2.8244598220590312e-05,2.8244598220590312e-05,0.0,Subatendido
020804,YAUTAN,ANCASH,CASMA,2.0,86.0,0.0232558139534883,0.0,0.0,2.1238186258893487e-05,2.1238186258893487e-05,0.0,Subatendido
020106,JANGAS,ANCASH,HUARAZ,3.0,45.0,0.0666666666666666,0.0,0.0,6.088280060882801e-05,6.088280060882801e-05,0.0,Subatendido
060201,CAJABAMBA,CAJAMARCA,CAJABAMBA,7.0,78.0,0.0897435897435897,8895.666666666666,0.0,0.0048615983918216,0.0048615983918216,0.0,Acceso medio
160603,PADRE MARQUEZ,LORETO,UCAYALI,6.0,38.0,0.1578947368421052,0.0,0.0,0.0001441961067051,0.0001441961067051,0.0,Subatendido
151011,COLONIA,LIMA,YAUYOS,1.0,91.0,0.0109890109890109,3635.0,0.0,0.0019631207487473,0.0019631207487473,0.0,Acceso medio
090103,ACORIA,HUANCAVELICA,HUANCAVELICA,28.0,252.0,0.1111111111111111,9.285714285714286,0.992063492063492,0.3307942912354995,0.3334397938810021,0.0026455026455026,Mejor atendido
090510,PACHAMARCA,HUANCAVELICA,CHURCAMPA,6.0,51.0,0.1176470588235294,365.3333333333333,0.4509803921568627,0.1506305311840262,0.3336370671317386,0.1830065359477123,Acceso medio
151027,SAN PEDRO DE PILAS,LIMA,YAUYOS,1.0,15.0,0.0666666666666666,0.0,0.0,6.088280060882801e-05,6.088280060882801e-05,0.0,Subatendido
090106,HUACHOCOLPA,HUANCAVELICA,HUANCAVELICA,2.0,88.0,0.0227272727272727,0.0,0.4090909090909091,0.1363843918638439,0.3333540888335409,0.1969696969696969,Acceso medio
080404,LARES,CUSCO,CALCA,5.0,93.0,0.053763440860215,0.0,0.3548387096774194,0.1183286689252221,0.3333824323660824,0.2150537634408602,Acceso medio
090411,SANTA ANA,HUANCAVELICA,CASTROVIRREYNA,5.0,222.0,0.0225225225225225,13.75,0.2432432432432432,0.0811090374683714,0.2733012296605636,0.1921921921921922,Acceso medio
150705,CHICLA,LIMA,HUAROCHIRI,4.0,47.0,0.0851063829787234,0.0,0.0,7.772272418148256e-05,7.772272418148256e-05,0.0,Subatendido
080706,LLUSCO,CUSCO,CHUMBIVILCAS,4.0,151.0,0.0264900662251655,0.0,0.6158940397350994,0.2053222050863346,0.3333575251746348,0.1280353200883001,Mejor atendido
210213,SAN JUAN DE SALINAS,PUNO,AZANGARO,1.0,75.0,0.0133333333333333,0.0,0.7466666666666667,0.2489010654490106,0.333345509893455,0.0844444444444444,Mejor atendido
211003,PEDRO VILCA APAZA,PUNO,SAN ANTONIO DE PUTINA,1.0,72.0,0.0138888888888888,0.0,0.4444444444444444,0.1481608320649416,0.3333460172501268,0.1851851851851851,Acceso medio
080804,OCORURO,CUSCO,ESPINAR,1.0,217.0,0.0046082949308755,0.0,0.2119815668202765,0.0706647307619468,0.3333375418218547,0.2626728110599078,Acceso medio
210604,INCHUPALLA,PUNO,HUANCANE,2.0,163.0,0.0122699386503067,0.0,0.4662576687116564,0.1554304283273104,0.3333445387567582,0.1779141104294478,Acceso medio
210708,PUCARA,PUNO,LAMPA,5.0,97.0,0.0515463917525773,0.0,0.6185567010309279,0.2062326413406769,0.333380407663701,0.127147766323024,Mejor atendido
080704,COLQUEMARCA,CUSCO,CHUMBIVILCAS,5.0,147.0,0.0340136054421768,0.0,0.7074829931972789,0.2358587270524648,0.3333643959867052,0.0975056689342403,Mejor atendido
030710,SANTA ROSA,APURIMAC,GRAU,2.0,10.0,0.2,5.0,1.0,0.3335186682346402,0.3335186682346402,0.0,Mejor atendido
080508,TUPAC AMARU,CUSCO,CANAS,3.0,54.0,0.0555555555555555,0.0,0.9444444444444444,0.3148655504819888,0.3333840690005074,0.0185185185185185,Mejor atendido
210806,NUÑOA,PUNO,MELGAR,6.0,510.0,0.0117647058823529,0.0,0.2803921568627451,0.0934747963112185,0.303278717879846,0.2098039215686274,Acceso medio
030402,CAPAYA,APURIMAC,AYMARAES,3.0,24.0,0.125,3845.3333333333335,0.6666666666666666,0.2244024746737805,0.3355135857848916,0.111111111111111,Mejor atendido
030712,VILCABAMBA,APURIMAC,GRAU,1.0,17.0,0.0588235294117647,217.0,1.0,0.3335036475289683,0.3335036475289683,0.0,Mejor atendido
030706,MICAELA BASTIDAS,APURIMAC,GRAU,1.0,20.0,0.05,0.0,0.9,0.3000456621004566,0.3333789954337899,0.0333333333333333,Mejor atendido
210302,AJOYANI,PUNO,CARABAYA,1.0,179.0,0.0055865921787709,0.0,0.2793296089385474,0.093114971556848,0.310992066528915,0.2178770949720669,Acceso medio
080606,SAN PABLO,CUSCO,CANCHIS,2.0,144.0,0.0138888888888888,0.0,0.3958333333333333,0.1319571283612379,0.2639015728056824,0.1319444444444444,Acceso medio
030506,CHALLHUAHUACHO,APURIMAC,COTABAMBAS,17.0,126.0,0.1349206349206349,0.0,0.8968253968253969,0.2990650141335073,0.3334565485250416,0.0343915343915343,Mejor atendido
080204,MOSOC LLACTA,CUSCO,ACOMAYO,1.0,21.0,0.0476190476190476,0.0,1.0,0.3333768210480539,0.3333768210480539,0.0,Mejor atendido
030211,POMACOCHA,APURIMAC,ANDAHUAYLAS,1.0,46.0,0.0217391304347826,0.0,0.4782608695652174,0.1594401429422275,0.3333531864204884,0.1739130434782608,Acceso medio
090207,POMACOCHA,HUANCAVELICA,ACOBAMBA,5.0,30.0,0.1666666666666666,39.4,1.0,0.3335067099507612,0.3335067099507612,0.0,Mejor atendido
150510,NUEVO IMPERIAL,LIMA,CAÑETE,8.0,42.0,0.1904761904761904,192.0,0.0,0.0002771124389309,0.0002771124389309,0.0,Acceso medio
150511,PACARAN,LIMA,CAÑETE,1.0,10.0,0.1,0.0,0.0,9.132420091324204e-05,9.132420091324204e-05,0.0,Subatendido
090204,CAJA,HUANCAVELICA,ACOBAMBA,4.0,61.0,0.0655737704918032,802.0,0.9836065573770492,0.3283596516975878,0.3338241325719047,0.0054644808743168,Mejor atendido
090405,CHUPAMARCA,HUANCAVELICA,CASTROVIRREYNA,2.0,65.0,0.0307692307692307,0.5,0.4461538461538462,0.1487463171220239,0.3077206760963829,0.158974358974359,Acceso medio
150119,LURIN,LIMA,LIMA,60.0,25.0,2.4,313.3333333333333,0.0,0.0023601347893581,0.0023601347893581,0.0,Acceso medio
090711,PAZOS,HUANCAVELICA,TAYACAJA,6.0,55.0,0.109090909090909,50.16666666666666,0.9272727272727272,0.3092174900366923,0.3334599142791166,0.0242424242424242,Mejor atendido
120116,HUACRAPUQUIO,JUNIN,HUANCAYO,1.0,12.0,0.0833333333333333,0.0,1.0,0.3334094368340943,0.3334094368340943,0.0,Mejor atendido
110204,CHINCHA BAJA,ICA,CHINCHA,3.0,63.0,0.0476190476190476,0.0,1.0,0.3333768210480539,0.3333768210480539,0.0,Mejor atendido
090404,CAPILLAS,HUANCAVELICA,CASTROVIRREYNA,4.0,135.0,0.0296296296296296,1.5,0.3703703703703703,0.1234846550957937,0.3210155192933245,0.1975308641975308,Acceso medio
110201,CHINCHA ALTA,ICA,CHINCHA,44.0,14.0,3.142857142857143,72821.6,1.0,0.3753305606177232,0.3753305606177232,0.0,Mejor atendido
210304,COASA,PUNO,CARABAYA,6.0,146.0,0.0410958904109589,0.0,0.5342465753424658,0.1781197222743479,0.3014073935072246,0.1232876712328767,Mejor atendido
090406,COCAS,HUANCAVELICA,CASTROVIRREYNA,1.0,45.0,0.0222222222222222,20.0,0.9333333333333332,0.3111421513759024,0.3333643735981246,0.0222222222222222,Mejor atendido
081301,URUBAMBA,CUSCO,URUBAMBA,8.0,57.0,0.1403508771929824,4840.0,0.8596491228070176,0.2892784134164676,0.3360620391474617,0.0467836257309941,Mejor atendido
080401,CALCA,CUSCO,CALCA,5.0,154.0,0.0324675324675324,0.0,0.6818181818181818,0.2273023779873094,0.3333629840479155,0.106060606060606,Mejor atendido
110206,GROCIO PRADO,ICA,CHINCHA,3.0,52.0,0.0576923076923076,0.0,0.5,0.166719353705655,0.275693712680014,0.1089743589743589,Acceso medio
090410,SAN JUAN,HUANCAVELICA,CASTROVIRREYNA,2.0,43.0,0.0465116279069767,0.0,0.4651162790697674,0.1550812360624402,0.3023680577678666,0.1472868217054263,Acceso medio
090409,MOLLEPAMPA,HUANCAVELICA,CASTROVIRREYNA,2.0,132.0,0.0151515151515151,30.5,0.8939393939393939,0.2980100226267669,0.3333635579803023,0.0353535353535353,Mejor atendido
010501,LAMUD,AMAZONAS,LUYA,3.0,27.0,0.1111111111111111,0.0,0.0,0.000101471334348,0.000101471334348,0.0,Subatendido
060607,QUEROCOTILLO,CAJAMARCA,CUTERVO,23.0,111.0,0.2072072072072072,24.65217391304348,0.0,0.0002024759366984,0.0002024759366984,0.0,Acceso medio
060411,LLAMA,CAJAMARCA,CHOTA,9.0,114.0,0.0789473684210526,0.0,0.0,7.209805335255949e-05,7.209805335255949e-05,0.0,Subatendido
220507,RUMISAPA,SAN MARTIN,LAMAS,5.0,27.0,0.1851851851851851,0.0,0.0,0.00016911889058,0.00016911889058,0.0,Acceso medio
060303,CORTEGANA,CAJAMARCA,CELENDIN,6.0,68.0,0.088235294117647,0.0,0.0,8.058017727639001e-05,8.058017727639001e-05,0.0,Subatendido
060403,CHADIN,CAJAMARCA,CHOTA,5.0,24.0,0.2083333333333333,0.0,0.0,0.0001902587519025,0.0001902587519025,0.0,Acceso medio
060404,CHIGUIRIP,CAJAMARCA,CHOTA,6.0,20.0,0.3,0.0,0.0,0.0002739726027397,0.0002739726027397,0.0,Acceso medio
220603,HUICUNGO,SAN MARTIN,MARISCAL CACERES,6.0,60.0,0.1,241.28571428571428,0.0,0.000220966990126,0.000220966990126,0.0,Acceso medio
220304,SANTA ROSA,SAN MARTIN,EL DORADO,6.0,49.0,0.1224489795918367,20.0,0.0,0.0001225715500603,0.0001225715500603,0.0,Subatendido
140301,LAMBAYEQUE,LAMBAYEQUE,LAMBAYEQUE,19.0,75.0,0.2533333333333333,8474.57142857143,0.0,0.00478474099026,0.00478474099026,0.0,Acceso medio
220914,SHAPAJA,SAN MARTIN,SAN MARTIN,1.0,21.0,0.0476190476190476,109.0,0.0,0.0001020534033939,0.0001020534033939,0.0,Subatendido
020611,YUNGAR,ANCASH,CARHUAZ,4.0,83.0,0.0481927710843373,0.0,0.0,4.401166309071904e-05,4.401166309071904e-05,0.0,Subatendido
100110,YARUMAYO,HUANUCO,HUANUCO,3.0,44.0,0.0681818181818181,0.0,0.0,6.2266500622665e-05,6.2266500622665e-05,0.0,Subatendido
100102,AMARILIS,HUANUCO,HUANUCO,11.0,86.0,0.127906976744186,64385.5,0.0,0.0347111324838819,0.0347111324838819,0.0,Acceso medio
190304,PALCAZU,PASCO,OXAPAMPA,27.0,127.0,0.2125984251968504,11.074074074074074,0.0,0.0002001039118144,0.0002001039118144,0.0,Acceso medio
101108,CHORAS,HUANUCO,YAROWILCA,2.0,61.0,0.0327868852459016,0.0,0.0,2.9942360955161315e-05,2.9942360955161315e-05,0.0,Subatendido
101105,JACAS CHICO,HUANUCO,YAROWILCA,1.0,47.0,0.0212765957446808,0.0,0.0,1.943068104537064e-05,1.943068104537064e-05,0.0,Subatendido
100101,HUANUCO,HUANUCO,HUANUCO,49.0,74.0,0.6621621621621622,4255.866666666667,0.0,0.0028913910211011,0.0028913910211011,0.0,Acceso medio
150727,SANTA CRUZ DE COCACHACRA,LIMA,HUAROCHIRI,2.0,9.0,0.2222222222222222,0.0,0.0,0.000202942668696,0.000202942668696,0.0,Acceso medio
120130,SAN JERONIMO DE TUNAN,JUNIN,HUANCAYO,1.0,6.0,0.1666666666666666,0.0,1.0,0.3334855403348554,0.3334855403348554,0.0,Mejor atendido
090306,CONGALLA,HUANCAVELICA,ANGARAES,5.0,90.0,0.0555555555555555,47.6,0.9222222222222224,0.3074837185496351,0.333409644475561,0.0259259259259259,Mejor atendido
090307,HUANCA-HUANCA,HUANCAVELICA,ANGARAES,2.0,42.0,0.0476190476190476,467.0,0.9523809523809524,0.3177547242265103,0.3336277400995261,0.0158730158730158,Mejor atendido
150508,LUNAHUANA,LIMA,CAÑETE,1.0,23.0,0.0434782608695652,0.0,0.0,3.970617431010522e-05,3.970617431010522e-05,0.0,Subatendido
090308,HUAYLLAY GRANDE,HUANCAVELICA,ANGARAES,1.0,28.0,0.0357142857142857,477.0,1.0,0.3336222411698069,0.3336222411698069,0.0,Mejor atendido
151015,HUANGASCAR,LIMA,YAUYOS,1.0,58.0,0.0172413793103448,0.0,0.0,1.574555188159345e-05,1.574555188159345e-05,0.0,Subatendido
090401,CASTROVIRREYNA,HUANCAVELICA,CASTROVIRREYNA,5.0,273.0,0.0183150183150183,223.0,0.5201465201465202,0.1735187173031239,0.3224808662652729,0.1489621489621489,Mejor atendido
150504,CERRO AZUL,LIMA,CAÑETE,2.0,46.0,0.0434782608695652,0.0,0.0,3.970617431010522e-05,3.970617431010522e-05,0.0,Subatendido
150516,ZUÑIGA,LIMA,CAÑETE,3.0,16.0,0.1875,0.0,0.0,0.0001712328767123,0.0001712328767123,0.0,Acceso medio
090203,ANTA,HUANCAVELICA,ACOBAMBA,11.0,69.0,0.1594202898550724,0.0,1.0,0.333478922639137,0.333478922639137,0.0,Mejor atendido
090201,ACOBAMBA,HUANCAVELICA,ACOBAMBA,12.0,76.0,0.1578947368421052,1157.25,0.9078947368421052,0.3033975653588193,0.3340993197447842,0.0307017543859648,Mejor atendido
080901,SANTA ANA,CUSCO,LA CONVENCION,39.0,107.0,0.3644859813084112,22805.2,0.897196261682243,0.3116515160608433,0.3459194288334291,0.0342679127725857,Mejor atendido
150512,QUILMANA,LIMA,CAÑETE,2.0,41.0,0.048780487804878,5299.0,0.0,0.0028917005400501,0.0028917005400501,0.0,Acceso medio
151019,LINCHA,LIMA,YAUYOS,1.0,84.0,0.0119047619047619,0.0,0.0,1.0871928680147858e-05,1.0871928680147858e-05,0.0,Subatendido
090118,ASCENSION,HUANCAVELICA,HUANCAVELICA,5.0,89.0,0.0561797752808988,61368.0,0.2134831460674157,0.1041853744430066,0.2727247002857032,0.1685393258426966,Acceso medio
120402,ACOLLA,JUNIN,JAUJA,7.0,24.0,0.2916666666666667,0.0,1.0,0.3335996955859969,0.3335996955859969,0.0,Mejor atendido
150102,ANCON,LIMA,LIMA,11.0,3.0,3.6666666666666665,16396.0,0.0,0.0121581231297148,0.0121581231297148,0.0,Acceso medio
210703,CALAPUJA,PUNO,LAMPA,1.0,34.0,0.0294117647058823,0.0,0.8823529411764706,0.2941445071179157,0.3333601933924254,0.0392156862745097,Mejor atendido
081001,PARURO,CUSCO,PARURO,1.0,103.0,0.0097087378640776,0.0,0.4368932038834951,0.1456399343884381,0.3333421997606065,0.1877022653721683,Acceso medio
090602,AYAVI,HUANCAVELICA,HUAYTARA,2.0,49.0,0.0408163265306122,0.0,0.8571428571428571,0.2857515608983319,0.3333706085173795,0.0476190476190476,Mejor atendido
210307,ITUATA,PUNO,CARABAYA,3.0,208.0,0.0144230769230769,0.0,0.5096153846153846,0.1698849666315419,0.3125131717597471,0.1426282051282051,Mejor atendido
110503,HUMAY,ICA,PISCO,4.0,60.0,0.0666666666666666,0.0,0.65,0.2167275494672755,0.3167275494672755,0.1,Mejor atendido
081005,HUANOQUITE,CUSCO,PARURO,1.0,148.0,0.0067567567567567,0.0,0.4189189189189189,0.1396458101937554,0.3333395038874491,0.1936936936936936,Acceso medio
030201,ANDAHUAYLAS,APURIMAC,ANDAHUAYLAS,21.0,73.0,0.2876712328767123,30118.42857142857,1.0,0.3497786753297234,0.3497786753297234,0.0,Mejor atendido
030213,SAN JERONIMO,APURIMAC,ANDAHUAYLAS,10.0,66.0,0.1515151515151515,0.0,0.8484848484848485,0.2829666528296665,0.333471703334717,0.0505050505050505,Mejor atendido
081201,URCOS,CUSCO,QUISPICANCHI,2.0,77.0,0.0259740259740259,0.0,0.6103896103896104,0.2034869240348692,0.3333570539049991,0.1298701298701298,Mejor atendido
030215,SANTA MARIA DE CHICMO,APURIMAC,ANDAHUAYLAS,8.0,69.0,0.1159420289855072,0.0,0.9420289855072465,0.3141155449672424,0.3334392164648269,0.0193236714975845,Mejor atendido
081009,YAURISQUE,CUSCO,PARURO,1.0,63.0,0.0158730158730158,0.0,0.873015873015873,0.2910197869101978,0.3333478292382402,0.0423280423280423,Mejor atendido
150729,SANTIAGO DE ANCHUCAYA,LIMA,HUAROCHIRI,1.0,26.0,0.0384615384615384,0.0,0.0,3.512469265893924e-05,3.512469265893924e-05,0.0,Subatendido
120208,MANZANARES,JUNIN,CONCEPCION,1.0,6.0,0.1666666666666666,0.0,1.0,0.3334855403348554,0.3334855403348554,0.0,Mejor atendido
150702,ANTIOQUIA,LIMA,HUAROCHIRI,2.0,46.0,0.0434782608695652,0.0,0.0,3.970617431010522e-05,3.970617431010522e-05,0.0,Subatendido
120129,SAN AGUSTIN,JUNIN,HUANCAYO,2.0,13.0,0.1538461538461538,0.0,1.0,0.3334738321039691,0.3334738321039691,0.0,Mejor atendido
120117,HUALHUAS,JUNIN,HUANCAYO,1.0,8.0,0.125,0.0,1.0,0.3334474885844748,0.3334474885844748,0.0,Mejor atendido
120213,ORCOTUNA,JUNIN,CONCEPCION,2.0,6.0,0.3333333333333333,0.0,1.0,0.3336377473363774,0.3336377473363774,0.0,Mejor atendido
120212,NUEVE DE JULIO,JUNIN,CONCEPCION,1.0,7.0,0.1428571428571428,0.0,1.0,0.3334637964774951,0.3334637964774951,0.0,Mejor atendido
211204,PATAMBUCO,PUNO,SANDIA,4.0,54.0,0.074074074074074,0.0,0.7037037037037037,0.2346355487907999,0.3334009808895653,0.0987654320987653,Mejor atendido
030707,PATAYPAMPA,APURIMAC,GRAU,2.0,32.0,0.0625,0.0,0.5,0.1667237442922374,0.3333904109589041,0.1666666666666666,Acceso medio
030410,POCOHUANCA,APURIMAC,AYMARAES,4.0,22.0,0.1818181818181818,3250.8,1.0,0.3352460318371908,0.3352460318371908,0.0,Mejor atendido
211201,SANDIA,PUNO,SANDIA,5.0,64.0,0.078125,8007.0,0.6875,0.2335401739665923,0.337706840633259,0.1041666666666666,Mejor atendido
030417,YANACA,APURIMAC,AYMARAES,2.0,47.0,0.0425531914893617,7151.0,0.9574468085106383,0.3230300290892159,0.3372144262523365,0.0141843971631205,Mejor atendido
211207,SAN JUAN DEL ORO,PUNO,SANDIA,3.0,71.0,0.0422535211267605,0.0,0.8028169014084507,0.2676442214933436,0.3333719210238601,0.0657276995305164,Mejor atendido
110113,TATE,ICA,ICA,4.0,8.0,0.5,0.0,1.0,0.3337899543378995,0.3337899543378995,0.0,Mejor atendido
110111,SANTIAGO,ICA,ICA,6.0,86.0,0.0697674418604651,1733.5,0.7558139534883721,0.2529331084247661,0.3033207053239909,0.0503875968992247,Mejor atendido
030412,SAÑAYCA,APURIMAC,AYMARAES,3.0,59.0,0.0508474576271186,3764.0,0.559322033898305,0.1885095108093328,0.3354021661765645,0.1468926553672317,Mejor atendido
030306,PACHACONAS,APURIMAC,ANTABAMBA,3.0,57.0,0.0526315789473684,0.0,0.5964912280701754,0.1988784747256268,0.333381398702235,0.1345029239766081,Mejor atendido
030413,SORAYA,APURIMAC,AYMARAES,2.0,28.0,0.0714285714285714,5352.0,1.0,0.3362741939492675,0.3362741939492675,0.0,Mejor atendido
110105,PACHACUTEC,ICA,ICA,2.0,27.0,0.074074074074074,0.0,1.0,0.3334009808895653,0.3334009808895653,0.0,Mejor atendido
080607,SAN PEDRO,CUSCO,CANCHIS,1.0,34.0,0.0294117647058823,0.0,0.8529411764705882,0.2843405855492882,0.3333601933924254,0.0490196078431372,Mejor atendido
080705,LIVITACA,CUSCO,CHUMBIVILCAS,5.0,233.0,0.0214592274678111,0.0,0.6051502145922747,0.201736335665432,0.3333529308013405,0.1316165951359084,Mejor atendido
030504,HAQUIRA,APURIMAC,COTABAMBAS,14.0,207.0,0.0676328502415458,0.0,0.9130434782608696,0.3044095912469944,0.3333950984933713,0.0289855072463768,Mejor atendido
030210,PAMPACHIRI,APURIMAC,ANDAHUAYLAS,3.0,174.0,0.0172413793103448,0.0,0.4770114942528735,0.1590195769695061,0.3333490788852149,0.1743295019157088,Acceso medio
030302,EL ORO,APURIMAC,ANTABAMBA,1.0,19.0,0.0526315789473684,0.0,0.9473684210526316,0.3158375390531122,0.333381398702235,0.0175438596491227,Mejor atendido
080608,TINTA,CUSCO,CANCHIS,1.0,42.0,0.0238095238095238,0.0,0.9761904761904762,0.3254185692541857,0.3333550771906936,0.0079365079365079,Mejor atendido
110107,PUEBLO NUEVO,ICA,ICA,5.0,28.0,0.1785714285714285,0.0,1.0,0.3334964122635355,0.3334964122635355,0.0,Mejor atendido
120706,PALCA,JUNIN,TARMA,8.0,75.0,0.1066666666666666,0.0,0.9066666666666666,0.3023196347031963,0.3334307458143075,0.0311111111111111,Mejor atendido
150602,ATAVILLOS ALTO,LIMA,HUARAL,5.0,66.0,0.0757575757575757,0.0,0.0,6.918500069185e-05,6.918500069185e-05,0.0,Subatendido
170302,IBERIA,MADRE DE DIOS,TAHUAMANU,7.0,19.0,0.3684210526315789,13436.0,0.4210526315789473,0.1479064961791086,0.3408889523194594,0.1929824561403508,Acceso medio
080914,MEGANTONI,CUSCO,LA CONVENCION,16.0,37.0,0.4324324324324324,0.0,0.5675675675675675,0.1895841046525977,0.3067012217697149,0.1171171171171171,Mejor atendido
120707,PALCAMAYO,JUNIN,TARMA,7.0,72.0,0.0972222222222222,0.0,0.9722222222222222,0.3241628614916286,0.3334221207508878,0.0092592592592592,Mejor atendido
120306,VITOC,JUNIN,CHANCHAMAYO,3.0,36.0,0.0833333333333333,0.0,1.0,0.3334094368340943,0.3334094368340943,0.0,Mejor atendido
120699,MAZAMARI - PANGOA,JUNIN,SATIPO,0.0,186.0,0.0,0.0,0.6935483870967742,0.2311827956989247,0.3189964157706093,0.0878136200716845,Mejor atendido
150607,LAMPIAN,LIMA,HUARAL,2.0,39.0,0.0512820512820512,0.0,0.0,4.683292354525231e-05,4.683292354525231e-05,0.0,Subatendido
150801,HUACHO,LIMA,HUAURA,79.0,26.0,3.0384615384615383,118264.2,0.0,0.0663181930907737,0.0663181930907737,0.0,Acceso medio
150606,IHUARI,LIMA,HUARAL,6.0,112.0,0.0535714285714285,0.0,0.0,4.892367906066536e-05,4.892367906066536e-05,0.0,Subatendido
150803,CALETA DE CARQUIN,LIMA,HUAURA,2.0,2.0,1.0,0.0,0.0,0.0009132420091324,0.0009132420091324,0.0,Acceso medio
150805,HUALMAY,LIMA,HUAURA,6.0,5.0,1.2,0.0,0.0,0.0010958904109589,0.0010958904109589,0.0,Acceso medio
120807,SANTA BARBARA DE CARHUACAYAN,JUNIN,YAULI,2.0,235.0,0.0085106382978723,0.0,0.2595744680851063,0.0865325949674536,0.3149013892936947,0.2283687943262412,Acceso medio
150810,SANTA MARIA,LIMA,HUAURA,9.0,37.0,0.2432432432432432,0.0,0.0,0.0002221399481673,0.0002221399481673,0.0,Acceso medio
150610,SANTA CRUZ DE ANDAMARCA,LIMA,HUARAL,3.0,47.0,0.0638297872340425,0.0,0.0,5.829204313611192e-05,0.0071504906246963,0.0070921985815602,Subatendido
120305,SAN RAMON,JUNIN,CHANCHAMAYO,13.0,86.0,0.1511627906976744,7759.0,0.7209302325581395,0.2446170356237954,0.337640291437749,0.0930232558139535,Mejor atendido
150612,VEINTISIETE DE NOVIEMBRE,LIMA,HUARAL,2.0,42.0,0.0476190476190476,0.0,0.0,4.348771472059143e-05,4.348771472059143e-05,0.0,Subatendido
170101,TAMBOPATA,MADRE DE DIOS,TAMBOPATA,81.0,70.0,1.1571428571428573,56202.6,0.3571428571428571,0.1503020216551036,0.283635354988437,0.1333333333333333,Acceso medio
050404,IGUAIN,AYACUCHO,HUANTA,3.0,34.0,0.088235294117647,0.0,0.9705882352941176,0.3236099919419822,0.3334139135106097,0.0098039215686274,Mejor atendido
050403,HUAMANGUILLA,AYACUCHO,HUANTA,3.0,44.0,0.0681818181818181,0.0,0.9545454545454546,0.3182440846824408,0.333395599833956,0.0151515151515151,Mejor atendido
050508,TAMBO,AYACUCHO,LA MAR,6.0,83.0,0.072289156626506,0.0,0.8433734939759037,0.2811905154866039,0.3333993508279694,0.0522088353413654,Mejor atendido
080907,KIMBIRI,CUSCO,LA CONVENCION,13.0,80.0,0.1625,3113.4444444444443,0.8125,0.2726545885362875,0.3351545885362875,0.0625,Mejor atendido
080910,PICHARI,CUSCO,LA CONVENCION,12.0,92.0,0.1304347826086956,648.6428571428571,0.7391304347826086,0.2468444458568731,0.3338009675960036,0.0869565217391304,Mejor atendido
030604,HUACCANA,APURIMAC,CHINCHEROS,8.0,103.0,0.0776699029126213,0.0,0.9029126213592232,0.3010418052045928,0.3334042647515183,0.0323624595469255,Mejor atendido
050511,ORONCCOY,AYACUCHO,LA MAR,0.0,36.0,0.0,0.0,0.1944444444444444,0.0648148148148148,0.3333333333333333,0.2685185185185185,Acceso medio
050407,SIVIA,AYACUCHO,HUANTA,8.0,136.0,0.0588235294117647,6092.0,0.6617647058823529,0.223915186379259,0.3366602844184747,0.1127450980392157,Mejor atendido
050406,SANTILLANA,AYACUCHO,HUANTA,4.0,104.0,0.0384615384615384,0.0,0.9423076923076924,0.314137688795223,0.3333684580259923,0.0192307692307692,Mejor atendido
050408,LLOCHEGUA,AYACUCHO,HUANTA,9.0,54.0,0.1666666666666666,0.0,0.8888888888888888,0.2964485032978183,0.3334855403348554,0.037037037037037,Mejor atendido
050502,ANCO,AYACUCHO,LA MAR,8.0,110.0,0.0727272727272727,0.0,0.7727272727272727,0.2576421751764217,0.3333997509339975,0.0757575757575757,Mejor atendido
050509,SAMUGARI,AYACUCHO,LA MAR,4.0,10.0,0.4,1809.75,0.4,0.1346710086239283,0.3346710086239283,0.2,Acceso medio
050504,CHILCAS,AYACUCHO,LA MAR,2.0,47.0,0.0425531914893617,0.0,0.7659574468085106,0.2553580102982609,0.333372194695424,0.0780141843971631,Mejor atendido
050501,SAN MIGUEL,AYACUCHO,LA MAR,6.0,132.0,0.0454545454545454,297882.0,0.7575757575757576,0.4126187311716171,0.4934268119796979,0.0808080808080807,Mejor atendido
050510,ANCHIHUAY,AYACUCHO,LA MAR,2.0,22.0,0.0909090909090909,0.0,0.2727272727272727,0.0909921129099211,0.3334163553341636,0.2424242424242425,Acceso medio
050409,CANAYRE,AYACUCHO,HUANTA,3.0,10.0,0.3,0.0,0.4,0.133607305936073,0.3002739726027397,0.1666666666666666,Acceso medio
100106,QUISQUI (KICHKI),HUANUCO,HUANUCO,3.0,83.0,0.036144578313253,0.0,0.0,3.300874731803928e-05,3.300874731803928e-05,0.0,Subatendido
190303,HUANCABAMBA,PASCO,OXAPAMPA,8.0,106.0,0.0754716981132075,322.0,0.0,0.0002419344917572,0.0002419344917572,0.0,Acceso medio
190305,POZUZO,PASCO,OXAPAMPA,14.0,106.0,0.1320754716981132,61.23076923076923,0.0,0.0001535161550756,0.0001535161550756,0.0,Acceso medio
190306,PUERTO BERMUDEZ,PASCO,OXAPAMPA,23.0,229.0,0.1004366812227074,119.1904761904762,0.0,0.000155764027022,0.000155764027022,0.0,Acceso medio
100801,PANAO,HUANUCO,PACHITEA,5.0,174.0,0.028735632183908,0.0,0.0,2.6242586469322416e-05,2.6242586469322416e-05,0.0,Subatendido
100804,UMARI,HUANUCO,PACHITEA,4.0,76.0,0.0526315789473684,0.0,0.0,4.806536890170632e-05,4.806536890170632e-05,0.0,Subatendido
061311,YAUYUCAN,CAJAMARCA,SANTA CRUZ,4.0,18.0,0.2222222222222222,0.0,0.0,0.000202942668696,0.000202942668696,0.0,Acceso medio
061302,ANDABAMBA,CAJAMARCA,SANTA CRUZ,1.0,13.0,0.0769230769230769,0.0,0.0,7.024938531787847e-05,7.024938531787847e-05,0.0,Subatendido
220913,SAUCE,SAN MARTIN,SAN MARTIN,3.0,50.0,0.06,2398.5,0.0,0.0013435083213106,0.0013435083213106,0.0,Acceso medio
061306,NINABAMBA,CAJAMARCA,SANTA CRUZ,3.0,18.0,0.1666666666666666,0.0,0.0,0.000152207001522,0.000152207001522,0.0,Acceso medio
220902,ALBERTO LEVEAU,SAN MARTIN,SAN MARTIN,2.0,27.0,0.074074074074074,97.0,0.0,0.0001197656461523,0.0001197656461523,0.0,Subatendido
010110,LEIMEBAMBA,AMAZONAS,CHACHAPOYAS,3.0,75.0,0.04,0.0,0.0,3.6529680365296805e-05,3.6529680365296805e-05,0.0,Subatendido
061307,PULAN,CAJAMARCA,SANTA CRUZ,5.0,40.0,0.125,0.0,0.0,0.0001141552511415,0.0001141552511415,0.0,Subatendido
061308,SAUCEPAMPA,CAJAMARCA,SANTA CRUZ,2.0,10.0,0.2,0.0,0.0,0.0001826484018264,0.0001826484018264,0.0,Acceso medio
060703,HUALGAYOC,CAJAMARCA,HUALGAYOC,15.0,72.0,0.2083333333333333,0.0,0.0,0.0001902587519025,0.0001902587519025,0.0,Acceso medio
131102,LUCMA,LA LIBERTAD,GRAN CHIMU,5.0,116.0,0.043103448275862,0.0,0.0,3.9363879703983625e-05,3.9363879703983625e-05,0.0,Subatendido
131104,SAYAPULLO,LA LIBERTAD,GRAN CHIMU,4.0,70.0,0.0571428571428571,0.0,0.0,5.218525766470972e-05,5.218525766470972e-05,0.0,Subatendido
130908,SARTIMBAMBA,LA LIBERTAD,SANCHEZ CARRION,4.0,136.0,0.0294117647058823,0.0,0.0,2.6860059092130003e-05,2.6860059092130003e-05,0.0,Subatendido
060203,CONDEBAMBA,CAJAMARCA,CAJABAMBA,5.0,79.0,0.0632911392405063,0.0,0.0,5.780012716027976e-05,5.780012716027976e-05,0.0,Subatendido
130303,CONDORMARCA,LA LIBERTAD,BOLIVAR,1.0,73.0,0.0136986301369863,0.0,0.0,1.2510164508663287e-05,1.2510164508663287e-05,0.0,Subatendido
220602,CAMPANILLA,SAN MARTIN,MARISCAL CACERES,7.0,84.0,0.0833333333333333,33.714285714285715,0.0,9.421818297194116e-05,9.421818297194116e-05,0.0,Subatendido
010520,SANTA CATALINA,AMAZONAS,LUYA,4.0,16.0,0.25,0.0,0.0,0.0002283105022831,0.0002283105022831,0.0,Acceso medio
010518,SAN JERONIMO,AMAZONAS,LUYA,1.0,27.0,0.037037037037037,0.0,0.0,3.382377811601556e-05,3.382377811601556e-05,0.0,Subatendido
010705,JAMALCA,AMAZONAS,UTCUBAMBA,11.0,64.0,0.171875,0.0,0.0,0.0001569634703196,0.0001569634703196,0.0,Acceso medio
060802,BELLAVISTA,CAJAMARCA,JAEN,9.0,101.0,0.0891089108910891,1173.5,0.0,0.0007118994288709,0.0007118994288709,0.0,Acceso medio
060811,SAN JOSE DEL ALTO,CAJAMARCA,JAEN,8.0,59.0,0.135593220338983,239.0,0.0,0.0002522441001317,0.0002522441001317,0.0,Acceso medio
060904,LA COIPA,CAJAMARCA,SAN IGNACIO,17.0,86.0,0.1976744186046511,10.588235294117649,0.0,0.0001862136409238,0.0001862136409238,0.0,Acceso medio
210707,PARATIA,PUNO,LAMPA,2.0,125.0,0.016,0.0,0.384,0.1280146118721461,0.3013479452054795,0.1733333333333333,Acceso medio
150720,SAN JUAN DE TANTARANCHE,LIMA,HUAROCHIRI,2.0,59.0,0.0338983050847457,0.0,0.0,3.095735624177695e-05,3.095735624177695e-05,0.0,Subatendido
120201,CONCEPCION,JUNIN,CONCEPCION,3.0,18.0,0.1666666666666666,7824.4,1.0,0.3376895896417922,0.3376895896417922,0.0,Mejor atendido
150709,HUAROCHIRI,LIMA,HUAROCHIRI,2.0,72.0,0.0277777777777777,0.0,0.0,2.5367833587011662e-05,2.5367833587011662e-05,0.0,Subatendido
090511,COSME,HUANCAVELICA,CHURCAMPA,3.0,17.0,0.1764705882352941,1374.0,0.8823529411764706,0.2950170574705987,0.3342327437451085,0.0392156862745097,Mejor atendido
090104,CONAYCA,HUANCAVELICA,HUANCAVELICA,1.0,20.0,0.05,3.0,1.0,0.3333806073334782,0.3333806073334782,0.0,Mejor atendido
150515,SANTA CRUZ DE FLORES,LIMA,CAÑETE,1.0,25.0,0.04,0.0,0.0,3.6529680365296805e-05,3.6529680365296805e-05,0.0,Subatendido
090108,IZCUCHACA,HUANCAVELICA,HUANCAVELICA,1.0,13.0,0.0769230769230769,87.0,1.0,0.3334503278096107,0.3334503278096107,0.0,Mejor atendido
090113,NUEVO OCCORO,HUANCAVELICA,HUANCAVELICA,2.0,160.0,0.0125,12.5,0.50625,0.1687681317738152,0.3333514651071486,0.1645833333333333,Mejor atendido
090604,HUAYACUNDO ARMA,HUANCAVELICA,HUAYTARA,1.0,33.0,0.0303030303030303,0.0,0.9696969696969696,0.3232599972325999,0.3333610073336101,0.0101010101010101,Mejor atendido
080106,SANTIAGO,CUSCO,CUSCO,42.0,42.0,1.0,15326.0,1.0,0.3424812335498828,0.3424812335498828,0.0,Mejor atendido
030207,KISHUARA,APURIMAC,ANDAHUAYLAS,7.0,67.0,0.1044776119402985,0.0,0.9850746268656716,0.3284536222994615,0.333428746677571,0.0049751243781094,Mejor atendido
090615,SANTO DOMINGO DE CAPILLAS,HUANCAVELICA,HUAYTARA,3.0,69.0,0.0434782608695652,2.0,0.6231884057971014,0.207770249373136,0.2802340174890781,0.072463768115942,Mejor atendido
080108,WANCHAQ,CUSCO,CUSCO,147.0,3.0,49.0,120159.57142857143,1.0,0.4426439170231557,0.4426439170231557,0.0,Mejor atendido
090601,HUAYTARA,HUANCAVELICA,HUAYTARA,3.0,103.0,0.029126213592233,406.0,0.3980582524271844,0.1329308271820252,0.3335780763729637,0.2006472491909385,Acceso medio
081210,OCONGATE,CUSCO,QUISPICANCHI,2.0,412.0,0.0048543689320388,0.0,0.2451456310679611,0.0817196435696236,0.3155384137961608,0.2338187702265372,Acceso medio
120909,YANACANCHA,JUNIN,CHUPACA,2.0,131.0,0.015267175572519,0.0,0.3511450381679389,0.1170622886820732,0.3155355711248214,0.1984732824427481,Acceso medio
120908,TRES DE DICIEMBRE,JUNIN,CHUPACA,1.0,3.0,0.3333333333333333,0.0,1.0,0.3336377473363774,0.3336377473363774,0.0,Mejor atendido
120119,HUANCAN,JUNIN,HUANCAYO,2.0,11.0,0.1818181818181818,18.0,1.0,0.3335090487331233,0.3335090487331233,0.0,Mejor atendido
150131,SAN ISIDRO,LIMA,LIMA,291.0,1.0,291.0,32329.9375,0.0,0.2831242967167576,0.2831242967167576,0.0,Mejor atendido
150120,MAGDALENA DEL MAR,LIMA,LIMA,131.0,1.0,131.0,3250.5,0.0,0.1213811965085752,0.1213811965085752,0.0,Acceso medio
120906,SAN JUAN DE ISCOS,JUNIN,CHUPACA,3.0,9.0,0.3333333333333333,0.0,1.0,0.3336377473363774,0.3336377473363774,0.0,Mejor atendido
150130,SAN BORJA,LIMA,LIMA,219.0,3.0,73.0,28492.75,0.0,0.0819758182808767,0.0819758182808767,0.0,Acceso medio
150116,LINCE,LIMA,LIMA,246.0,1.0,246.0,4817.285714285715,0.0,0.2272458613602785,0.2272458613602785,0.0,Mejor atendido
150140,SANTIAGO DE SURCO,LIMA,LIMA,351.0,4.0,87.75,19157.346153846152,0.0,0.0904302263991187,0.0904302263991187,0.0,Acceso medio
090714,SALCABAMBA,HUANCAVELICA,TAYACAJA,5.0,70.0,0.0714285714285714,28.33333333333333,0.9,0.3000804550691366,0.33341378840247,0.0333333333333333,Mejor atendido
151033,VITIS,LIMA,YAUYOS,1.0,21.0,0.0476190476190476,0.0,0.0,4.348771472059143e-05,4.348771472059143e-05,0.0,Subatendido
150121,PUEBLO LIBRE,LIMA,LIMA,135.0,1.0,135.0,69704.1,0.0,0.1607396769196588,0.1607396769196588,0.0,Acceso medio
070105,LA PUNTA,CALLAO,CALLAO,6.0,1.0,6.0,0.0,0.0,0.0054794520547945,0.0054794520547945,0.0,Acceso medio
220104,JEPELACIO,SAN MARTIN,MOYOBAMBA,10.0,59.0,0.1694915254237288,1305.8181818181818,0.0,0.0008564027546072,0.0008564027546072,0.0,Acceso medio
010604,HUAMBO,AMAZONAS,RODRIGUEZ DE MENDOZA,3.0,43.0,0.0697674418604651,0.0,0.0,6.371455877668046e-05,6.371455877668046e-05,0.0,Subatendido
140309,PACORA,LAMBAYEQUE,LAMBAYEQUE,2.0,35.0,0.0571428571428571,0.0,0.0,5.218525766470972e-05,5.218525766470972e-05,0.0,Subatendido
010109,LA JALCA,AMAZONAS,CHACHAPOYAS,9.0,172.0,0.0523255813953488,0.0,0.0,4.778591908251036e-05,4.778591908251036e-05,0.0,Subatendido
010605,LIMABAMBA,AMAZONAS,RODRIGUEZ DE MENDOZA,2.0,48.0,0.0416666666666666,0.0,0.0,3.80517503805175e-05,3.80517503805175e-05,0.0,Subatendido
160113,SAN JUAN BAUTISTA,LORETO,MAYNAS,27.0,94.0,0.2872340425531915,2570.75,0.0,0.0016435779019761,0.0016435779019761,0.0,Acceso medio
160101,IQUITOS,LORETO,MAYNAS,94.0,21.0,4.476190476190476,34536.666666666664,0.0,0.0226443925948993,0.0226443925948993,0.0,Acceso medio
240104,PAMPAS DE HOSPITAL,TUMBES,TUMBES,4.0,25.0,0.16,4.75,0.0,0.0001486708959675,0.0001486708959675,0.0,Subatendido
240201,ZORRITOS,TUMBES,CONTRALMIRANTE VILLAR,5.0,55.0,0.0909090909090909,3911.2,0.0,0.0021845093544025,0.0021845093544025,0.0,Acceso medio
240105,SAN JACINTO,TUMBES,TUMBES,6.0,29.0,0.2068965517241379,0.0,0.0,0.0001889466225791,0.0001889466225791,0.0,Acceso medio
010206,LA PECA,AMAZONAS,BAGUA,6.0,4.0,1.5,0.0,0.0,0.0013698630136986,0.0013698630136986,0.0,Acceso medio
240303,MATAPALO,TUMBES,ZARUMILLA,1.0,19.0,0.0526315789473684,0.0,0.0,4.806536890170632e-05,4.806536890170632e-05,0.0,Subatendido
240103,LA CRUZ,TUMBES,TUMBES,4.0,6.0,0.6666666666666666,1144.5,0.0,0.0012237677371589,0.0012237677371589,0.0,Acceso medio
010118,SAN FRANCISCO DE DAGUAS,AMAZONAS,CHACHAPOYAS,1.0,17.0,0.0588235294117647,0.0,0.0,5.372011818426001e-05,5.372011818426001e-05,0.0,Subatendido
060612,SANTO DOMINGO DE LA CAPILLA,CAJAMARCA,CUTERVO,12.0,37.0,0.3243243243243243,0.0,0.0,0.0002961865975564,0.0002961865975564,0.0,Acceso medio
010607,MARISCAL BENAVIDES,AMAZONAS,RODRIGUEZ DE MENDOZA,2.0,15.0,0.1333333333333333,0.0,0.0,0.0001217656012176,0.0001217656012176,0.0,Subatendido
010101,CHACHAPOYAS,AMAZONAS,CHACHAPOYAS,36.0,48.0,0.75,29263.5,0.0,0.0164082070159678,0.0164082070159678,0.0,Acceso medio
060605,LA RAMADA,CAJAMARCA,CUTERVO,8.0,19.0,0.4210526315789473,7.25,0.0,0.0003884183754602,0.0003884183754602,0.0,Acceso medio
010508,LONYA CHICO,AMAZONAS,LUYA,3.0,13.0,0.2307692307692307,0.0,0.0,0.0002107481559536,0.0002107481559536,0.0,Acceso medio
220510,TABALOSOS,SAN MARTIN,LAMAS,4.0,75.0,0.0533333333333333,2338.5,0.0,0.0013051820474846,0.0013051820474846,0.0,Acceso medio
120215,SANTA ROSA DE OCOPA,JUNIN,CONCEPCION,2.0,11.0,0.1818181818181818,0.0,1.0,0.3334993773349937,0.3334993773349937,0.0,Mejor atendido
150139,SANTA ROSA,LIMA,LIMA,2.0,1.0,2.0,0.0,0.0,0.0018264840182648,0.0018264840182648,0.0,Acceso medio
120404,ATAURA,JUNIN,JAUJA,1.0,2.0,0.5,0.0,1.0,0.3337899543378995,0.3337899543378995,0.0,Mejor atendido
150703,CALLAHUANCA,LIMA,HUAROCHIRI,1.0,11.0,0.0909090909090909,0.0,0.0,8.302200083022e-05,8.302200083022e-05,0.0,Subatendido
120434,YAUYOS,JUNIN,JAUJA,2.0,8.0,0.25,0.0,1.0,0.3335616438356164,0.3335616438356164,0.0,Mejor atendido
120414,LLOCLLAPAMPA,JUNIN,JAUJA,2.0,20.0,0.1,0.0,0.9,0.3000913242009133,0.3334246575342465,0.0333333333333332,Mejor atendido
020306,SAN JUAN DE RONTOY,ANCASH,ANTONIO RAYMONDI,2.0,36.0,0.0555555555555555,0.0,0.0,5.073566717402333e-05,5.073566717402333e-05,0.0,Subatendido
021003,CAJAY,ANCASH,HUARI,2.0,80.0,0.025,0.0,0.0,2.2831050228310503e-05,2.2831050228310503e-05,0.0,Subatendido
020302,ACZO,ANCASH,ANTONIO RAYMONDI,3.0,42.0,0.0714285714285714,0.0,0.0,6.523157208088714e-05,6.523157208088714e-05,0.0,Subatendido
100507,MONZON,HUANUCO,HUAMALIES,10.0,116.0,0.0862068965517241,0.0,0.0,7.872775940796725e-05,7.872775940796725e-05,0.0,Subatendido
010112,MAGDALENA,AMAZONAS,CHACHAPOYAS,1.0,46.0,0.0217391304347826,0.0,0.0,1.985308715505261e-05,1.985308715505261e-05,0.0,Subatendido
010507,LONGUITA,AMAZONAS,LUYA,2.0,18.0,0.1111111111111111,0.0,0.0,0.000101471334348,0.000101471334348,0.0,Subatendido
220912,SAN ANTONIO,SAN MARTIN,SAN MARTIN,3.0,23.0,0.1304347826086956,136.66666666666666,0.0,0.0001925495087287,0.0001925495087287,0.0,Acceso medio
060405,CHIMBAN,CAJAMARCA,CHOTA,4.0,36.0,0.1111111111111111,0.0,0.0,0.000101471334348,0.000101471334348,0.0,Subatendido
060412,MIRACOSTA,CAJAMARCA,CHOTA,6.0,75.0,0.08,0.0,0.0,7.305936073059361e-05,7.305936073059361e-05,0.0,Subatendido
060610,SAN LUIS DE LUCMA,CAJAMARCA,CUTERVO,5.0,27.0,0.1851851851851851,0.0,0.0,0.00016911889058,0.00016911889058,0.0,Acceso medio
060614,SOCOTA,CAJAMARCA,CUTERVO,17.0,54.0,0.3148148148148148,0.0,0.0,0.0002875021139861,0.0002875021139861,0.0,Acceso medio
010506,INGUILPATA,AMAZONAS,LUYA,1.0,28.0,0.0357142857142857,0.0,0.0,3.261578604044357e-05,3.261578604044357e-05,0.0,Subatendido
010108,HUANCAS,AMAZONAS,CHACHAPOYAS,2.0,8.0,0.25,0.0,0.0,0.0002283105022831,0.0002283105022831,0.0,Acceso medio
220911,PAPAPLAYA,SAN MARTIN,SAN MARTIN,6.0,24.0,0.25,495.0,0.0,0.0004942739508457,0.0004942739508457,0.0,Acceso medio
010612,VISTA ALEGRE,AMAZONAS,RODRIGUEZ DE MENDOZA,2.0,17.0,0.1176470588235294,0.0,0.0,0.0001074402363685,0.0001074402363685,0.0,Subatendido
220506,PINTO RECODO,SAN MARTIN,LAMAS,8.0,48.0,0.1666666666666666,0.0,0.0,0.000152207001522,0.000152207001522,0.0,Acceso medio
140307,MOTUPE,LAMBAYEQUE,LAMBAYEQUE,7.0,90.0,0.0777777777777777,0.0,0.0,7.102993404363267e-05,7.102993404363267e-05,0.0,Subatendido
060613,SANTO TOMAS,CAJAMARCA,CUTERVO,12.0,54.0,0.2222222222222222,0.0,0.0,0.000202942668696,0.000202942668696,0.0,Acceso medio
010105,CHILIQUIN,AMAZONAS,CHACHAPOYAS,4.0,48.0,0.0833333333333333,0.0,0.0,7.6103500761035e-05,7.6103500761035e-05,0.0,Subatendido
010303,CHURUJA,AMAZONAS,BONGARA,1.0,17.0,0.0588235294117647,0.0,0.0,5.372011818426001e-05,5.372011818426001e-05,0.0,Subatendido
220801,RIOJA,SAN MARTIN,RIOJA,24.0,30.0,0.8,15213.2,0.0,0.0089046443864445,0.0089046443864445,0.0,Acceso medio
140202,CAÑARIS,LAMBAYEQUE,FERREÑAFE,10.0,136.0,0.0735294117647058,0.0,0.0,6.715014773032501e-05,6.715014773032501e-05,0.0,Subatendido
060606,PIMPINGOS,CAJAMARCA,CUTERVO,8.0,54.0,0.1481481481481481,0.0,0.0,0.000135295112464,0.000135295112464,0.0,Subatendido
220102,CALZADA,SAN MARTIN,MOYOBAMBA,2.0,8.0,0.25,6311.0,0.0,0.0036192101464831,0.0036192101464831,0.0,Acceso medio
220803,ELIAS SOPLIN VARGAS,SAN MARTIN,RIOJA,6.0,13.0,0.4615384615384615,3012.0,0.0,0.0020398435989189,0.0020398435989189,0.0,Acceso medio
220504,CAYNARACHI,SAN MARTIN,LAMAS,9.0,32.0,0.28125,623.5555555555555,0.0,0.0005918856502724,0.0005918856502724,0.0,Acceso medio
010706,LONYA GRANDE,AMAZONAS,UTCUBAMBA,11.0,90.0,0.1222222222222222,0.0,0.0,0.0001116184677828,0.0001116184677828,0.0,Subatendido
010309,SAN CARLOS,AMAZONAS,BONGARA,1.0,24.0,0.0416666666666666,0.0,0.0,3.80517503805175e-05,3.80517503805175e-05,0.0,Subatendido
160502,ALTO TAPICHE,LORETO,REQUENA,3.0,30.0,0.1,0.0,0.0,9.132420091324204e-05,9.132420091324204e-05,0.0,Subatendido
010102,ASUNCION,AMAZONAS,CHACHAPOYAS,1.0,10.0,0.1,0.0,0.0,9.132420091324204e-05,9.132420091324204e-05,0.0,Subatendido
010116,OLLEROS,AMAZONAS,CHACHAPOYAS,2.0,15.0,0.1333333333333333,0.0,0.0,0.0001217656012176,0.0001217656012176,0.0,Subatendido
220806,POSIC,SAN MARTIN,RIOJA,1.0,7.0,0.1428571428571428,4.0,0.0,0.0001326123437461,0.0001326123437461,0.0,Subatendido
010707,YAMON,AMAZONAS,UTCUBAMBA,6.0,45.0,0.1333333333333333,0.0,0.0,0.0001217656012176,0.0001217656012176,0.0,Subatendido
010401,NIEVA,AMAZONAS,CONDORCANQUI,30.0,184.0,0.1630434782608695,35387.0,0.0,0.0191623295764652,0.0191623295764652,0.0,Acceso medio
160703,MANSERICHE,LORETO,DATEM DEL MARAÑON,9.0,17.0,0.5294117647058824,0.0,0.0,0.0004834810636583,0.0004834810636583,0.0,Acceso medio
160403,YAVARI,LORETO,MARISCAL RAMON CASTILLA,5.0,82.0,0.0609756097560975,0.0,0.0,5.568548836173293e-05,5.568548836173293e-05,0.0,Subatendido
160302,PARINARI,LORETO,LORETO,4.0,53.0,0.0754716981132075,0.0,0.0,6.892392521754113e-05,6.892392521754113e-05,0.0,Subatendido
010517,SAN FRANCISCO DEL YESO,AMAZONAS,LUYA,1.0,45.0,0.0222222222222222,0.0,0.0,2.0294266869609337e-05,2.0294266869609337e-05,0.0,Subatendido
220101,MOYOBAMBA,SAN MARTIN,MOYOBAMBA,91.0,133.0,0.6842105263157895,15827.0,0.0,0.0091286952510784,0.0091286952510784,0.0,Acceso medio
160701,BARRANCA,LORETO,DATEM DEL MARAÑON,7.0,32.0,0.21875,0.0,0.0,0.0001997716894977,0.0001997716894977,0.0,Acceso medio
010703,CUMBA,AMAZONAS,UTCUBAMBA,10.0,66.0,0.1515151515151515,0.0,0.0,0.0001383700013837,0.0001383700013837,0.0,Subatendido
200804,CRISTO NOS VALGA,PIURA,SECHURA,2.0,14.0,0.1428571428571428,0.0,0.0,0.0001304631441617,0.0001304631441617,0.0,Subatendido
200806,RINCONADA LLICUAR,PIURA,SECHURA,1.0,13.0,0.0769230769230769,0.0,0.0,7.024938531787847e-05,7.024938531787847e-05,0.0,Subatendido
200304,HUARMACA,PIURA,HUANCABAMBA,21.0,422.0,0.0497630331753554,0.0,0.0,4.544569239758488e-05,4.544569239758488e-05,0.0,Subatendido
200803,BERNAL,PIURA,SECHURA,2.0,19.0,0.1052631578947368,35101.0,0.0,0.0189558943903251,0.0189558943903251,0.0,Acceso medio
200802,BELLAVISTA DE LA UNION,PIURA,SECHURA,2.0,10.0,0.2,0.0,0.0,0.0001826484018264,0.0001826484018264,0.0,Acceso medio
200108,EL TALLAN,PIURA,PIURA,2.0,19.0,0.1052631578947368,0.0,0.0,9.613073780341265e-05,9.613073780341265e-05,0.0,Subatendido
200805,VICE,PIURA,SECHURA,5.0,16.0,0.3125,0.0,0.0,0.0002853881278538,0.0002853881278538,0.0,Acceso medio
200306,SAN MIGUEL DE EL FAIQUE,PIURA,HUANCABAMBA,9.0,52.0,0.173076923076923,3341.0,0.0,0.0019531800697892,0.0019531800697892,0.0,Acceso medio
200107,CURA MORI,PIURA,PIURA,4.0,29.0,0.1379310344827586,0.0,0.0,0.0001259644150527,0.0001259644150527,0.0,Subatendido
200308,SONDORILLO,PIURA,HUANCABAMBA,6.0,54.0,0.1111111111111111,0.0,0.0,0.000101471334348,0.000101471334348,0.0,Subatendido
200406,SALITRAL,PIURA,MORROPON,5.0,27.0,0.1851851851851851,42.4,0.0,0.0001919004061741,0.0001919004061741,0.0,Acceso medio
200307,SONDOR,PIURA,HUANCABAMBA,5.0,49.0,0.1020408163265306,0.0,0.0,9.318796011555308e-05,9.318796011555308e-05,0.0,Subatendido
200110,LA UNION,PIURA,PIURA,10.0,31.0,0.3225806451612903,7710.5,0.0,0.0044374450452669,0.0044374450452669,0.0,Acceso medio
200109,LA ARENA,PIURA,PIURA,8.0,44.0,0.1818181818181818,0.0,0.0,0.0001660440016604,0.0001660440016604,0.0,Acceso medio
020112,TARICA,ANCASH,HUARAZ,4.0,45.0,0.0888888888888888,0.0,0.0,8.117706747843735e-05,8.117706747843735e-05,0.0,Subatendido
140112,PIMENTEL,LAMBAYEQUE,CHICLAYO,11.0,49.0,0.2244897959183673,245172.0,0.0,0.1319359036355,0.1319359036355,0.0,Acceso medio
220205,SAN PABLO,SAN MARTIN,BELLAVISTA,6.0,82.0,0.073170731707317,323.0,0.0,0.0002403704524699,0.0002403704524699,0.0,Acceso medio
160606,VARGAS GUERRA,LORETO,UCAYALI,1.0,31.0,0.032258064516129,141.0,0.0,0.0001052187049975,0.0001052187049975,0.0,Subatendido
140105,JOSE LEONARDO ORTIZ,LAMBAYEQUE,CHICLAYO,25.0,8.0,3.125,409.0,0.0,0.003073636936038,0.003073636936038,0.0,Acceso medio
020803,COMANDANTE NOEL,ANCASH,CASMA,2.0,23.0,0.0869565217391304,0.0,0.0,7.941234862021044e-05,7.941234862021044e-05,0.0,Subatendido
020607,PARIAHUANCA,ANCASH,CARHUAZ,1.0,22.0,0.0454545454545454,0.0,0.0,4.151100041511e-05,4.151100041511e-05,0.0,Subatendido
021007,HUACHIS,ANCASH,HUARI,2.0,78.0,0.0256410256410256,0.0,0.0,2.341646177262616e-05,2.341646177262616e-05,0.0,Subatendido
021012,RAHUAPAMPA,ANCASH,HUARI,2.0,13.0,0.1538461538461538,0.0,0.0,0.0001404987706357,0.0001404987706357,0.0,Subatendido
020604,ANTA,ANCASH,CARHUAZ,1.0,89.0,0.0112359550561797,0.0,0.0,1.0261146170027192e-05,1.0261146170027192e-05,0.0,Subatendido
020608,SAN MIGUEL DE ACO,ANCASH,CARHUAZ,1.0,31.0,0.032258064516129,0.0,0.0,2.9459419649432907e-05,2.9459419649432907e-05,0.0,Subatendido
021009,MASIN,ANCASH,HUARI,2.0,63.0,0.0317460317460317,0.0,0.0,2.8991809813727622e-05,2.8991809813727622e-05,0.0,Subatendido
021011,PONTO,ANCASH,HUARI,3.0,57.0,0.0526315789473684,0.0,0.0,4.806536890170632e-05,4.806536890170632e-05,0.0,Subatendido
100511,TANTAMAYO,HUANUCO,HUAMALIES,3.0,100.0,0.03,0.0,0.0,2.7397260273972603e-05,2.7397260273972603e-05,0.0,Subatendido
020602,ACOPAMPA,ANCASH,CARHUAZ,1.0,30.0,0.0333333333333333,0.0,0.0,3.0441400304414005e-05,3.0441400304414005e-05,0.0,Subatendido
100510,SINGA,HUANUCO,HUAMALIES,4.0,59.0,0.0677966101694915,0.0,0.0,6.19147124835539e-05,6.19147124835539e-05,0.0,Subatendido
020802,BUENA VISTA ALTA,ANCASH,CASMA,3.0,47.0,0.0638297872340425,0.0,0.0,5.829204313611192e-05,5.829204313611192e-05,0.0,Subatendido
021005,HUACACHI,ANCASH,HUARI,1.0,48.0,0.0208333333333333,0.0,0.0,1.902587519025875e-05,1.902587519025875e-05,0.0,Subatendido
020610,TINCO,ANCASH,CARHUAZ,1.0,29.0,0.0344827586206896,0.0,0.0,3.14911037631869e-05,3.14911037631869e-05,0.0,Subatendido
020606,MARCARA,ANCASH,CARHUAZ,5.0,100.0,0.05,48.6,0.0,7.177487540641033e-05,7.177487540641033e-05,0.0,Subatendido
020605,ATAQUERO,ANCASH,CARHUAZ,1.0,55.0,0.0181818181818181,0.0,0.0,1.6604400166044e-05,1.6604400166044e-05,0.0,Subatendido
100404,PINRA,HUANUCO,HUACAYBAMBA,3.0,62.0,0.0483870967741935,0.0,0.0,4.418912947414935e-05,4.418912947414935e-05,0.0,Subatendido
100401,HUACAYBAMBA,HUANUCO,HUACAYBAMBA,3.0,130.0,0.023076923076923,0.0,0.0,2.1074815595363542e-05,2.1074815595363542e-05,0.0,Subatendido
021208,SANTA CRUZ,ANCASH,HUAYLAS,3.0,77.0,0.0389610389610389,0.0,0.0,3.558085749866572e-05,3.558085749866572e-05,0.0,Subatendido
021301,PISCOBAMBA,ANCASH,MARISCAL LUZURIAGA,3.0,63.0,0.0476190476190476,2939.333333333333,0.0,0.0016227912092832,0.0016227912092832,0.0,Acceso medio
220401,SAPOSOA,SAN MARTIN,HUALLAGA,13.0,61.0,0.2131147540983606,1884.0,0.0,0.0012068983504349,0.0012068983504349,0.0,Acceso medio
190302,CHONTABAMBA,PASCO,OXAPAMPA,6.0,37.0,0.1621621621621621,22.83333333333333,0.0,0.0001603616464055,0.0001603616464055,0.0,Acceso medio
190301,OXAPAMPA,PASCO,OXAPAMPA,10.0,66.0,0.1515151515151515,6744.333333333333,0.0,0.0037620996005543,0.0037620996005543,0.0,Acceso medio
190307,VILLA RICA,PASCO,OXAPAMPA,18.0,132.0,0.1363636363636363,1812.4375,0.0151515151515151,0.0061488605321631,0.0061488605321631,0.0,Acceso medio
190102,HUACHON,PASCO,PASCO,4.0,98.0,0.0408163265306122,0.0,0.0,3.727518404622123e-05,3.727518404622123e-05,0.0,Subatendido
190110,TICLACAYAN,PASCO,PASCO,7.0,212.0,0.0330188679245283,7.714285714285714,0.0,3.429910219533922e-05,3.429910219533922e-05,0.0,Subatendido
100203,COLPAS,HUANUCO,AMBO,3.0,97.0,0.0309278350515463,0.0,0.0,2.8244598220590312e-05,2.8244598220590312e-05,0.0,Subatendido
250201,RAIMONDI,UCAYALI,ATALAYA,19.0,214.0,0.0887850467289719,193.3181818181818,0.3878504672897196,0.1294684411700313,0.3101537994254831,0.1806853582554517,Acceso medio
100202,CAYNA,HUANUCO,AMBO,3.0,137.0,0.0218978102189781,0.0,0.0,1.9998000199980004e-05,1.9998000199980004e-05,0.0,Subatendido
100205,HUACAR,HUANUCO,AMBO,4.0,203.0,0.0197044334975369,0.0,0.0,1.79949164361068e-05,1.79949164361068e-05,0.0,Subatendido
100204,CONCHAMARCA,HUANUCO,AMBO,2.0,84.0,0.0238095238095238,0.0,0.0,2.174385736029572e-05,2.174385736029572e-05,0.0,Subatendido
100105,MARGOS,HUANUCO,HUANUCO,4.0,159.0,0.0251572327044025,24.5,0.0,3.613848919329229e-05,3.613848919329229e-05,0.0,Subatendido
100108,SAN PEDRO DE CHAULAN,HUANUCO,HUANUCO,3.0,198.0,0.0151515151515151,0.0,0.0,1.3837000138370004e-05,1.3837000138370004e-05,0.0,Subatendido
100111,PILLCO MARCA,HUANUCO,HUANUCO,5.0,30.0,0.1666666666666666,0.0,0.0,0.000152207001522,0.000152207001522,0.0,Acceso medio
160706,ANDOAS,LORETO,DATEM DEL MARAÑON,8.0,44.0,0.1818181818181818,0.0,0.0,0.0001660440016604,0.0001660440016604,0.0,Acceso medio
160102,ALTO NANAY,LORETO,MAYNAS,4.0,59.0,0.0677966101694915,0.0,0.0,6.19147124835539e-05,6.19147124835539e-05,0.0,Subatendido
160106,MAZAN,LORETO,MAYNAS,7.0,82.0,0.0853658536585365,0.0,0.0,7.795968370642611e-05,7.795968370642611e-05,0.0,Subatendido
160304,TROMPETEROS,LORETO,LORETO,19.0,65.0,0.2923076923076923,0.0,0.0,0.0002669476642079,0.0002669476642079,0.0,Acceso medio
160303,TIGRE,LORETO,LORETO,9.0,87.0,0.1034482758620689,0.0,0.0,9.447331128956069e-05,9.447331128956069e-05,0.0,Subatendido
160107,NAPO,LORETO,MAYNAS,9.0,106.0,0.0849056603773584,16196.0,0.0,0.0087796485328818,0.0087796485328818,0.0,Acceso medio
160801,PUTUMAYO,LORETO,PUTUMAYO,17.0,17.0,1.0,0.0,0.0,0.0009132420091324,0.0009132420091324,0.0,Acceso medio
160110,TORRES CAUSANA,LORETO,MAYNAS,5.0,35.0,0.1428571428571428,0.0,0.0,0.0001304631441617,0.0001304631441617,0.0,Subatendido
160803,TENIENTE MANUEL CLAVERO,LORETO,PUTUMAYO,6.0,26.0,0.2307692307692307,0.0,0.0,0.0002107481559536,0.0002107481559536,0.0,Acceso medio
010104,CHETO,AMAZONAS,CHACHAPOYAS,1.0,21.0,0.0476190476190476,0.0,0.0,4.348771472059143e-05,4.348771472059143e-05,0.0,Subatendido
010510,LUYA VIEJO,AMAZONAS,LUYA,1.0,5.0,0.2,0.0,0.0,0.0001826484018264,0.0001826484018264,0.0,Acceso medio
010505,CONILA,AMAZONAS,LUYA,3.0,22.0,0.1363636363636363,0.0,0.0,0.0001245330012453,0.0001245330012453,0.0,Subatendido
120601,SATIPO,JUNIN,SATIPO,20.0,159.0,0.1257861635220125,7850.2307692307695,0.8742138364779874,0.2957374135445854,0.3376661347185896,0.0419287211740042,Mejor atendido
090501,CHURCAMPA,HUANCAVELICA,CHURCAMPA,3.0,96.0,0.03125,4264.0,0.84375,0.2835695855696969,0.3356529189030302,0.0520833333333332,Mejor atendido
090506,LOCROJA,HUANCAVELICA,CHURCAMPA,4.0,44.0,0.0909090909090909,1191.8,1.0,0.334056709350319,0.334056709350319,0.0,Mejor atendido
090502,ANCO,HUANCAVELICA,CHURCAMPA,4.0,140.0,0.0285714285714285,2139.25,0.9714285714285714,0.3249850352410585,0.3345088447648681,0.0095238095238095,Mejor atendido
090509,SAN PEDRO DE CORIS,HUANCAVELICA,CHURCAMPA,5.0,48.0,0.1041666666666666,2380.6666666666665,0.4791666666666667,0.1610964835507894,0.3347075946619005,0.173611111111111,Acceso medio
150704,CARAMPOMA,LIMA,HUAROCHIRI,1.0,59.0,0.0169491525423728,0.0,0.0,1.5478678120888476e-05,1.5478678120888476e-05,0.0,Subatendido
150407,SANTA ROSA DE QUIVES,LIMA,CANTA,3.0,78.0,0.0384615384615384,0.0,0.0,3.512469265893924e-05,3.512469265893924e-05,0.0,Subatendido
120205,COCHAS,JUNIN,CONCEPCION,4.0,28.0,0.1428571428571428,0.0,0.8928571428571429,0.2977495107632094,0.3334637964774951,0.0357142857142857,Mejor atendido
120203,ANDAMARCA,JUNIN,CONCEPCION,4.0,69.0,0.0579710144927536,0.0,0.782608695652174,0.2609225067831381,0.3333862748990801,0.072463768115942,Mejor atendido
120209,MARISCAL CASTILLA,JUNIN,CONCEPCION,1.0,33.0,0.0303030303030303,0.0,0.7878787878787878,0.2626539366265393,0.3333610073336101,0.0707070707070707,Mejor atendido
120426,POMACANCHA,JUNIN,JAUJA,3.0,45.0,0.0666666666666666,0.0,0.4888888888888889,0.1630238457635718,0.3333942161339422,0.1703703703703704,Acceso medio
150405,LACHAQUI,LIMA,CANTA,2.0,58.0,0.0344827586206896,0.0,0.0,3.14911037631869e-05,3.14911037631869e-05,0.0,Subatendido
120808,SANTA ROSA DE SACCO,JUNIN,YAULI,4.0,33.0,0.1212121212121212,10833.333333333334,0.9393939393939394,0.3190627580066872,0.3392647782087075,0.0202020202020202,Mejor atendido
150106,CARABAYLLO,LIMA,LIMA,65.0,90.0,0.7222222222222222,2425.0,0.0,0.0019625159212713,0.0019625159212713,0.0,Acceso medio
150904,COCHAMARCA,LIMA,OYON,3.0,35.0,0.0857142857142857,0.0,0.0,7.827788649706458e-05,7.827788649706458e-05,0.0,Subatendido
150906,PACHANGARA,LIMA,OYON,3.0,45.0,0.0666666666666666,0.0,0.0,6.088280060882801e-05,6.088280060882801e-05,0.0,Subatendido
150905,NAVAN,LIMA,OYON,1.0,25.0,0.04,0.0,0.0,3.6529680365296805e-05,3.6529680365296805e-05,0.0,Subatendido
190104,HUAYLLAY,PASCO,PASCO,11.0,395.0,0.0278481012658227,706.75,0.0,0.0004051687575094,0.0004051687575094,0.0,Acceso medio
190111,TINYAHUARCO,PASCO,PASCO,6.0,39.0,0.1538461538461538,4.6,0.0,0.0001429703501577,0.0001429703501577,0.0,Subatendido
250202,SEPAHUA,UCAYALI,ATALAYA,4.0,49.0,0.0816326530612244,2.4,0.2653061224489796,0.0885112140375029,0.217762914717775,0.129251700680272,Acceso medio
120304,SAN LUIS DE SHUARO,JUNIN,CHANCHAMAYO,4.0,58.0,0.0689655172413793,2.5,0.8620689655172413,0.287420647296347,0.3276505323538183,0.0402298850574712,Mejor atendido
170104,LABERINTO,MADRE DE DIOS,TAMBOPATA,8.0,34.0,0.2352941176470588,0.0,0.2941176470588235,0.0982540961590115,0.3139403706688154,0.2156862745098039,Acceso medio
120504,ULCUMAYO,JUNIN,JUNIN,15.0,175.0,0.0857142857142857,0.0,0.8228571428571428,0.2743639921722113,0.3334116112198304,0.059047619047619,Mejor atendido
150903,CAUJUL,LIMA,OYON,1.0,32.0,0.03125,0.0,0.0,2.8538812785388127e-05,2.8538812785388127e-05,0.0,Subatendido
190101,CHAUPIMARCA,PASCO,PASCO,7.0,11.0,0.6363636363636364,98.25,0.0,0.000633943720602,0.000633943720602,0.0,Acceso medio
150902,ANDAJES,LIMA,OYON,1.0,27.0,0.037037037037037,0.0,0.0,3.382377811601556e-05,3.382377811601556e-05,0.0,Subatendido
120303,PICHANAQUI,JUNIN,CHANCHAMAYO,34.0,180.0,0.1888888888888888,3158.35,0.8111111111111111,0.2722398527655659,0.3352028157285289,0.062962962962963,Mejor atendido
190105,NINACACA,PASCO,PASCO,5.0,141.0,0.0354609929078014,1.2,0.0,3.302922828425451e-05,3.302922828425451e-05,0.0,Subatendido
120302,PERENE,JUNIN,CHANCHAMAYO,28.0,242.0,0.1157024793388429,448.90625,0.8966942148760331,0.2992449332715148,0.3336801949795038,0.0344352617079889,Mejor atendido
150812,VEGUETA,LIMA,HUAURA,8.0,117.0,0.0683760683760683,0.0,0.0,6.244389806033642e-05,6.244389806033642e-05,0.0,Subatendido
150809,SANTA LEONOR,LIMA,HUAURA,3.0,158.0,0.0189873417721519,0.0,0.0,1.7340038148083925e-05,1.7340038148083925e-05,0.0,Subatendido
150804,CHECRAS,LIMA,HUAURA,1.0,28.0,0.0357142857142857,0.0,0.0,3.261578604044357e-05,3.261578604044357e-05,0.0,Subatendido
120502,CARHUAMAYO,JUNIN,JUNIN,1.0,90.0,0.0111111111111111,0.0,0.5333333333333333,0.1777879249112125,0.3333434804667681,0.1555555555555555,Mejor atendido
190112,VICCO,PASCO,PASCO,3.0,74.0,0.0405405405405405,0.0,0.0,3.702332469455757e-05,3.702332469455757e-05,0.0,Subatendido
120301,CHANCHAMAYO,JUNIN,CHANCHAMAYO,39.0,81.0,0.4814814814814814,26268.571428571428,0.6419753086419753,0.2285455793617376,0.3478871431477459,0.1193415637860082,Mejor atendido
021506,LACABAMBA,ANCASH,PALLASCA,1.0,28.0,0.0357142857142857,0.0,0.0,3.261578604044357e-05,3.261578604044357e-05,0.0,Subatendido
130812,TAURIJA,LA LIBERTAD,PATAZ,1.0,50.0,0.02,0.0,0.0,1.82648401826484e-05,1.82648401826484e-05,0.0,Subatendido
130801,TAYABAMBA,LA LIBERTAD,PATAZ,4.0,150.0,0.0266666666666666,4240.0,0.0,0.002302504679649,0.002302504679649,0.0,Acceso medio
130109,SALAVERRY,LA LIBERTAD,TRUJILLO,3.0,8.0,0.375,1269.0,0.0,0.001024299321558,0.001024299321558,0.0,Acceso medio
150901,OYON,LIMA,OYON,11.0,297.0,0.037037037037037,0.0,0.0,3.382377811601556e-05,3.382377811601556e-05,0.0,Subatendido
190201,YANAHUANCA,PASCO,DANIEL ALCIDES CARRION,26.0,567.0,0.0458553791887125,271.7407407407408,0.0,0.0001878833303822,0.0001878833303822,0.0,Acceso medio
101007,SAN MIGUEL DE CAURI,HUANUCO,LAURICOCHA,3.0,821.0,0.0036540803897685,0.0,0.0,3.33705971668363e-06,3.33705971668363e-06,0.0,Subatendido
150205,SUPE PUERTO,LIMA,BARRANCA,4.0,10.0,0.4,0.0,0.0,0.0003652968036529,0.0003652968036529,0.0,Acceso medio
150204,SUPE,LIMA,BARRANCA,9.0,65.0,0.1384615384615384,45737.0,0.0,0.0247009342408667,0.0247009342408667,0.0,Acceso medio
150201,BARRANCA,LIMA,BARRANCA,40.0,65.0,0.6153846153846154,76338.5,0.0,0.0415786631999194,0.0415786631999194,0.0,Acceso medio
150802,AMBAR,LIMA,HUAURA,2.0,186.0,0.010752688172043,0.0,0.0,9.81980654981097e-06,9.81980654981097e-06,0.0,Subatendido
021409,SAN PEDRO,ANCASH,OCROS,1.0,40.0,0.025,0.0,0.0,2.2831050228310503e-05,2.2831050228310503e-05,0.0,Subatendido
021405,COCHAS,ANCASH,OCROS,1.0,33.0,0.0303030303030303,0.0,0.0,2.7674000276740005e-05,2.7674000276740005e-05,0.0,Subatendido
150203,PATIVILCA,LIMA,BARRANCA,8.0,57.0,0.1403508771929824,0.0,0.0,0.0001281743170712,0.0001281743170712,0.0,Subatendido
020507,COLQUIOC,ANCASH,BOLOGNESI,1.0,20.0,0.05,23.0,0.0,5.8019998066603615e-05,5.8019998066603615e-05,0.0,Subatendido
150202,PARAMONGA,LIMA,BARRANCA,12.0,65.0,0.1846153846153846,8221.0,0.0,0.0045857409704875,0.0045857409704875,0.0,Acceso medio
021101,HUARMEY,ANCASH,HUARMEY,8.0,38.0,0.2105263157894736,17344.4,0.0,0.0095114057932843,0.0095114057932843,0.0,Acceso medio
160206,LAGUNAS,LORETO,ALTO AMAZONAS,11.0,65.0,0.1692307692307692,4334.428571428572,0.0,0.0024834366687209,0.0024834366687209,0.0,Acceso medio
160305,URARINAS,LORETO,LORETO,10.0,117.0,0.0854700854700854,0.0,0.0,7.805487257542052e-05,7.805487257542052e-05,0.0,Subatendido
160205,JEBEROS,LORETO,ALTO AMAZONAS,4.0,33.0,0.1212121212121212,0.0,0.0,0.0001106960011069,0.0001106960011069,0.0,Subatendido
160702,CAHUAPANAS,LORETO,DATEM DEL MARAÑON,7.0,15.0,0.4666666666666667,0.0,0.0,0.0004261796042617,0.0004261796042617,0.0,Acceso medio
160202,BALSAPUERTO,LORETO,ALTO AMAZONAS,18.0,99.0,0.1818181818181818,2133.0,0.0,0.0013121046800123,0.0013121046800123,0.0,Acceso medio
120608,RIO TAMBO,JUNIN,SATIPO,24.0,206.0,0.116504854368932,0.0,0.5485436893203883,0.182954293567407,0.3140222547324555,0.1310679611650485,Mejor atendido
080909,VILCABAMBA,CUSCO,LA CONVENCION,11.0,273.0,0.0402930402930402,0.0,0.5347985347985348,0.1783029755632495,0.3333701306304046,0.1550671550671551,Mejor atendido
190109,SIMON BOLIVAR,PASCO,PASCO,9.0,283.0,0.0318021201413427,11600.8,0.0,0.0062621516666093,0.0062621516666093,0.0,Acceso medio
150303,GORGOR,LIMA,CAJATAMBO,1.0,230.0,0.0043478260869565,0.0,0.0,3.970617431010523e-06,3.970617431010523e-06,0.0,Subatendido
150305,MANAS,LIMA,CAJATAMBO,2.0,101.0,0.0198019801980198,0.0,0.0,1.808400018084e-05,1.808400018084e-05,0.0,Subatendido
190107,PAUCARTAMBO,PASCO,PASCO,10.0,194.0,0.0515463917525773,494.7,0.0,0.0003128765889614,0.0003128765889614,0.0,Acceso medio
130608,MACHE,LA LIBERTAD,OTUZCO,3.0,36.0,0.0833333333333333,0.0,0.0,7.6103500761035e-05,7.6103500761035e-05,0.0,Subatendido
130501,JULCAN,LA LIBERTAD,JULCAN,7.0,81.0,0.0864197530864197,945.5714285714286,0.0,0.0005869775792508,0.0005869775792508,0.0,Acceso medio
130106,LAREDO,LA LIBERTAD,TRUJILLO,4.0,57.0,0.0701754385964912,12158.0,0.0,0.0065965792951516,0.0065965792951516,0.0,Acceso medio
130611,SALPO,LA LIBERTAD,OTUZCO,4.0,67.0,0.0597014925373134,0.0,0.0,5.45219109929803e-05,5.45219109929803e-05,0.0,Subatendido
131008,SITABAMBA,LA LIBERTAD,SANTIAGO DE CHUCO,4.0,71.0,0.056338028169014,0.0,0.0,5.145025403562931e-05,5.145025403562931e-05,0.0,Subatendido
130806,HUAYO,LA LIBERTAD,PATAZ,3.0,66.0,0.0454545454545454,0.0,0.0,4.151100041511e-05,4.151100041511e-05,0.0,Subatendido
021902,ACOBAMBA,ANCASH,SIHUAS,1.0,26.0,0.0384615384615384,20308.0,0.0,0.0109466109823774,0.0109466109823774,0.0,Acceso medio
021508,PALLASCA,ANCASH,PALLASCA,2.0,102.0,0.0196078431372549,111.5,0.0,7.781564447503131e-05,7.781564447503131e-05,0.0,Subatendido
020907,YUPAN,ANCASH,CORONGO,1.0,10.0,0.1,0.0,0.0,9.132420091324204e-05,9.132420091324204e-05,0.0,Subatendido
021910,SICSIBAMBA,ANCASH,SIHUAS,2.0,42.0,0.0476190476190476,0.0,0.0,4.348771472059143e-05,4.348771472059143e-05,0.0,Subatendido
100903,HONORIA,HUANUCO,PUERTO INCA,6.0,46.0,0.1304347826086956,0.0,0.0,0.0001191185229303,0.0001191185229303,0.0,Subatendido
021904,CASHAPAMPA,ANCASH,SIHUAS,2.0,70.0,0.0285714285714285,0.0,0.0,2.609262883235486e-05,2.609262883235486e-05,0.0,Subatendido
130804,HUANCASPATA,LA LIBERTAD,PATAZ,3.0,106.0,0.0283018867924528,0.0,0.0,2.5846471956577927e-05,2.5846471956577927e-05,0.0,Subatendido
250104,MASISEA,UCAYALI,CORONEL PORTILLO,22.0,129.0,0.1705426356589147,3.095238095238096,0.5116279069767442,0.1707000454292535,0.263723301243207,0.0930232558139534,Mejor atendido
131202,CHAO,LA LIBERTAD,VIRU,11.0,65.0,0.1692307692307692,1614.0,0.0,0.0010217506799824,0.0010217506799824,0.0,Acceso medio
021907,QUICHES,ANCASH,SIHUAS,2.0,30.0,0.0666666666666666,36965.0,0.0,0.0199221734594352,0.0199221734594352,0.0,Acceso medio
021905,CHINGALPO,ANCASH,SIHUAS,2.0,17.0,0.1176470588235294,20289.0,0.0,0.0110087178280614,0.0110087178280614,0.0,Acceso medio
221002,NUEVO PROGRESO,SAN MARTIN,TOCACHE,6.0,67.0,0.0895522388059701,0.0,0.0,8.178286648947046e-05,8.178286648947046e-05,0.0,Subatendido
021502,BOLOGNESI,ANCASH,PALLASCA,2.0,31.0,0.064516129032258,0.0,0.0,5.891883929886581e-05,5.891883929886581e-05,0.0,Subatendido
021504,HUACASCHUQUE,ANCASH,PALLASCA,1.0,16.0,0.0625,0.0,0.0,5.7077625570776254e-05,5.7077625570776254e-05,0.0,Subatendido
021505,HUANDOVAL,ANCASH,PALLASCA,1.0,57.0,0.0175438596491228,0.0,0.0,1.6021789633902107e-05,1.6021789633902107e-05,0.0,Subatendido
130813,URPAY,LA LIBERTAD,PATAZ,2.0,40.0,0.05,0.0,0.0,4.566210045662101e-05,4.566210045662101e-05,0.0,Subatendido
221004,SHUNTE,SAN MARTIN,TOCACHE,1.0,24.0,0.0416666666666666,0.0,0.0,3.80517503805175e-05,3.80517503805175e-05,0.0,Subatendido
131007,SANTA CRUZ DE CHUCA,LA LIBERTAD,SANTIAGO DE CHUCO,3.0,35.0,0.0857142857142857,0.0,0.0,7.827788649706458e-05,7.827788649706458e-05,0.0,Subatendido
040809,TAURIA,AREQUIPA,LA UNION,1.0,26.0,0.0384615384615384,0.0,0.0,3.512469265893924e-05,0.2692658939234282,0.2692307692307693,Subatendido
040310,JAQUI,AREQUIPA,CARAVELI,1.0,41.0,0.024390243902439,28.0,0.3170731707317073,0.1057283755030042,0.3333706519257684,0.2276422764227642,Acceso medio
040808,SAYLA,AREQUIPA,LA UNION,1.0,24.0,0.0416666666666666,0.0,0.0,3.80517503805175e-05,0.3333713850837138,0.3333333333333333,Subatendido
210103,AMANTANI,PUNO,PUNO,2.0,0.0,,0.0,0.0,0.0,0.0,0.0,Subatendido
120431,SINCOS,JUNIN,JAUJA,5.0,44.0,0.1136363636363636,0.0,0.9545454545454546,0.3182855956828559,0.333437110834371,0.015151515151515,Mejor atendido
120114,EL TAMBO,JUNIN,HUANCAYO,100.0,27.0,3.703703703703704,23564.296296296296,0.9629629629629628,0.3370311260839336,0.3493768050962793,0.0123456790123457,Mejor atendido
150717,SAN BARTOLOME,LIMA,HUAROCHIRI,2.0,51.0,0.0392156862745098,0.0,0.0,3.581341212284e-05,3.581341212284e-05,0.0,Subatendido
120210,MATAHUASI,JUNIN,CONCEPCION,3.0,17.0,0.1764705882352941,0.0,1.0,0.3334944936878861,0.3334944936878861,0.0,Mejor atendido
190108,SAN FRANCISCO DE ASIS DE YARUSYACAN,PASCO,PASCO,12.0,118.0,0.1016949152542373,0.0,0.0,9.287206872533086e-05,9.287206872533086e-05,0.0,Subatendido
100501,LLATA,HUANUCO,HUAMALIES,7.0,211.0,0.0331753554502369,1626.8333333333333,0.0,0.0009043945092146,0.0009043945092146,0.0,Acceso medio
040807,QUECHUALLA,AREQUIPA,LA UNION,1.0,45.0,0.0222222222222222,0.0,0.0,2.0294266869609337e-05,0.1555758498224251,0.1555555555555555,Subatendido
040811,TORO,AREQUIPA,LA UNION,2.0,76.0,0.0263157894736842,0.0,0.0263157894736842,0.0087959625090122,0.0877433309300648,0.0789473684210526,Acceso medio
210901,MOHO,PUNO,MOHO,10.0,269.0,0.037174721189591,0.0,0.8215613382899628,0.2738877289470557,0.3333672828504014,0.0594795539033457,Mejor atendido
210205,CAMINACA,PUNO,AZANGARO,2.0,40.0,0.05,0.0,0.925,0.3083789954337899,0.3333789954337899,0.025,Mejor atendido
040607,SALAMANCA,AREQUIPA,CONDESUYOS,2.0,74.0,0.027027027027027,0.0,0.0,2.468221646303838e-05,2.468221646303838e-05,0.0,Subatendido
210706,PALCA,PUNO,LAMPA,1.0,65.0,0.0153846153846153,0.0,0.2923076923076923,0.097449947312961,0.3333473832103968,0.2358974358974358,Acceso medio
210210,SAMAN,PUNO,AZANGARO,7.0,63.0,0.1111111111111111,0.0,1.0,0.3334348046676814,0.3334348046676814,0.0,Mejor atendido
040801,COTAHUASI,AREQUIPA,LA UNION,2.0,37.0,0.054054054054054,3927.0,0.7027027027027027,0.2363935753590908,0.3354926744581899,0.0990990990990991,Mejor atendido
040515,SIBAYO,AREQUIPA,CAYLLOMA,1.0,131.0,0.0076335877862595,0.0,0.2671755725190839,0.0890654954860748,0.3028059535013419,0.2137404580152671,Acceso medio
210701,LAMPA,PUNO,LAMPA,8.0,111.0,0.072072072072072,7313.0,0.5675675675675675,0.193184282573169,0.3373284267173131,0.1441441441441441,Mejor atendido
210704,NICASIO,PUNO,LAMPA,2.0,29.0,0.0689655172413793,0.0,0.7931034482758621,0.2644307982994804,0.3333963155408597,0.0689655172413792,Mejor atendido
210903,HUAYRAPATA,PUNO,MOHO,2.0,62.0,0.032258064516129,0.0,0.3548387096774194,0.1183090293121225,0.3333627927529827,0.2150537634408602,Acceso medio
210202,ACHAYA,PUNO,AZANGARO,1.0,54.0,0.0185185185185185,0.0,0.6111111111111112,0.2037206155927617,0.3333502452223913,0.1296296296296295,Mejor atendido
040311,LOMAS,AREQUIPA,CARAVELI,1.0,7.0,0.1428571428571428,7.0,0.1428571428571428,0.0477532718624819,0.1906104147196248,0.1428571428571428,Acceso medio
040810,TOMEPAMPA,AREQUIPA,LA UNION,1.0,16.0,0.0625,0.0,0.875,0.2917237442922374,0.3333904109589041,0.0416666666666666,Mejor atendido
040406,CHOCO,AREQUIPA,CASTILLA,1.0,119.0,0.0084033613445378,0.0,0.0672268907563025,0.0224166378880319,0.1456659376079198,0.1232492997198879,Acceso medio
040803,CHARCANA,AREQUIPA,LA UNION,2.0,43.0,0.0465116279069767,0.0,0.0,4.2476372517786974e-05,0.2248486779229054,0.2248062015503876,Subatendido
210606,ROSASPATA,PUNO,HUANCANE,5.0,162.0,0.0308641975308641,0.0,0.8395061728395061,0.2798635774282654,0.3333615198150967,0.0534979423868313,Mejor atendido
080802,CONDOROMA,CUSCO,ESPINAR,1.0,214.0,0.0046728971962616,0.0,0.1495327102803738,0.0498485042461485,0.3037425852430334,0.2538940809968848,Acceso medio
210710,VILAVILA,PUNO,LAMPA,2.0,45.0,0.0444444444444444,0.0,0.7111111111111111,0.2370776255707762,0.3333739218670725,0.0962962962962962,Mejor atendido
040802,ALCA,AREQUIPA,LA UNION,1.0,19.0,0.0526315789473684,0.0,0.6842105263157895,0.2281182408074982,0.333381398702235,0.1052631578947367,Mejor atendido
210601,HUANCANE,PUNO,HUANCANE,13.0,211.0,0.0616113744075829,4759.5,0.957345971563981,0.321728868805432,0.335946878284105,0.014218009478673,Mejor atendido
210608,VILQUE CHICO,PUNO,HUANCANE,9.0,307.0,0.0293159609120521,3972.444444444444,0.8599348534201955,0.2888061176943163,0.3354944998875844,0.046688382193268,Mejor atendido
210206,CHUPA,PUNO,AZANGARO,4.0,89.0,0.0449438202247191,0.0,0.9438202247191012,0.3146477861577137,0.3333743779180134,0.0187265917602996,Mejor atendido
210705,OCUVIRI,PUNO,LAMPA,3.0,623.0,0.0048154093097913,0.0,0.3178170144462279,0.1059434024494822,0.3328026854885405,0.2268592830390582,Acceso medio
220106,YANTALO,SAN MARTIN,MOYOBAMBA,2.0,8.0,0.25,3544.0,0.0,0.0021325013340125,0.0021325013340125,0.0,Acceso medio
060808,PUCARA,CAJAMARCA,JAEN,2.0,53.0,0.0377358490566037,7568.0,0.0,0.0041007475761891,0.0041007475761891,0.0,Acceso medio
140310,SALAS,LAMBAYEQUE,LAMBAYEQUE,10.0,148.0,0.0675675675675675,0.0,0.0,6.170554115759595e-05,6.170554115759595e-05,0.0,Subatendido
160511,YAQUERANA,LORETO,REQUENA,2.0,22.0,0.0909090909090909,0.0,0.0,8.302200083022e-05,8.302200083022e-05,0.0,Subatendido
160501,REQUENA,LORETO,REQUENA,6.0,62.0,0.0967741935483871,0.0,0.0,8.83782589482987e-05,8.83782589482987e-05,0.0,Subatendido
160507,SAQUENA,LORETO,REQUENA,4.0,22.0,0.1818181818181818,0.0,0.0,0.0001660440016604,0.0001660440016604,0.0,Acceso medio
150723,SAN MATEO DE OTAO,LIMA,HUAROCHIRI,4.0,36.0,0.1111111111111111,0.0,0.0,0.000101471334348,0.000101471334348,0.0,Subatendido
150728,SANTA EULALIA,LIMA,HUAROCHIRI,3.0,27.0,0.1111111111111111,0.0,0.0,0.000101471334348,0.000101471334348,0.0,Subatendido
120401,JAUJA,JUNIN,JAUJA,8.0,3.0,2.6666666666666665,23490.0,1.0,0.3483898199167513,0.3483898199167513,0.0,Mejor atendido
020702,SAN NICOLAS,ANCASH,CARLOS FERMIN FITZCARRALD,3.0,65.0,0.0461538461538461,2841.6666666666665,0.0,0.0015689768359023,0.0015689768359023,0.0,Acceso medio
021305,LLAMA,ANCASH,MARISCAL LUZURIAGA,1.0,37.0,0.027027027027027,299.0,0.0,0.0001853348853928,0.0001853348853928,0.0,Acceso medio
021602,HUAYLLAN,ANCASH,POMABAMBA,3.0,49.0,0.0612244897959183,0.0,0.0,5.591277606933184e-05,5.591277606933184e-05,0.0,Subatendido
021303,ELEAZAR GUZMAN BARRON,ANCASH,MARISCAL LUZURIAGA,2.0,12.0,0.1666666666666666,69.5,0.0,0.0001895493443,0.0001895493443,0.0,Acceso medio
021802,CACERES DEL PERU,ANCASH,SANTA,3.0,182.0,0.0164835164835164,0.0,0.0,1.5053439710973956e-05,1.5053439710973956e-05,0.0,Subatendido
021204,HUAYLAS,ANCASH,HUAYLAS,1.0,22.0,0.0454545454545454,0.0,0.0,4.151100041511e-05,4.151100041511e-05,0.0,Subatendido
021308,MUSGA,ANCASH,MARISCAL LUZURIAGA,1.0,38.0,0.0263157894736842,283.0,0.0,0.0001760885550432,0.0001760885550432,0.0,Acceso medio
101101,CHAVINILLO,HUANUCO,YAROWILCA,5.0,125.0,0.04,0.0,0.0,3.6529680365296805e-05,3.6529680365296805e-05,0.0,Subatendido
100109,SANTA MARIA DEL VALLE,HUANUCO,HUANUCO,11.0,219.0,0.0502283105022831,0.0,0.0,4.587060319843206e-05,4.587060319843206e-05,0.0,Subatendido
250203,TAHUANIA,UCAYALI,ATALAYA,6.0,94.0,0.0638297872340425,5.375,0.2446808510638297,0.0816214637180208,0.2802030240017087,0.1985815602836879,Acceso medio
100104,CHURUBAMBA,HUANUCO,HUANUCO,7.0,166.0,0.0421686746987951,0.0,0.0,3.851020520437916e-05,3.851020520437916e-05,0.0,Subatendido
100311,MARIAS,HUANUCO,DOS DE MAYO,5.0,182.0,0.0274725274725274,27.33333333333333,0.0,3.977526334464606e-05,3.977526334464606e-05,0.0,Subatendido
100112,YACUS,HUANUCO,HUANUCO,4.0,28.0,0.1428571428571428,1.0,0.0,0.0001310004440578,0.0001310004440578,0.0,Subatendido
061112,TONGOD,CAJAMARCA,SAN MIGUEL,3.0,23.0,0.1304347826086956,0.0,0.0,0.0001191185229303,0.0001191185229303,0.0,Subatendido
021707,PAMPAS CHICO,ANCASH,RECUAY,2.0,28.0,0.0714285714285714,0.0,0.0,6.523157208088714e-05,6.523157208088714e-05,0.0,Subatendido
021708,PARARIN,ANCASH,RECUAY,1.0,27.0,0.037037037037037,0.0,0.0,3.382377811601556e-05,3.382377811601556e-05,0.0,Subatendido
101003,JIVIA,HUANUCO,LAURICOCHA,1.0,112.0,0.0089285714285714,50.0,0.0,3.50189413144209e-05,3.50189413144209e-05,0.0,Subatendido
020509,HUASTA,ANCASH,BOLOGNESI,2.0,100.0,0.02,0.0,0.0,1.82648401826484e-05,1.82648401826484e-05,0.0,Subatendido
021706,MARCA,ANCASH,RECUAY,1.0,38.0,0.0263157894736842,0.0,0.0,2.403268445085316e-05,2.403268445085316e-05,0.0,Subatendido
010516,SAN CRISTOBAL,AMAZONAS,LUYA,1.0,4.0,0.25,0.0,0.0,0.0002283105022831,0.0002283105022831,0.0,Acceso medio
010107,GRANADA,AMAZONAS,CHACHAPOYAS,1.0,13.0,0.0769230769230769,0.0,0.0,7.024938531787847e-05,7.024938531787847e-05,0.0,Subatendido
010117,QUINJALCA,AMAZONAS,CHACHAPOYAS,2.0,36.0,0.0555555555555555,0.0,0.0,5.073566717402333e-05,5.073566717402333e-05,0.0,Subatendido
010311,VALERA,AMAZONAS,BONGARA,4.0,29.0,0.1379310344827586,0.0,0.0,0.0001259644150527,0.0001259644150527,0.0,Subatendido
060611,SANTA CRUZ,CAJAMARCA,CUTERVO,7.0,63.0,0.1111111111111111,0.0,0.0,0.000101471334348,0.000101471334348,0.0,Subatendido
060602,CALLAYUC,CAJAMARCA,CUTERVO,18.0,121.0,0.1487603305785124,20.72222222222222,0.0,0.0001469882310233,0.0001469882310233,0.0,Subatendido
220508,SAN ROQUE DE CUMBAZA,SAN MARTIN,LAMAS,5.0,8.0,0.625,0.0,0.0,0.0005707762557077,0.0005707762557077,0.0,Acceso medio
010304,COROSHA,AMAZONAS,BONGARA,1.0,33.0,0.0303030303030303,0.0,0.0,2.7674000276740005e-05,2.7674000276740005e-05,0.0,Subatendido
010704,EL MILAGRO,AMAZONAS,UTCUBAMBA,8.0,35.0,0.2285714285714285,371.0,0.0,0.0004080792921068,0.0004080792921068,0.0,Acceso medio
160505,MAQUIA,LORETO,REQUENA,10.0,66.0,0.1515151515151515,0.0,0.0,0.0001383700013837,0.0001383700013837,0.0,Subatendido
060803,CHONTALI,CAJAMARCA,JAEN,4.0,68.0,0.0588235294117647,246.25,0.0,0.0001860302175954,0.0001860302175954,0.0,Acceso medio
060809,SALLIQUE,CAJAMARCA,JAEN,6.0,117.0,0.0512820512820512,117.5,0.0,0.0001099656613353,0.0001099656613353,0.0,Subatendido
010201,BAGUA,AMAZONAS,BAGUA,18.0,55.0,0.3272727272727272,19731.0,0.0,0.0109003434526656,0.0109003434526656,0.0,Acceso medio
060407,COCHABAMBA,CAJAMARCA,CHOTA,8.0,46.0,0.1739130434782608,0.0,0.0,0.0001588246972404,0.0001588246972404,0.0,Acceso medio
010511,MARIA,AMAZONAS,LUYA,1.0,22.0,0.0454545454545454,0.0,0.0,4.151100041511e-05,4.151100041511e-05,0.0,Subatendido
010519,SAN JUAN DE LOPECANCHA,AMAZONAS,LUYA,2.0,49.0,0.0408163265306122,0.0,0.0,3.727518404622123e-05,3.727518404622123e-05,0.0,Subatendido
220901,TARAPOTO,SAN MARTIN,SAN MARTIN,74.0,10.0,7.4,41540.27777777778,0.0,0.0290775778009718,0.0290775778009718,0.0,Acceso medio
220903,CACATACHI,SAN MARTIN,SAN MARTIN,1.0,41.0,0.024390243902439,242.0,0.0,0.0001523007701975,0.0001523007701975,0.0,Acceso medio
110304,MARCONA,ICA,NASCA,8.0,17.0,0.4705882352941176,128235.0,0.2941176470588235,0.1673696288063624,0.245801001355382,0.0784313725490196,Acceso medio
210214,SANTIAGO DE PUPUJA,PUNO,AZANGARO,4.0,66.0,0.0606060606060606,0.0,0.7727272727272727,0.257631105576311,0.3333886813338868,0.0757575757575758,Mejor atendido
040517,TISCO,AREQUIPA,CAYLLOMA,3.0,442.0,0.006787330316742,0.0,0.167420814479638,0.0558131366350544,0.2956321411599413,0.2398190045248868,Acceso medio
210207,JOSE DOMINGO CHOQUEHUANCA,PUNO,AZANGARO,1.0,17.0,0.0588235294117647,0.0,0.8235294117647058,0.2745635240397528,0.3333870534515176,0.0588235294117647,Mejor atendido
210603,HUATASANI,PUNO,HUANCANE,1.0,50.0,0.02,0.0,0.6,0.2000182648401826,0.333351598173516,0.1333333333333334,Mejor atendido
210203,ARAPA,PUNO,AZANGARO,3.0,130.0,0.023076923076923,0.0,0.7153846153846154,0.2384826132771338,0.3333544081489287,0.0948717948717949,Mejor atendido
110401,PALPA,ICA,PALPA,13.0,52.0,0.25,30528.5,0.9807692307692308,0.3435543473030276,0.349964603713284,0.0064102564102563,Mejor atendido
211002,ANANEA,PUNO,SAN ANTONIO DE PUTINA,3.0,159.0,0.0188679245283018,0.0,0.320754716981132,0.106935469975015,0.306096895551535,0.1991614255765199,Acceso medio
210208,MUÑANI,PUNO,AZANGARO,2.0,95.0,0.0210526315789473,0.0,0.2736842105263158,0.0912472963229992,0.2912472963229993,0.2,Acceso medio
211001,PUTINA,PUNO,SAN ANTONIO DE PUTINA,4.0,142.0,0.028169014084507,602.6,0.2535211267605634,0.0848565442979204,0.2820396428894697,0.1971830985915492,Acceso medio
080505,LAYO,CUSCO,CANAS,1.0,127.0,0.0078740157480314,0.0,0.3149606299212598,0.1049940675223816,0.333340524215295,0.2283464566929133,Acceso medio
211005,SINA,PUNO,SAN ANTONIO DE PUTINA,1.0,49.0,0.0204081632653061,0.0,0.2244897959183673,0.0748485695648122,0.3265492498369211,0.2517006802721088,Acceso medio
080507,QUEHUE,CUSCO,CANAS,2.0,55.0,0.0363636363636363,0.0,0.8,0.2666998754669987,0.3333665421336654,0.0666666666666666,Mejor atendido
110404,SANTA CRUZ,ICA,PALPA,3.0,34.0,0.088235294117647,0.0,0.5,0.166747246843943,0.3334139135106097,0.1666666666666666,Acceso medio
080604,MARANGANI,CUSCO,CANCHIS,4.0,112.0,0.0357142857142857,0.0,0.5803571428571429,0.1934849967384214,0.303604044357469,0.1101190476190475,Mejor atendido
211206,QUIACA,PUNO,SANDIA,3.0,50.0,0.06,0.0,0.24,0.0800547945205479,0.3333881278538813,0.2533333333333333,Acceso medio
110104,OCUCAJE,ICA,ICA,4.0,37.0,0.1081081081081081,0.0,0.8378378378378378,0.2793780081451314,0.2883870171541404,0.009009009009009,Mejor atendido
210209,POTONI,PUNO,AZANGARO,2.0,222.0,0.009009009009009,0.0,0.2747747747747748,0.0915998189970792,0.330338557735818,0.2387387387387387,Acceso medio
030303,HUAQUIRCA,APURIMAC,ANTABAMBA,5.0,119.0,0.042016806722689,0.0,0.5966386554621849,0.198917923333717,0.333371704846322,0.134453781512605,Mejor atendido
080707,QUIÑOTA,CUSCO,CHUMBIVILCAS,3.0,133.0,0.0225563909774436,0.0,0.8195488721804511,0.2732035568372987,0.3333539327771483,0.0601503759398496,Mejor atendido
030307,SABAINO,APURIMAC,ANTABAMBA,2.0,71.0,0.028169014084507,0.0,0.4084507042253521,0.1361759598688018,0.3333590584603511,0.1971830985915492,Acceso medio
030713,VIRUNDO,APURIMAC,GRAU,1.0,39.0,0.0256410256410256,0.0,0.6923076923076923,0.2307926472310033,0.333356749795106,0.1025641025641026,Mejor atendido
210808,SANTA ROSA,PUNO,MELGAR,5.0,111.0,0.045045045045045,0.0,0.6486486486486487,0.2162573532436546,0.3333744703607717,0.1171171171171171,Mejor atendido
211202,CUYOCUYO,PUNO,SANDIA,4.0,86.0,0.0465116279069767,0.0,0.6395348837209303,0.2132207709461612,0.333375809705851,0.1201550387596898,Mejor atendido
080503,KUNTURKANKI,CUSCO,CANAS,1.0,140.0,0.0071428571428571,0.0,0.3357142857142857,0.11191128506197,0.3333398564905414,0.2214285714285714,Acceso medio
080502,CHECCA,CUSCO,CANAS,2.0,165.0,0.0121212121212121,0.0,0.3636363636363636,0.1212231908122319,0.333344402933444,0.2121212121212121,Acceso medio
080708,VELILLE,CUSCO,CHUMBIVILCAS,3.0,315.0,0.0095238095238095,0.0,0.3301587301587301,0.1100616075958541,0.3227600202942668,0.2126984126984127,Acceso medio
210211,SAN ANTON,PUNO,AZANGARO,3.0,156.0,0.0192307692307692,0.0,0.6346153846153846,0.211556023884791,0.3333508956796627,0.1217948717948717,Mejor atendido
030304,JUAN ESPINOZA MEDRANO,APURIMAC,ANTABAMBA,5.0,182.0,0.0274725274725274,0.0,0.4065934065934066,0.1355562245973205,0.3132119022529981,0.1776556776556776,Acceso medio
080701,SANTO TOMAS,CUSCO,CHUMBIVILCAS,11.0,526.0,0.0209125475285171,1276.4166666666667,0.4980988593155893,0.1667378698644801,0.3061548533879275,0.1394169835234473,Acceso medio
030406,COTARUSE,APURIMAC,AYMARAES,9.0,263.0,0.0342205323193916,5054.0,0.3307984790874524,0.113012924998326,0.3183361189146759,0.2053231939163498,Acceso medio
030301,ANTABAMBA,APURIMAC,ANTABAMBA,4.0,211.0,0.0189573459715639,0.0,0.3981042654028436,0.1327187344456707,0.3001752905278192,0.1674565560821485,Acceso medio
030403,CARAYBAMBA,APURIMAC,AYMARAES,2.0,47.0,0.0425531914893617,5451.5,0.2127659574468085,0.0738899375612075,0.2937480935895763,0.2198581560283688,Acceso medio
080504,LANGUI,CUSCO,CANAS,2.0,56.0,0.0357142857142857,0.0,0.875,0.2916992824527071,0.3333659491193737,0.0416666666666666,Mejor atendido
110106,PARCONA,ICA,ICA,6.0,25.0,0.24,334.75,1.0,0.3337323725557399,0.3337323725557399,0.0,Mejor atendido
110101,ICA,ICA,ICA,109.0,29.0,3.7586206896551726,66473.13793103448,0.9655172413793104,0.360987620872826,0.3724818737463891,0.0114942528735631,Mejor atendido
110103,LOS AQUIJES,ICA,ICA,6.0,38.0,0.1578947368421052,0.0,1.0,0.3334775294400384,0.3334775294400384,0.0,Mejor atendido
110405,TIBILLO,ICA,PALPA,1.0,56.0,0.0178571428571428,0.0,0.4285714285714285,0.142873450750163,0.3333496412263535,0.1904761904761904,Acceso medio
080603,COMBAPATA,CUSCO,CANCHIS,2.0,85.0,0.0235294117647058,0.0,0.5411764705882353,0.1804136449100188,0.333354821380607,0.1529411764705882,Mejor atendido
081006,OMACHA,CUSCO,PARURO,4.0,93.0,0.043010752688172,0.0,0.6559139784946236,0.2186772720577404,0.3333726125595326,0.1146953405017921,Mejor atendido
030407,IHUAYLLO,APURIMAC,AYMARAES,2.0,41.0,0.048780487804878,3130.5,0.975609756097561,0.3269298177479076,0.3350598990487206,0.0081300813008129,Mejor atendido
030408,JUSTO APU SAHUARAURA,APURIMAC,AYMARAES,2.0,58.0,0.0344827586206896,3622.0,0.913793103448276,0.3065752924768127,0.3353109246607207,0.028735632183908,Mejor atendido
030414,TAPAIRIHUA,APURIMAC,AYMARAES,3.0,46.0,0.0652173913043478,7056.25,0.8695652173913043,0.2937059541169915,0.3371842149865567,0.0434782608695651,Mejor atendido
090614,SANTIAGO DE QUIRAHUARA,HUANCAVELICA,HUAYTARA,1.0,66.0,0.0151515151515151,1.0,0.6818181818181818,0.2272871015727617,0.2979941722798324,0.0707070707070707,Mejor atendido
030714,CURASCO,APURIMAC,GRAU,2.0,29.0,0.0689655172413793,0.0,0.896551724137931,0.29891355692017,0.3333963155408597,0.0344827586206896,Mejor atendido
210310,USICAYOS,PUNO,CARABAYA,2.0,203.0,0.0098522167487684,0.0,0.3497536945812808,0.1165935623186449,0.3317002946667566,0.2151067323481116,Acceso medio
110112,SUBTANJALLA,ICA,ICA,7.0,7.0,1.0,2595.1666666666665,1.0,0.3356409581227921,0.3356409581227921,0.0,Mejor atendido
030708,PROGRESO,APURIMAC,GRAU,5.0,43.0,0.1162790697674418,0.0,0.9534883720930232,0.3179356482956355,0.3334395242646278,0.0155038759689922,Mejor atendido
080202,ACOPIA,CUSCO,ACOMAYO,1.0,13.0,0.0769230769230769,0.0,1.0,0.3334035827186512,0.3334035827186512,0.0,Mejor atendido
110102,LA TINGUIÑA,ICA,ICA,3.0,42.0,0.0714285714285714,2414.75,1.0,0.3346960098294884,0.3346960098294884,0.0,Mejor atendido
030701,CHUQUIBAMBILLA,APURIMAC,GRAU,8.0,132.0,0.0606060606060606,0.0,0.7196969696969697,0.2399543378995433,0.3333886813338868,0.0934343434343434,Mejor atendido
090606,OCOYO,HUANCAVELICA,HUAYTARA,3.0,133.0,0.0225563909774436,0.0,0.5639097744360902,0.1879905242558451,0.3333539327771483,0.1453634085213032,Mejor atendido
210804,LLALLI,PUNO,MELGAR,1.0,95.0,0.0105263157894736,0.0,0.3157894736842105,0.1052727709685171,0.3333429464071136,0.2280701754385964,Acceso medio
110303,EL INGENIO,ICA,NASCA,3.0,50.0,0.06,0.0,0.56,0.1867214611872146,0.3333881278538813,0.1466666666666666,Mejor atendido
210212,SAN JOSE,PUNO,AZANGARO,2.0,108.0,0.0185185185185185,0.0,0.3148148148148148,0.1049551834939962,0.3333502452223913,0.228395061728395,Acceso medio
080803,COPORAQUE,CUSCO,ESPINAR,3.0,516.0,0.005813953488372,0.0,0.2093023255813953,0.0697727514070298,0.3055608651021202,0.2357881136950904,Acceso medio
110402,LLIPATA,ICA,PALPA,1.0,21.0,0.0476190476190476,0.0,0.9523809523809524,0.317503805175038,0.3333768210480539,0.0158730158730159,Mejor atendido
211208,YANAHUAYA,PUNO,SANDIA,1.0,34.0,0.0294117647058823,0.0,0.4705882352941176,0.1568896051571313,0.3137523502551705,0.1568627450980392,Acceso medio
030305,OROPESA,APURIMAC,ANTABAMBA,5.0,226.0,0.0221238938053097,0.0,0.4690265486725664,0.156362387360084,0.3333535378025619,0.1769911504424778,Acceso medio
110403,RIO GRANDE,ICA,PALPA,4.0,45.0,0.0888888888888888,0.0,0.6888888888888889,0.229710806697108,0.3334145104008117,0.1037037037037036,Mejor atendido
030401,CHALHUANCA,APURIMAC,AYMARAES,4.0,74.0,0.054054054054054,10963.6,0.6216216216216216,0.2131473127808639,0.3392734389069901,0.1261261261261261,Mejor atendido
210306,CRUCERO,PUNO,CARABAYA,3.0,452.0,0.0066371681415929,0.0,0.3451327433628318,0.1150503091283792,0.3333393946741019,0.2182890855457226,Acceso medio
080501,YANAOCA,CUSCO,CANAS,3.0,114.0,0.0263157894736842,0.0,0.6929824561403509,0.2310181847312344,0.3333573660177842,0.1023391812865497,Mejor atendido
030705,MAMARA,APURIMAC,GRAU,1.0,17.0,0.0588235294117647,0.0,0.8235294117647058,0.2745635240397528,0.3333870534515176,0.0588235294117647,Mejor atendido
210802,ANTAUTA,PUNO,MELGAR,3.0,250.0,0.012,0.0,0.292,0.0973442922374429,0.3040109589041096,0.2066666666666667,Acceso medio
080601,SICUANI,CUSCO,CANCHIS,24.0,437.0,0.0549199084668192,8636.0,0.4118993135011441,0.1419900482371981,0.2647970657810577,0.1228070175438596,Acceso medio
030711,TURPAY,APURIMAC,GRAU,1.0,23.0,0.0434782608695652,0.0,1.0,0.3333730395076434,0.3333730395076434,0.0,Mejor atendido
080703,CHAMACA,CUSCO,CHUMBIVILCAS,5.0,197.0,0.0253807106598984,0.0,0.583756345177665,0.1946086271237512,0.3333565120645296,0.1387478849407783,Mejor atendido
030709,SAN ANTONIO,APURIMAC,GRAU,1.0,18.0,0.0555555555555555,0.0,1.0,0.3333840690005074,0.3333840690005074,0.0,Mejor atendido
080506,PAMPAMARCA,CUSCO,CANAS,1.0,14.0,0.0714285714285714,0.0,1.0,0.3333985649054142,0.3333985649054142,0.0,Mejor atendido
080205,POMACANCHI,CUSCO,ACOMAYO,3.0,131.0,0.0229007633587786,0.0,0.7786259541984732,0.2595628986719648,0.3333542472724737,0.0737913486005089,Mejor atendido
090603,CORDOVA,HUANCAVELICA,HUAYTARA,3.0,87.0,0.0344827586206896,0.0,0.5747126436781609,0.1916023723298168,0.3333648244370965,0.1417624521072797,Mejor atendido
080702,CAPACMARCA,CUSCO,CHUMBIVILCAS,2.0,87.0,0.0229885057471264,0.0,0.6551724137931034,0.2184117986668765,0.3333543274025088,0.1149425287356322,Mejor atendido
030416,TORAYA,APURIMAC,AYMARAES,4.0,32.0,0.125,4260.75,0.96875,0.3253201224500575,0.3357367891167241,0.0104166666666666,Mejor atendido
110110,SAN JUAN BAUTISTA,ICA,ICA,3.0,47.0,0.0638297872340425,0.0,1.0,0.3333916253764694,0.3333916253764694,0.0,Mejor atendido
211205,PHARA,PUNO,SANDIA,3.0,94.0,0.0319148936170212,0.0,0.2765957446808511,0.0922277275818517,0.3262702807733411,0.2340425531914893,Acceso medio
030206,HUAYANA,APURIMAC,ANDAHUAYLAS,2.0,43.0,0.0465116279069767,0.0,0.9534883720930232,0.3178719337368589,0.333375809705851,0.0155038759689921,Mejor atendido
090612,SAN ISIDRO,HUANCAVELICA,HUAYTARA,1.0,53.0,0.0188679245283018,0.0,0.660377358490566,0.2201430171448264,0.3333505643146377,0.1132075471698113,Mejor atendido
030214,SAN MIGUEL DE CHACCRAMPA,APURIMAC,ANDAHUAYLAS,4.0,41.0,0.0975609756097561,0.0,1.0,0.3334224301147121,0.3334224301147121,0.0,Mejor atendido
030404,CHAPIMARCA,APURIMAC,AYMARAES,4.0,88.0,0.0454545454545454,10399.4,0.9318181818181818,0.3162351681458345,0.3389624408731073,0.0227272727272727,Mejor atendido
110114,YAUCA DEL ROSARIO,ICA,ICA,4.0,58.0,0.0689655172413793,0.0,0.4655172413793103,0.1552353960006298,0.3333963155408597,0.1781609195402298,Acceso medio
090608,QUERCO,HUANCAVELICA,HUAYTARA,1.0,146.0,0.0068493150684931,0.0,0.136986301369863,0.0456683555388753,0.1347094514292862,0.0890410958904109,Acceso medio
030703,GAMARRA,APURIMAC,GRAU,10.0,73.0,0.136986301369863,0.0,1.0,0.33345843497842,0.33345843497842,0.0,Mejor atendido
030212,SAN ANTONIO DE CACHI,APURIMAC,ANDAHUAYLAS,4.0,55.0,0.0727272727272727,0.0,1.0,0.3333997509339975,0.3333997509339975,0.0,Mejor atendido
210305,CORANI,PUNO,CARABAYA,5.0,227.0,0.0220264317180616,0.0,0.4669603524229075,0.155673566270392,0.3142638746404361,0.158590308370044,Acceso medio
080605,PITUMARCA,CUSCO,CANCHIS,2.0,295.0,0.0067796610169491,0.0,0.1186440677966101,0.0395542140701184,0.2079157959910224,0.1683615819209039,Acceso medio
030218,TURPO,APURIMAC,ANDAHUAYLAS,8.0,52.0,0.1538461538461538,0.0,0.9423076923076924,0.3142430628731998,0.3334738321039691,0.0192307692307692,Mejor atendido
110506,SAN ANDRES,ICA,PISCO,4.0,35.0,0.1142857142857142,0.0,0.8,0.2667710371819961,0.3334377038486627,0.0666666666666666,Mejor atendido
030501,TAMBOBAMBA,APURIMAC,COTABAMBAS,15.0,154.0,0.0974025974025974,136252.0,0.961038961038961,0.3936434579316039,0.406630470918617,0.012987012987013,Mejor atendido
081212,QUIQUIJANA,CUSCO,QUISPICANCHI,2.0,165.0,0.0121212121212121,0.0,0.2303030303030303,0.0767787463677874,0.333344402933444,0.2565656565656565,Acceso medio
080206,RONDOCAN,CUSCO,ACOMAYO,1.0,99.0,0.0101010101010101,0.0,0.4141414141414141,0.1380563627138969,0.3333425580000922,0.1952861952861952,Acceso medio
030205,HUANCARAY,APURIMAC,ANDAHUAYLAS,4.0,85.0,0.0470588235294117,0.0,0.9647058823529412,0.3216116035455278,0.3333763094278807,0.0117647058823529,Mejor atendido
081007,PACCARITAMBO,CUSCO,PARURO,1.0,65.0,0.0153846153846153,0.0,0.6615384615384615,0.220526870389884,0.3333473832103968,0.1128205128205127,Mejor atendido
110508,TUPAC AMARU INCA,ICA,PISCO,5.0,16.0,0.3125,0.0,1.0,0.3336187214611872,0.3336187214611872,0.0,Mejor atendido
030106,LAMBRAMA,APURIMAC,ABANCAY,7.0,107.0,0.0654205607476635,0.0,0.794392523364486,0.2648572525924977,0.3333930781376691,0.0685358255451713,Mejor atendido
110501,PISCO,ICA,PISCO,32.0,23.0,1.391304347826087,105270.66666666669,1.0,0.3911658491721817,0.3911658491721817,0.0,Mejor atendido
080207,SANGARARA,CUSCO,ACOMAYO,2.0,29.0,0.0689655172413793,0.0,0.896551724137931,0.29891355692017,0.3333963155408597,0.0344827586206896,Mejor atendido
030405,COLCABAMBA,APURIMAC,AYMARAES,1.0,41.0,0.024390243902439,5926.0,0.6097560975609756,0.2064583458998767,0.3365396467128849,0.1300813008130082,Mejor atendido
081008,PILLPINTO,CUSCO,PARURO,1.0,21.0,0.0476190476190476,0.0,0.8571428571428571,0.2857577734290062,0.3333768210480539,0.0476190476190476,Mejor atendido
210301,MACUSANI,PUNO,CARABAYA,6.0,255.0,0.0235294117647058,14291.0,0.2549019607843137,0.0926673611236795,0.3397261846530912,0.2470588235294117,Acceso medio
081002,ACCHA,CUSCO,PARURO,1.0,83.0,0.0120481927710843,0.0,0.5662650602409639,0.188766022996094,0.333344336249106,0.144578313253012,Mejor atendido
030505,MARA,APURIMAC,COTABAMBAS,5.0,72.0,0.0694444444444444,0.0,0.9583333333333334,0.3195078640284119,0.3333967529173008,0.0138888888888888,Mejor atendido
030704,HUAYLLATI,APURIMAC,GRAU,5.0,23.0,0.217391304347826,0.0,1.0,0.3335318642048838,0.3335318642048838,0.0,Mejor atendido
030102,CHACOCHE,APURIMAC,ABANCAY,3.0,16.0,0.1875,0.0,0.75,0.2501712328767123,0.3335045662100457,0.0833333333333333,Mejor atendido
030702,CURPAHUASI,APURIMAC,GRAU,4.0,40.0,0.1,0.0,0.85,0.2834246575342465,0.3334246575342465,0.0499999999999999,Mejor atendido
080203,ACOS,CUSCO,ACOMAYO,1.0,70.0,0.0142857142857142,0.0,0.6,0.2000130463144162,0.3333463796477495,0.1333333333333333,Mejor atendido
080602,CHECACUPE,CUSCO,CANCHIS,1.0,186.0,0.0053763440860215,0.0,0.2634408602150537,0.0878185299749594,0.2311877056021996,0.1433691756272402,Acceso medio
030217,TUMAY HUARACA,APURIMAC,ANDAHUAYLAS,3.0,115.0,0.0260869565217391,0.0,0.5826086956521739,0.1942267222553106,0.3333571570379194,0.1391304347826087,Mejor atendido
211209,ALTO INAMBARI,PUNO,SANDIA,6.0,85.0,0.0705882352941176,0.0,0.7294117647058823,0.2432017190437818,0.3333977974751544,0.0901960784313725,Mejor atendido
030203,CHIARA,APURIMAC,ANDAHUAYLAS,3.0,40.0,0.075,0.0,0.925,0.3084018264840183,0.3334018264840182,0.0249999999999999,Mejor atendido
080201,ACOMAYO,CUSCO,ACOMAYO,2.0,130.0,0.0153846153846153,0.0,0.6230769230769231,0.2077063575693712,0.3333473832103968,0.1256410256410255,Mejor atendido
030411,SAN JUAN DE CHACÑA,APURIMAC,AYMARAES,1.0,48.0,0.0208333333333333,8451.0,0.9791666666666666,0.3309486361859036,0.3378930806303481,0.0069444444444445,Mejor atendido
030409,LUCRE,APURIMAC,AYMARAES,4.0,71.0,0.056338028169014,5333.4,0.971830985915493,0.3268607474916528,0.3362504188531551,0.0093896713615023,Mejor atendido
090605,LARAMARCA,HUANCAVELICA,HUAYTARA,2.0,71.0,0.028169014084507,0.0,0.4507042253521127,0.1502604669110553,0.3333590584603511,0.1830985915492957,Acceso medio
110108,SALAS,ICA,ICA,6.0,229.0,0.0262008733624454,3102.0,0.4192139737991266,0.1414286232822655,0.3321127571978404,0.1906841339155749,Acceso medio
081004,COLCHA,CUSCO,PARURO,2.0,26.0,0.0769230769230769,0.0,0.7307692307692307,0.2436599929750614,0.3334035827186512,0.0897435897435897,Mejor atendido
081206,CUSIPATA,CUSCO,QUISPICANCHI,2.0,85.0,0.0235294117647058,0.0,0.7647058823529411,0.2549234488315874,0.333354821380607,0.0784313725490196,Mejor atendido
030415,TINTAY,APURIMAC,AYMARAES,4.0,84.0,0.0476190476190476,7731.333333333333,1.0,0.3375308656446616,0.3375308656446616,0.0,Mejor atendido
030103,CIRCA,APURIMAC,ABANCAY,4.0,132.0,0.0303030303030303,0.0,0.6439393939393939,0.2146741386467413,0.3333610073336101,0.1186868686868687,Mejor atendido
030503,COYLLURQUI,APURIMAC,COTABAMBAS,8.0,91.0,0.0879120879120879,0.0,0.912087912087912,0.3041095890410959,0.3334136183451252,0.0293040293040293,Mejor atendido
081003,CCAPI,CUSCO,PARURO,2.0,89.0,0.0224719101123595,0.0,0.550561797752809,0.1835411215432764,0.3333538556256734,0.1498127340823969,Mejor atendido
110505,PARACAS,ICA,PISCO,6.0,27.0,0.2222222222222222,0.0,0.6666666666666666,0.2224251648909183,0.3211905969896837,0.0987654320987654,Mejor atendido
090611,SAN FRANCISCO DE SANGAYAICO,HUANCAVELICA,HUAYTARA,3.0,33.0,0.0909090909090909,0.0,0.696969696969697,0.2324062543240625,0.3334163553341636,0.101010101010101,Mejor atendido
110109,SAN JOSE DE LOS MOLINOS,ICA,ICA,4.0,48.0,0.0833333333333333,0.0,0.8125,0.2709094368340943,0.3334094368340943,0.0625,Mejor atendido
081207,HUARO,CUSCO,QUISPICANCHI,3.0,54.0,0.0555555555555555,7.5,0.5555555555555556,0.1852399506015798,0.3333880987497279,0.1481481481481481,Mejor atendido
030107,PICHIRHUA,APURIMAC,ABANCAY,9.0,120.0,0.075,0.0,0.9833333333333332,0.3278462709284627,0.3334018264840182,0.0055555555555555,Mejor atendido
030502,COTABAMBAS,APURIMAC,COTABAMBAS,4.0,122.0,0.0327868852459016,0.0,0.8442622950819673,0.2814507073882776,0.3333632756942885,0.0519125683060109,Mejor atendido
210112,PLATERIA,PUNO,PUNO,7.0,131.0,0.0534351145038167,0.0,0.916030534351145,0.3053923106417093,0.333382132524661,0.0279898218829516,Mejor atendido
081208,LUCRE,CUSCO,QUISPICANCHI,1.0,58.0,0.0172413793103448,0.0,0.5344827586206896,0.1781766650921114,0.3333490788852149,0.1551724137931034,Mejor atendido
030603,COCHARCAS,APURIMAC,CHINCHEROS,3.0,33.0,0.0909090909090909,0.0,1.0,0.3334163553341636,0.3334163553341636,0.0,Mejor atendido
030101,ABANCAY,APURIMAC,ABANCAY,81.0,107.0,0.7570093457943925,92788.5,0.9532710280373832,0.368303593489674,0.383879917477213,0.0155763239875389,Mejor atendido
030109,TAMBURCO,APURIMAC,ABANCAY,3.0,47.0,0.0638297872340425,0.0,0.9361702127659576,0.3121150296317886,0.3333916253764694,0.0212765957446808,Mejor atendido
030209,PACUCHA,APURIMAC,ANDAHUAYLAS,6.0,82.0,0.073170731707317,0.0,1.0,0.3334001559193674,0.3334001559193674,0.0,Mejor atendido
080102,CCORCA,CUSCO,CUSCO,1.0,55.0,0.0181818181818181,0.0,0.6181818181818182,0.2060772104607721,0.3333499377334994,0.1272727272727273,Mejor atendido
090117,YAULI,HUANCAVELICA,HUANCAVELICA,24.0,151.0,0.1589403973509933,1391.56,0.9536423841059604,0.3187736307931936,0.3342261694245401,0.0154525386313465,Mejor atendido
090208,ROSARIO,HUANCAVELICA,ACOBAMBA,10.0,90.0,0.1111111111111111,55.2,1.0,0.3334644636219453,0.3334644636219453,0.0,Mejor atendido
151012,HONGOS,LIMA,YAUYOS,1.0,18.0,0.0555555555555555,0.0,0.0,5.073566717402333e-05,5.073566717402333e-05,0.0,Subatendido
150502,ASIA,LIMA,CAÑETE,4.0,68.0,0.0588235294117647,0.0,0.0,5.372011818426001e-05,5.372011818426001e-05,0.0,Subatendido
151008,CATAHUASI,LIMA,YAUYOS,1.0,27.0,0.037037037037037,0.0,0.0,3.382377811601556e-05,3.382377811601556e-05,0.0,Subatendido
151006,CACRA,LIMA,YAUYOS,2.0,46.0,0.0434782608695652,0.0,0.0,3.970617431010522e-05,3.970617431010522e-05,0.0,Subatendido
080905,OCOBAMBA,CUSCO,LA CONVENCION,3.0,89.0,0.0337078651685393,0.0,0.5056179775280899,0.1685701092812067,0.3258734800677235,0.1573033707865168,Mejor atendido
151023,PUTINZA,LIMA,YAUYOS,1.0,15.0,0.0666666666666666,1506.0,0.0,0.0008700564441146,0.0008700564441146,0.0,Acceso medio
090206,PAUCARA,HUANCAVELICA,ACOBAMBA,11.0,121.0,0.0909090909090909,6280.3,1.0,0.3367907598715537,0.3367907598715537,0.0,Mejor atendido
090114,PALCA,HUANCAVELICA,HUANCAVELICA,5.0,58.0,0.0862068965517241,33.4,0.8620689655172413,0.2874529954150177,0.3334300069092706,0.0459770114942529,Mejor atendido
170102,INAMBARI,MADRE DE DIOS,TAMBOPATA,13.0,36.0,0.3611111111111111,0.0,0.1388888888888889,0.0466260781329274,0.13921867072552,0.0925925925925925,Acceso medio
090202,ANDABAMBA,HUANCAVELICA,ACOBAMBA,4.0,55.0,0.0727272727272727,1.25,1.0,0.3334004225588676,0.3334004225588676,0.0,Mejor atendido
090102,ACOBAMBILLA,HUANCAVELICA,HUANCAVELICA,6.0,116.0,0.0517241379310344,11.166666666666666,0.6293103448275862,0.2098233514470131,0.3247658801826453,0.1149425287356322,Mejor atendido
150509,MALA,LIMA,CAÑETE,11.0,54.0,0.2037037037037037,61339.0,0.0,0.0331434691056695,0.0331434691056695,0.0,Acceso medio
151031,TUPE,LIMA,YAUYOS,1.0,39.0,0.0256410256410256,0.0,0.0,2.341646177262616e-05,2.341646177262616e-05,0.0,Subatendido
150513,SAN ANTONIO,LIMA,CAÑETE,1.0,32.0,0.03125,0.0,0.0,2.8538812785388127e-05,2.8538812785388127e-05,0.0,Subatendido
150113,JESUS MARIA,LIMA,LIMA,275.0,1.0,275.0,92559.05263157896,0.0,0.3008735218722,0.3008735218722,0.0,Mejor atendido
090304,CCOCHACCASA,HUANCAVELICA,ANGARAES,5.0,63.0,0.0793650793650793,63.75,0.746031746031746,0.2487839810701585,0.3334400657262431,0.0846560846560846,Mejor atendido
151020,MADEAN,LIMA,YAUYOS,1.0,105.0,0.0095238095238095,0.0,0.0,8.697542944118287e-06,8.697542944118287e-06,0.0,Subatendido
080904,MARANURA,CUSCO,LA CONVENCION,3.0,66.0,0.0454545454545454,0.0,0.9242424242424242,0.3081223190812232,0.3333748443337485,0.0252525252525253,Mejor atendido
090403,AURAHUA,HUANCAVELICA,CASTROVIRREYNA,2.0,181.0,0.011049723756906,0.0,0.3314917127071823,0.1105073286409848,0.2633618406115189,0.152854511970534,Acceso medio
090303,CALLANMARCA,HUANCAVELICA,ANGARAES,1.0,16.0,0.0625,591.0,1.0,0.3337079551974911,0.3337079551974911,0.0,Mejor atendido
151032,VIÑAC,LIMA,YAUYOS,2.0,97.0,0.0206185567010309,0.0,0.0,1.8829732147060208e-05,1.8829732147060208e-05,0.0,Subatendido
151009,CHOCOS,LIMA,YAUYOS,1.0,57.0,0.0175438596491228,0.0,0.0,1.6021789633902107e-05,1.6021789633902107e-05,0.0,Subatendido
150609,SAN MIGUEL DE ACOS,LIMA,HUARAL,2.0,12.0,0.1666666666666666,0.0,0.0,0.000152207001522,0.000152207001522,0.0,Acceso medio
150601,HUARAL,LIMA,HUARAL,38.0,107.0,0.3551401869158878,32887.1,0.0,0.0179945643503991,0.0179945643503991,0.0,Acceso medio
120804,MARCAPOMACOCHA,JUNIN,YAULI,3.0,184.0,0.0163043478260869,10.0,0.4076086956521739,0.1358898280317184,0.2934985236838923,0.1576086956521739,Acceso medio
080105,SAN SEBASTIAN,CUSCO,CUSCO,28.0,48.0,0.5833333333333334,2851.714285714286,0.9166666666666666,0.3076205058502646,0.3353982836280424,0.0277777777777777,Mejor atendido
081211,OROPESA,CUSCO,QUISPICANCHI,1.0,48.0,0.0208333333333333,0.0,0.9791666666666666,0.3264079147640791,0.3333523592085236,0.0069444444444445,Mejor atendido
151029,TAURIPAMPA,LIMA,YAUYOS,1.0,56.0,0.0178571428571428,0.0,0.0,1.6307893020221784e-05,1.6307893020221784e-05,0.0,Subatendido
090110,MANTA,HUANCAVELICA,HUANCAVELICA,3.0,92.0,0.0326086956521739,11.0,0.8369565217391305,0.2790211971759663,0.3333690232629229,0.0543478260869565,Mejor atendido
090109,LARIA,HUANCAVELICA,HUANCAVELICA,2.0,52.0,0.0384615384615384,0.0,1.0,0.3333684580259923,0.3333684580259923,0.0,Mejor atendido
080408,YANATILE,CUSCO,CALCA,11.0,206.0,0.0533980582524271,0.0,0.5048543689320388,0.1683335549940151,0.3333820986833355,0.1650485436893204,Acceso medio
090119,HUANDO,HUANCAVELICA,HUANCAVELICA,7.0,81.0,0.0864197530864197,35.333333333333336,0.9135802469135802,0.3046246557164591,0.3334312400785991,0.0288065843621399,Mejor atendido
120204,CHAMBARA,JUNIN,CONCEPCION,4.0,22.0,0.1818181818181818,0.0,0.7727272727272727,0.257741801577418,0.3334993773349937,0.0757575757575757,Mejor atendido
120132,SAÑO,JUNIN,HUANCAYO,1.0,12.0,0.0833333333333333,0.0,1.0,0.3334094368340943,0.3334094368340943,0.0,Mejor atendido
150730,SANTIAGO DE TUNA,LIMA,HUAROCHIRI,1.0,12.0,0.0833333333333333,0.0,0.0,7.6103500761035e-05,7.6103500761035e-05,0.0,Subatendido
150715,SAN ANDRES DE TUPICOCHA,LIMA,HUAROCHIRI,1.0,44.0,0.0227272727272727,0.0,0.0,2.0755500207555e-05,2.0755500207555e-05,0.0,Subatendido
120202,ACO,JUNIN,CONCEPCION,3.0,6.0,0.5,0.0,1.0,0.3337899543378995,0.3337899543378995,0.0,Mejor atendido
150721,SAN LORENZO DE QUINTI,LIMA,HUAROCHIRI,2.0,180.0,0.0111111111111111,0.0,0.0,1.0147133434804668e-05,1.0147133434804668e-05,0.0,Subatendido
151003,ALLAUCA,LIMA,YAUYOS,2.0,53.0,0.0377358490566037,1026.0,0.0,0.0005857316559932,0.0005857316559932,0.0,Acceso medio
150124,PUCUSANA,LIMA,LIMA,3.0,13.0,0.2307692307692307,95.0,0.0,0.0002617916460818,0.0002617916460818,0.0,Acceso medio
150138,SANTA MARIA DEL MAR,LIMA,LIMA,2.0,2.0,1.0,0.0,0.0,0.0009132420091324,0.0009132420091324,0.0,Acceso medio
090116,VILCA,HUANCAVELICA,HUANCAVELICA,4.0,74.0,0.054054054054054,2.25,0.8378378378378378,0.2793298526369716,0.3333839066910256,0.054054054054054,Mejor atendido
090105,CUENCA,HUANCAVELICA,HUANCAVELICA,3.0,75.0,0.04,0.0,1.0,0.3333698630136986,0.3333698630136986,0.0,Mejor atendido
080107,SAYLLA,CUSCO,CUSCO,1.0,20.0,0.05,0.0,1.0,0.3333789954337899,0.3333789954337899,0.0,Mejor atendido
030608,RANRACANCHA,APURIMAC,CHINCHEROS,6.0,31.0,0.1935483870967742,0.0,0.967741935483871,0.3227574016791869,0.3335100898512299,0.010752688172043,Mejor atendido
030216,TALAVERA,APURIMAC,ANDAHUAYLAS,8.0,112.0,0.0714285714285714,0.0,0.9375,0.3125652315720809,0.3333985649054142,0.0208333333333333,Mejor atendido
120111,CHUPURO,JUNIN,HUANCAYO,3.0,17.0,0.1764705882352941,0.6666666666666666,1.0,0.3334948518878168,0.3334948518878168,0.0,Mejor atendido
150108,CHORRILLOS,LIMA,LIMA,142.0,3.0,47.333333333333336,19599.0,0.0,0.0537573290956613,0.0537573290956613,0.0,Acceso medio
120136,VIQUES,JUNIN,HUANCAYO,1.0,4.0,0.25,0.0,1.0,0.3335616438356164,0.3335616438356164,0.0,Mejor atendido
150726,SANGALLAYA,LIMA,HUAROCHIRI,4.0,48.0,0.0833333333333333,0.0,0.0,7.6103500761035e-05,7.6103500761035e-05,0.0,Subatendido
150104,BARRANCO,LIMA,LIMA,30.0,1.0,30.0,0.0,0.0,0.0273972602739726,0.0273972602739726,0.0,Acceso medio
150731,SANTO DOMINGO DE LOS OLLEROS,LIMA,HUAROCHIRI,5.0,59.0,0.0847457627118644,0.0,0.0,7.739339060444237e-05,7.739339060444237e-05,0.0,Subatendido
150143,VILLA MARIA DEL TRIUNFO,LIMA,LIMA,189.0,6.0,31.5,133270.8,0.0,0.1003735102789959,0.1003735102789959,0.0,Acceso medio
150133,SAN JUAN DE MIRAFLORES,LIMA,LIMA,318.0,2.0,159.0,56192.0,0.0,0.1753974352129305,0.1753974352129305,0.0,Mejor atendido
120121,HUAYUCACHI,JUNIN,HUANCAYO,2.0,10.0,0.2,13.5,1.0,0.333523235283757,0.333523235283757,0.0,Mejor atendido
120903,CHONGOS BAJO,JUNIN,CHUPACA,2.0,56.0,0.0357142857142857,0.0,0.5714285714285714,0.1905088062622309,0.3333659491193737,0.1428571428571428,Mejor atendido
150711,LANGA,LIMA,HUAROCHIRI,2.0,70.0,0.0285714285714285,0.0,0.0,2.609262883235486e-05,2.609262883235486e-05,0.0,Subatendido
151021,MIRAFLORES,LIMA,YAUYOS,1.0,36.0,0.0277777777777777,0.0,0.0,2.5367833587011662e-05,2.5367833587011662e-05,0.0,Subatendido
150122,MIRAFLORES,LIMA,LIMA,305.0,1.0,305.0,75194.95833333333,0.0,0.3189410560840943,0.3189410560840943,0.0,Mejor atendido
150706,CUENCA,LIMA,HUAROCHIRI,3.0,34.0,0.088235294117647,0.0,0.0,8.058017727639001e-05,8.058017727639001e-05,0.0,Subatendido
090709,HUARIBAMBA,HUANCAVELICA,TAYACAJA,6.0,63.0,0.0952380952380952,6.166666666666667,0.6984126984126984,0.2328945215830331,0.3334236221121336,0.1005291005291005,Mejor atendido
150141,SURQUILLO,LIMA,LIMA,128.0,1.0,128.0,7624.818181818182,0.0,0.1209917911857168,0.1209917911857168,0.0,Acceso medio
080104,SAN JERONIMO,CUSCO,CUSCO,16.0,71.0,0.2253521126760563,17.0,0.9859154929577464,0.3288534327669581,0.3335482684477093,0.0046948356807511,Mejor atendido
081204,CCARHUAYO,CUSCO,QUISPICANCHI,1.0,122.0,0.0081967213114754,0.0,0.4344262295081967,0.1448162287596377,0.3251440976120966,0.1803278688524589,Acceso medio
150718,SAN DAMIAN,LIMA,HUAROCHIRI,2.0,96.0,0.0208333333333333,0.0,0.0,1.902587519025875e-05,1.902587519025875e-05,0.0,Subatendido
120413,LEONOR ORDOÑEZ,JUNIN,JAUJA,1.0,7.0,0.1428571428571428,0.0,1.0,0.3334637964774951,0.3334637964774951,0.0,Mejor atendido
120423,PACCHA,JUNIN,JAUJA,4.0,27.0,0.1481481481481481,0.0,0.8148148148148148,0.271740233384069,0.3334686284457974,0.0617283950617284,Mejor atendido
120128,QUILCAS,JUNIN,HUANCAYO,2.0,71.0,0.028169014084507,0.0,0.3098591549295774,0.1033121101035436,0.3333590584603511,0.2300469483568075,Acceso medio
120124,PARIAHUANCA,JUNIN,HUANCAYO,10.0,92.0,0.108695652173913,0.0,0.8913043478260869,0.2972007147111375,0.3334325987691086,0.036231884057971,Mejor atendido
120420,MUQUI,JUNIN,JAUJA,1.0,12.0,0.0833333333333333,0.0,1.0,0.3334094368340943,0.3334094368340943,0.0,Mejor atendido
170201,MANU,MADRE DE DIOS,MANU,7.0,35.0,0.2,0.0,0.3142857142857143,0.1049445531637312,0.2668493150684931,0.1619047619047618,Acceso medio
120207,HEROINAS TOLEDO,JUNIN,CONCEPCION,1.0,20.0,0.05,0.0,0.95,0.3167123287671232,0.3333789954337899,0.0166666666666667,Mejor atendido
120127,QUICHUAY,JUNIN,HUANCAYO,1.0,25.0,0.04,0.0,0.56,0.186703196347032,0.3333698630136986,0.1466666666666665,Mejor atendido
120421,MUQUIYAUYO,JUNIN,JAUJA,3.0,8.0,0.375,0.0,1.0,0.333675799086758,0.333675799086758,0.0,Mejor atendido
120409,HUARIPAMPA,JUNIN,JAUJA,1.0,4.0,0.25,0.0,1.0,0.3335616438356164,0.3335616438356164,0.0,Mejor atendido
120122,INGENIO,JUNIN,HUANCAYO,2.0,19.0,0.1052631578947368,0.0,0.631578947368421,0.2106224465272771,0.3334294640711367,0.1228070175438596,Mejor atendido
120428,SAN LORENZO,JUNIN,JAUJA,1.0,20.0,0.05,0.0,1.0,0.3333789954337899,0.3333789954337899,0.0,Mejor atendido
120407,EL MANTARO,JUNIN,JAUJA,1.0,9.0,0.1111111111111111,0.0,1.0,0.3334348046676814,0.3334348046676814,0.0,Mejor atendido
150732,SURCO,LIMA,HUAROCHIRI,1.0,73.0,0.0136986301369863,0.0,0.0,1.2510164508663287e-05,1.2510164508663287e-05,0.0,Subatendido
120430,SAUSA,JUNIN,JAUJA,1.0,8.0,0.125,0.0,1.0,0.3334474885844748,0.3334474885844748,0.0,Mejor atendido
120425,PARCO,JUNIN,JAUJA,2.0,16.0,0.125,0.0,1.0,0.3334474885844748,0.3334474885844748,0.0,Mejor atendido
150807,LEONCIO PRADO,LIMA,HUAURA,4.0,67.0,0.0597014925373134,0.0,0.0,5.45219109929803e-05,5.45219109929803e-05,0.0,Subatendido
120607,RIO NEGRO,JUNIN,SATIPO,16.0,144.0,0.1111111111111111,961.9333333333332,0.9861111111111112,0.3293220217180936,0.3339516513477232,0.0046296296296295,Mejor atendido
120708,SAN PEDRO DE CAJAS,JUNIN,TARMA,7.0,101.0,0.0693069306930693,0.0,0.7128712871287128,0.2376870563768705,0.3333966273339663,0.0957095709570957,Mejor atendido
120501,JUNIN,JUNIN,JUNIN,4.0,239.0,0.0167364016736401,3740.6666666666665,0.3179916317991632,0.1080223547961042,0.3353584775297165,0.2273361227336122,Acceso medio
120503,ONDORES,JUNIN,JUNIN,3.0,177.0,0.0169491525423728,0.0,0.2994350282485876,0.0998271547609834,0.3333488120114542,0.2335216572504708,Acceso medio
120704,HUASAHUASI,JUNIN,TARMA,7.0,142.0,0.0492957746478873,429.2857142857143,0.7887323943661971,0.2631864722640238,0.3289141717945403,0.0657276995305164,Mejor atendido
150811,SAYAN,LIMA,HUAURA,10.0,233.0,0.0429184549356223,0.0,0.0,3.919493601426696e-05,3.919493601426696e-05,0.0,Subatendido
090508,SAN MIGUEL DE MAYOCC,HUANCAVELICA,CHURCAMPA,2.0,14.0,0.1428571428571428,1648.0,1.0,0.3343492667062451,0.3343492667062451,0.0,Mejor atendido
090505,LA MERCED,HUANCAVELICA,CHURCAMPA,1.0,9.0,0.1111111111111111,1426.0,0.5555555555555556,0.1860528461713521,0.3342009943195003,0.1481481481481481,Mejor atendido
090504,EL CARMEN,HUANCAVELICA,CHURCAMPA,2.0,48.0,0.0416666666666666,1458.5,0.875,0.2924883703154889,0.3341550369821555,0.0416666666666666,Mejor atendido
030104,CURAHUASI,APURIMAC,ABANCAY,15.0,239.0,0.0627615062761506,19666.0,0.8242677824267782,0.2853797836761118,0.3439571895338524,0.0585774058577406,Mejor atendido
080103,POROY,CUSCO,CUSCO,1.0,29.0,0.0344827586206896,0.0,1.0,0.3333648244370965,0.3333648244370965,0.0,Mejor atendido
030602,ANCO_HUALLO,APURIMAC,CHINCHEROS,6.0,34.0,0.1764705882352941,2660.0,1.0,0.3349237114114754,0.3349237114114754,0.0,Mejor atendido
080101,CUSCO,CUSCO,CUSCO,219.0,77.0,2.844155844155844,28398.14285714286,0.974025974025974,0.3425310464789112,0.3511890551369198,0.0086580086580085,Mejor atendido
090616,TAMBO,HUANCAVELICA,HUAYTARA,1.0,76.0,0.0131578947368421,0.0,0.25,0.0833453496755587,0.2236962268685412,0.1403508771929824,Acceso medio
081102,CAICAY,CUSCO,PAUCARTAMBO,2.0,49.0,0.0408163265306122,0.0,0.979591836734694,0.3265678874289441,0.3333706085173795,0.0068027210884353,Mejor atendido
081105,HUANCARANI,CUSCO,PAUCARTAMBO,1.0,76.0,0.0131578947368421,0.0,0.6842105263157895,0.2280821917808219,0.3333453496755587,0.1052631578947368,Mejor atendido
081205,CCATCA,CUSCO,QUISPICANCHI,6.0,194.0,0.0309278350515463,0.0,0.7731958762886598,0.2577602033611072,0.3333615779315539,0.0756013745704466,Mejor atendido
090609,QUITO-ARMA,HUANCAVELICA,HUAYTARA,2.0,50.0,0.04,0.0,0.56,0.186703196347032,0.3333698630136986,0.1466666666666665,Mejor atendido
030601,CHINCHEROS,APURIMAC,CHINCHEROS,6.0,34.0,0.1764705882352941,4359.0,1.0,0.3358365839349258,0.3358365839349258,0.0,Mejor atendido
030219,KAQUIABAMBA,APURIMAC,ANDAHUAYLAS,2.0,17.0,0.1176470588235294,0.0,0.9411764705882352,0.3138329304324469,0.3334407735697018,0.0196078431372549,Mejor atendido
090408,HUAMATAMBO,HUANCAVELICA,CASTROVIRREYNA,1.0,44.0,0.0227272727272727,0.0,0.7954545454545454,0.2651722706517227,0.3333540888335409,0.0681818181818181,Mejor atendido
090312,SECCLLA,HUANCAVELICA,ANGARAES,3.0,34.0,0.088235294117647,312.6666666666667,0.7352941176470589,0.2453466151604723,0.3335819092781193,0.088235294117647,Mejor atendido
150514,SAN LUIS,LIMA,CAÑETE,5.0,37.0,0.1351351351351351,17404.0,0.0,0.0094745784737994,0.0094745784737994,0.0,Acceso medio
090402,ARMA,HUANCAVELICA,CASTROVIRREYNA,4.0,174.0,0.0229885057471264,2.75,0.7931034482758621,0.2643902877358437,0.333355804977223,0.0689655172413792,Mejor atendido
080908,SANTA TERESA,CUSCO,LA CONVENCION,3.0,159.0,0.0188679245283018,0.0,0.3584905660377358,0.1195140863272163,0.3207719479624364,0.2012578616352201,Acceso medio
211210,SAN PEDRO DE PUTINA PUNCO,PUNO,SANDIA,5.0,40.0,0.125,0.0,0.525,0.1751141552511415,0.2917808219178082,0.1166666666666666,Mejor atendido
110203,CHAVIN,ICA,CHINCHA,1.0,73.0,0.0136986301369863,0.0,0.4794520547945205,0.1598298617626821,0.3242134234065177,0.1643835616438355,Acceso medio
150507,IMPERIAL,LIMA,CAÑETE,9.0,42.0,0.2142857142857142,4429.0,0.0,0.0025753959560084,0.0025753959560084,0.0,Acceso medio
110209,SAN PEDRO DE HUACARPANA,ICA,CHINCHA,4.0,39.0,0.1025641025641025,0.0,0.9230769230769232,0.3077859735393982,0.3334269991804238,0.0256410256410255,Mejor atendido
151005,AZANGARO,LIMA,YAUYOS,1.0,96.0,0.0104166666666666,0.0,0.0,9.512937595129377e-06,9.512937595129377e-06,0.0,Subatendido
080903,HUAYOPATA,CUSCO,LA CONVENCION,6.0,94.0,0.0638297872340425,0.0,0.8085106382978723,0.2695618381424269,0.3333916253764694,0.0638297872340425,Mejor atendido
090701,PAMPAS,HUANCAVELICA,TAYACAJA,12.0,51.0,0.2352941176470588,4307.857142857143,1.0,0.3358628250012817,0.3358628250012817,0.0,Mejor atendido
151010,COCHAS,LIMA,YAUYOS,0.0,15.0,0.0,0.0,0.0,0.0,0.0,0.0,Subatendido
120106,CHICCHE,JUNIN,HUANCAYO,3.0,19.0,0.1578947368421052,0.0,1.0,0.3334775294400384,0.3334775294400384,0.0,Mejor atendido
151004,AYAVIRI,LIMA,YAUYOS,1.0,45.0,0.0222222222222222,0.0,0.0,2.0294266869609337e-05,2.0294266869609337e-05,0.0,Subatendido
151025,QUINOCAY,LIMA,YAUYOS,2.0,39.0,0.0512820512820512,0.0,0.0,4.683292354525231e-05,4.683292354525231e-05,0.0,Subatendido
151024,QUINCHES,LIMA,YAUYOS,1.0,47.0,0.0212765957446808,0.0,0.0,1.943068104537064e-05,1.943068104537064e-05,0.0,Subatendido
120112,COLCA,JUNIN,HUANCAYO,2.0,32.0,0.0625,0.0,0.875,0.2917237442922374,0.3333904109589041,0.0416666666666666,Mejor atendido
151002,ALIS,LIMA,YAUYOS,2.0,39.0,0.0512820512820512,0.0,0.0,4.683292354525231e-05,4.683292354525231e-05,0.0,Subatendido
151017,HUAÑEC,LIMA,YAUYOS,1.0,15.0,0.0666666666666666,0.0,0.0,6.088280060882801e-05,6.088280060882801e-05,0.0,Subatendido
150127,PUNTA NEGRA,LIMA,LIMA,2.0,4.0,0.5,0.0,0.0,0.0004566210045662,0.0004566210045662,0.0,Acceso medio
090713,QUISHUAR,HUANCAVELICA,TAYACAJA,1.0,17.0,0.0588235294117647,1.0,1.0,0.3333875907514136,0.3333875907514136,0.0,Mejor atendido
150713,MARIATANA,LIMA,HUAROCHIRI,3.0,70.0,0.0428571428571428,0.0,0.0,3.913894324853229e-05,3.913894324853229e-05,0.0,Subatendido
151026,SAN JOAQUIN,LIMA,YAUYOS,0.0,27.0,0.0,0.0,0.0,0.0,0.0,0.0,Subatendido
120113,CULLHUAS,JUNIN,HUANCAYO,4.0,27.0,0.1481481481481481,0.0,1.0,0.3334686284457974,0.3334686284457974,0.0,Mejor atendido
170203,MADRE DE DIOS,MADRE DE DIOS,MANU,9.0,43.0,0.2093023255813953,0.0,0.2093023255813953,0.0699585855367951,0.2637570351491982,0.193798449612403,Acceso medio
070104,LA PERLA,CALLAO,CALLAO,78.0,1.0,78.0,21.75,0.0,0.0712445629850686,0.0712445629850686,0.0,Acceso medio
150134,SAN LUIS,LIMA,LIMA,95.0,1.0,95.0,19909.5,0.0,0.0974553631487081,0.0974553631487081,0.0,Acceso medio
150136,SAN MIGUEL,LIMA,LIMA,92.0,1.0,92.0,100705.22222222222,0.0,0.1381271702755203,0.1381271702755203,0.0,Acceso medio
080304,CHINCHAYPUJIO,CUSCO,ANTA,2.0,192.0,0.0104166666666666,0.0,0.6145833333333334,0.2048706240487062,0.3333428462709285,0.1284722222222222,Mejor atendido
080308,PUCYURA,CUSCO,ANTA,1.0,37.0,0.027027027027027,0.0,1.0,0.3333580155497964,0.3333580155497964,0.0,Mejor atendido
030202,ANDARAPA,APURIMAC,ANDAHUAYLAS,7.0,61.0,0.1147540983606557,0.0,0.7540983606557377,0.2514709184819222,0.3334381315966764,0.0819672131147541,Mejor atendido
080303,CACHIMAYO,CUSCO,ANTA,1.0,23.0,0.0434782608695652,0.0,1.0,0.3333730395076434,0.3333730395076434,0.0,Mejor atendido
080406,SAN SALVADOR,CUSCO,CALCA,2.0,58.0,0.0344827586206896,0.0,0.8275862068965517,0.2758935600692804,0.3333648244370965,0.0574712643678161,Mejor atendido
211203,LIMBANI,PUNO,SANDIA,3.0,103.0,0.029126213592233,0.0,0.1262135922330097,0.0420977966928226,0.2168550782462207,0.1747572815533981,Acceso medio
030606,ONGOY,APURIMAC,CHINCHEROS,9.0,40.0,0.225,0.0,1.0,0.3335388127853881,0.3335388127853881,0.0,Mejor atendido
080307,MOLLEPATA,CUSCO,ANTA,2.0,107.0,0.0186915887850467,0.0,0.5420560747663551,0.1807024281995476,0.3240046088849059,0.1433021806853582,Mejor atendido
080306,LIMATAMBO,CUSCO,ANTA,3.0,134.0,0.0223880597014925,0.0,0.6865671641791045,0.2288761671096572,0.3333537790499556,0.1044776119402984,Mejor atendido
080405,PISAC,CUSCO,CALCA,4.0,60.0,0.0666666666666666,0.0,0.95,0.3167275494672755,0.3333942161339422,0.0166666666666667,Mejor atendido
090413,TICRAPO,HUANCAVELICA,CASTROVIRREYNA,2.0,91.0,0.0219780219780219,35.5,0.7582417582417582,0.2527863981465117,0.3333724787325924,0.0805860805860806,Mejor atendido
080305,HUAROCONDO,CUSCO,ANTA,2.0,84.0,0.0238095238095238,0.0,0.369047619047619,0.1230376168732333,0.3333550771906936,0.2103174603174603,Acceso medio
081305,MARAS,CUSCO,URUBAMBA,2.0,59.0,0.0338983050847457,0.0,0.864406779661017,0.2881665505765807,0.3333642906895751,0.0451977401129943,Mejor atendido
080403,LAMAY,CUSCO,CALCA,4.0,109.0,0.036697247706422,0.0,0.8348623853211009,0.2783209752419253,0.3333668468015584,0.055045871559633,Mejor atendido
081303,HUAYLLABAMBA,CUSCO,URUBAMBA,1.0,41.0,0.024390243902439,0.0,1.0,0.333355607528678,0.333355607528678,0.0,Mejor atendido
110202,ALTO LARAN,ICA,CHINCHA,3.0,58.0,0.0517241379310344,0.0,0.5344827586206896,0.1782081561958746,0.3333805699889781,0.1551724137931034,Mejor atendido
081104,COLQUEPATA,CUSCO,PAUCARTAMBO,5.0,139.0,0.0359712230215827,0.0,0.8776978417266187,0.2925987976741894,0.3333661837653165,0.0407673860911271,Mejor atendido
081307,YUCAY,CUSCO,URUBAMBA,1.0,16.0,0.0625,0.0,0.9375,0.3125570776255708,0.3333904109589041,0.0208333333333333,Mejor atendido
150142,VILLA EL SALVADOR,LIMA,LIMA,168.0,1.0,168.0,109735.3,0.0,0.2123854228212346,0.2123854228212346,0.0,Mejor atendido
150126,PUNTA HERMOSA,LIMA,LIMA,2.0,13.0,0.1538461538461538,0.0,0.0,0.0001404987706357,0.0001404987706357,0.0,Subatendido
081209,MARCAPATA,CUSCO,QUISPICANCHI,2.0,286.0,0.0069930069930069,0.0,0.1748251748251748,0.0582814445828144,0.3065331928345627,0.2482517482517482,Acceso medio
050618,SAN PEDRO DE PALCO,AYACUCHO,LUCANAS,2.0,271.0,0.007380073800738,0.0,0.2619926199261992,0.0873376131021584,0.1328480682067094,0.045510455104551,Acceso medio
050908,SAN PEDRO DE LARCAY,AYACUCHO,SUCRE,1.0,50.0,0.02,0.0,0.22,0.0733515981735159,0.3266849315068493,0.2533333333333333,Acceso medio
050905,HUACAÑA,AYACUCHO,SUCRE,1.0,36.0,0.0277777777777777,0.0,0.6388888888888888,0.2129883307965499,0.3333587011669203,0.1203703703703703,Mejor atendido
050907,PAICO,AYACUCHO,SUCRE,2.0,22.0,0.0909090909090909,0.0,0.7727272727272727,0.2576587795765878,0.3334163553341636,0.0757575757575758,Mejor atendido
050302,CARAPO,AYACUCHO,HUANCA SANCOS,4.0,149.0,0.0268456375838926,0.0,0.825503355704698,0.2751923017989029,0.3333578498973368,0.0581655480984339,Mejor atendido
051103,CARHUANCA,AYACUCHO,VILCAS HUAMAN,1.0,27.0,0.037037037037037,0.0,1.0,0.3333671571114494,0.3333671571114494,0.0,Mejor atendido
050304,SANTIAGO DE LUCANAMARCA,AYACUCHO,HUANCA SANCOS,4.0,206.0,0.0194174757281553,0.0,0.2815533980582524,0.0938688655406304,0.213609965864255,0.1197411003236246,Acceso medio
051105,HUAMBALPA,AYACUCHO,VILCAS HUAMAN,2.0,39.0,0.0512820512820512,0.0,0.8461538461538461,0.2820981149748273,0.3333801662568785,0.0512820512820512,Mejor atendido
051005,CANARIA,AYACUCHO,VICTOR FAJARDO,4.0,166.0,0.0240963855421686,20.5,0.4337349397590361,0.1446113337324271,0.3193101289131501,0.1746987951807229,Acceso medio
050909,SAN SALVADOR DE QUIJE,AYACUCHO,SUCRE,3.0,46.0,0.0652173913043478,0.0,0.9565217391304348,0.3189001389716101,0.3333928925947985,0.0144927536231883,Mejor atendido
050901,QUEROBAMBA,AYACUCHO,SUCRE,4.0,72.0,0.0555555555555555,790.0,0.7083333333333334,0.2365863136961932,0.3338085359184154,0.0972222222222222,Mejor atendido
050904,CHILCAYOC,AYACUCHO,SUCRE,1.0,15.0,0.0666666666666666,0.0,1.0,0.3333942161339422,0.3333942161339422,0.0,Mejor atendido
051106,INDEPENDENCIA,AYACUCHO,VILCAS HUAMAN,2.0,33.0,0.0606060606060606,0.0,0.6666666666666666,0.2222775702227757,0.3333886813338868,0.1111111111111111,Mejor atendido
050903,CHALCOS,AYACUCHO,SUCRE,1.0,20.0,0.05,0.0,1.0,0.3333789954337899,0.3333789954337899,0.0,Mejor atendido
050303,SACSAMARCA,AYACUCHO,HUANCA SANCOS,2.0,188.0,0.0106382978723404,0.0,0.25,0.083343048673856,0.2393714174681822,0.1560283687943262,Acceso medio
051010,HUALLA,AYACUCHO,VICTOR FAJARDO,2.0,98.0,0.0204081632653061,36.0,0.4081632653061224,0.1360924021569897,0.3333713137216155,0.1972789115646258,Acceso medio
050301,SANCOS,AYACUCHO,HUANCA SANCOS,2.0,236.0,0.0084745762711864,1143.0,0.1228813559322034,0.0415823250976881,0.0910173533462756,0.0494350282485875,Acceso medio
030108,SAN PEDRO DE CACHORA,APURIMAC,ABANCAY,1.0,63.0,0.0158730158730158,0.0,0.7142857142857143,0.2381097340001449,0.3333478292382402,0.0952380952380952,Mejor atendido
080407,TARAY,CUSCO,CALCA,3.0,31.0,0.0967741935483871,0.0,1.0,0.3334217115922817,0.3334217115922817,0.0,Mejor atendido
080309,ZURITE,CUSCO,ANTA,1.0,29.0,0.0344827586206896,0.0,1.0,0.3333648244370965,0.3333648244370965,0.0,Mejor atendido
110211,TAMBO DE MORA,ICA,CHINCHA,2.0,19.0,0.1052631578947368,0.0,1.0,0.3334294640711367,0.3334294640711367,0.0,Mejor atendido
030208,PACOBAMBA,APURIMAC,ANDAHUAYLAS,7.0,54.0,0.1296296296296296,0.0,0.9074074074074074,0.3025875190258752,0.3334517165567394,0.0308641975308641,Mejor atendido
110210,SUNAMPE,ICA,CHINCHA,2.0,11.0,0.1818181818181818,48.0,1.0,0.3335251677300059,0.3335251677300059,0.0,Mejor atendido
110205,EL CARMEN,ICA,CHINCHA,4.0,74.0,0.054054054054054,0.0,0.9324324324324323,0.3108601752437369,0.3243736887572504,0.0135135135135135,Mejor atendido
080301,ANTA,CUSCO,ANTA,4.0,84.0,0.0476190476190476,0.0,0.8690476190476191,0.2897260273972603,0.3333768210480539,0.0436507936507936,Mejor atendido
080302,ANCAHUASI,CUSCO,ANTA,1.0,45.0,0.0222222222222222,0.0,0.8222222222222222,0.2740943683409436,0.3333536276002029,0.0592592592592592,Mejor atendido
030105,HUANIPACA,APURIMAC,ABANCAY,6.0,96.0,0.0625,0.0,0.7291666666666666,0.2431126331811263,0.3333904109589041,0.0902777777777777,Mejor atendido
030605,OCOBAMBA,APURIMAC,CHINCHEROS,6.0,59.0,0.1016949152542373,0.0,0.9491525423728814,0.3164770528596858,0.3334262054020587,0.0169491525423728,Mejor atendido
090610,SAN ANTONIO DE CUSICANCHA,HUANCAVELICA,HUAYTARA,2.0,134.0,0.0149253731343283,0.0,0.582089552238806,0.1940434812240169,0.3333469638110816,0.1393034825870646,Mejor atendido
081302,CHINCHERO,CUSCO,URUBAMBA,2.0,43.0,0.0465116279069767,0.0,1.0,0.333375809705851,0.333375809705851,0.0,Mejor atendido
210309,SAN GABAN,PUNO,CARABAYA,7.0,58.0,0.1206896551724138,41.0,0.3620689655172414,0.1208219033313244,0.333465581492244,0.2126436781609195,Acceso medio
080402,COYA,CUSCO,CALCA,2.0,35.0,0.0571428571428571,0.0,1.0,0.333385518590998,0.333385518590998,0.0,Mejor atendido
110502,HUANCANO,ICA,PISCO,2.0,58.0,0.0344827586206896,0.0,0.4137931034482758,0.1379625255865218,0.3218705715635333,0.1839080459770115,Acceso medio
120126,PUCARA,JUNIN,HUANCAYO,5.0,31.0,0.1612903225806451,0.0,0.8709677419354839,0.2904698777434084,0.3334806304315805,0.043010752688172,Mejor atendido
090302,ANCHONGA,HUANCAVELICA,ANGARAES,7.0,74.0,0.0945945945945946,400.125,1.0,0.3336347082118754,0.3336347082118754,0.0,Mejor atendido
170204,HUEPETUHE,MADRE DE DIOS,MANU,6.0,27.0,0.2222222222222222,0.0,0.8148148148148148,0.271807880940301,0.3335362760020294,0.0617283950617284,Mejor atendido
110207,PUEBLO NUEVO,ICA,CHINCHA,11.0,8.0,1.375,102.0,0.5,0.1679771790186245,0.2513105123519578,0.0833333333333333,Acceso medio
090407,HUACHOS,HUANCAVELICA,CASTROVIRREYNA,4.0,91.0,0.0439560439560439,8.5,0.7362637362637363,0.2454659549762581,0.333378042888346,0.0879120879120878,Mejor atendido
210303,AYAPATA,PUNO,CARABAYA,4.0,111.0,0.036036036036036,14.25,0.6846846846846847,0.2282687943736981,0.3243648904697943,0.0960960960960961,Mejor atendido
081101,PAUCARTAMBO,CUSCO,PAUCARTAMBO,3.0,183.0,0.0163934426229508,0.0,0.3934426229508196,0.1311625121640841,0.3169548618908601,0.1857923497267759,Acceso medio
081306,OLLANTAYTAMBO,CUSCO,URUBAMBA,4.0,113.0,0.0353982300884955,0.0,0.6371681415929203,0.2124217076817391,0.3333656604840991,0.1209439528023599,Mejor atendido
081304,MACHUPICCHU,CUSCO,URUBAMBA,11.0,40.0,0.275,0.0,0.7,0.2335844748858447,0.3335844748858447,0.1,Mejor atendido
110208,SAN JUAN DE YANAC,ICA,CHINCHA,2.0,68.0,0.0294117647058823,0.0,0.4705882352941176,0.1568896051571313,0.3333601933924254,0.1764705882352941,Acceso medio
081203,CAMANTI,CUSCO,QUISPICANCHI,2.0,81.0,0.0246913580246913,0.0,0.2222222222222222,0.0740966232594847,0.2222447714076328,0.1481481481481481,Acceso medio
150501,SAN VICENTE DE CAÑETE,LIMA,CAÑETE,20.0,94.0,0.2127659574468085,22159.18181818182,0.0,0.012100432898718,0.0156465321894981,0.0035460992907801,Acceso medio
090412,TANTARA,HUANCAVELICA,CASTROVIRREYNA,2.0,35.0,0.0571428571428571,15.0,0.8571428571428571,0.2857745304703917,0.3333935780894393,0.0476190476190476,Mejor atendido
081103,CHALLABAMBA,CUSCO,PAUCARTAMBO,3.0,290.0,0.0103448275862068,0.0,0.1896551724137931,0.0632278381357266,0.2816186427334278,0.2183908045977011,Acceso medio
150714,RICARDO PALMA,LIMA,HUAROCHIRI,1.0,12.0,0.0833333333333333,142.0,0.0,0.0001524000860052,0.0001524000860052,0.0,Acceso medio
120101,HUANCAYO,JUNIN,HUANCAYO,244.0,19.0,12.842105263157896,18468.41176470588,1.0,0.3549843590674033,0.3549843590674033,0.0,Mejor atendido
120211,MITO,JUNIN,CONCEPCION,3.0,7.0,0.4285714285714285,0.0,1.0,0.3337247227658186,0.3337247227658186,0.0,Mejor atendido
090101,HUANCAVELICA,HUANCAVELICA,HUANCAVELICA,27.0,151.0,0.1788079470198675,42463.75,0.5033112582781457,0.1907494828172642,0.3254073194618558,0.1346578366445915,Mejor atendido
081106,KOSÑIPATA,CUSCO,PAUCARTAMBO,2.0,93.0,0.021505376344086,0.0,0.2150537634408602,0.0717042274267197,0.2580841557421319,0.1863799283154122,Acceso medio
090111,MARISCAL CACERES,HUANCAVELICA,HUANCAVELICA,1.0,1.0,1.0,0.0,1.0,0.3342465753424657,0.3342465753424657,0.0,Mejor atendido
150506,COAYLLO,LIMA,CAÑETE,1.0,35.0,0.0285714285714285,0.0,0.0,2.609262883235486e-05,2.609262883235486e-05,0.0,Subatendido
090112,MOYA,HUANCAVELICA,HUANCAVELICA,2.0,35.0,0.0571428571428571,56.5,0.8571428571428571,0.2857968284160793,0.3334158760351269,0.0476190476190476,Mejor atendido
090115,PILCHACA,HUANCAVELICA,HUANCAVELICA,1.0,20.0,0.05,3.0,1.0,0.3333806073334782,0.3333806073334782,0.0,Mejor atendido
151022,OMAS,LIMA,YAUYOS,1.0,41.0,0.024390243902439,0.0,0.0,2.227419534469317e-05,2.227419534469317e-05,0.0,Subatendido
151016,HUANTAN,LIMA,YAUYOS,1.0,88.0,0.0113636363636363,2890.0,0.0,0.0015631744497928,0.0015631744497928,0.0,Acceso medio
090107,HUAYLLAHUARA,HUANCAVELICA,HUANCAVELICA,1.0,39.0,0.0256410256410256,2.0,1.0,0.3333578243948981,0.3333578243948981,0.0,Mejor atendido
150129,SAN BARTOLO,LIMA,LIMA,3.0,11.0,0.2727272727272727,6579.0,0.0,0.0037839620188417,0.0037839620188417,0.0,Acceso medio
151001,YAUYOS,LIMA,YAUYOS,2.0,71.0,0.028169014084507,4054.0,0.0,0.0022039389057512,0.0022039389057512,0.0,Acceso medio
090702,ACOSTAMBO,HUANCAVELICA,TAYACAJA,6.0,71.0,0.0845070422535211,19.83333333333333,0.8450704225352113,0.2817779726740629,0.3334211651623258,0.0516431924882628,Mejor atendido
090703,ACRAQUIA,HUANCAVELICA,TAYACAJA,4.0,45.0,0.0888888888888888,39.25,0.6666666666666666,0.222324488310622,0.3334355994217331,0.1111111111111111,Mejor atendido
120104,CARHUACALLANGA,JUNIN,HUANCAYO,1.0,11.0,0.0909090909090909,0.0,1.0,0.3334163553341636,0.3334163553341636,0.0,Mejor atendido
080906,QUELLOUNO,CUSCO,LA CONVENCION,8.0,190.0,0.0421052631578947,0.0,0.7684210526315789,0.2561788031723143,0.3333717856284546,0.0771929824561403,Mejor atendido
150503,CALANGO,LIMA,CAÑETE,1.0,56.0,0.0178571428571428,0.0,0.0,1.6307893020221784e-05,1.6307893020221784e-05,0.0,Subatendido
120120,HUASICANCHA,JUNIN,HUANCAYO,1.0,14.0,0.0714285714285714,0.0,0.5714285714285714,0.1905414220482713,0.3333985649054142,0.1428571428571428,Mejor atendido
120105,CHACAPAMPA,JUNIN,HUANCAYO,4.0,23.0,0.1739130434782608,0.0,0.782608695652174,0.2610283899146317,0.3334921580305738,0.072463768115942,Mejor atendido
151013,HUAMPARA,LIMA,YAUYOS,1.0,18.0,0.0555555555555555,0.0,0.0,5.073566717402333e-05,5.073566717402333e-05,0.0,Subatendido
120108,CHONGOS ALTO,JUNIN,HUANCAYO,1.0,60.0,0.0166666666666666,0.0,0.15,0.0500152207001522,0.2000152207001522,0.15,Acceso medio
090704,AHUAYCHA,HUANCAVELICA,TAYACAJA,5.0,53.0,0.0943396226415094,2.0,0.981132075471698,0.3271312546635468,0.3334205628396474,0.0062893081761006,Mejor atendido
151018,LARAOS,LIMA,YAUYOS,1.0,88.0,0.0113636363636363,918.0,0.0,0.0005036190547109,0.0005036190547109,0.0,Acceso medio
151007,CARANIA,LIMA,YAUYOS,1.0,28.0,0.0357142857142857,1038.0,0.0,0.0005903330781779,0.0005903330781779,0.0,Acceso medio
090706,DANIEL HERNANDEZ,HUANCAVELICA,TAYACAJA,4.0,60.0,0.0666666666666666,180.25,1.0,0.3334910644402116,0.3334910644402116,0.0,Mejor atendido
090710,ÑAHUIMPUQUIO,HUANCAVELICA,TAYACAJA,2.0,19.0,0.1052631578947368,0.0,0.7368421052631579,0.2457101658255227,0.3334294640711367,0.087719298245614,Mejor atendido
150505,CHILCA,LIMA,CAÑETE,8.0,61.0,0.1311475409836065,0.0,0.0,0.0001197694438206,0.0001197694438206,0.0,Subatendido
150710,LAHUAYTAMBO,LIMA,HUAROCHIRI,2.0,28.0,0.0714285714285714,0.0,0.0,6.523157208088714e-05,6.523157208088714e-05,0.0,Subatendido
150123,PACHACAMAC,LIMA,LIMA,55.0,24.0,2.2916666666666665,0.0,0.0,0.0020928462709284,0.0020928462709284,0.0,Acceso medio
120905,HUAMANCACA CHICO,JUNIN,CHUPACA,2.0,7.0,0.2857142857142857,0.0,1.0,0.3335942596216568,0.3335942596216568,0.0,Mejor atendido
150115,LA VICTORIA,LIMA,LIMA,89.0,1.0,89.0,187964.0,0.0,0.1822715764807319,0.1822715764807319,0.0,Mejor atendido
150114,LA MOLINA,LIMA,LIMA,152.0,10.0,15.2,112476.375,0.0,0.0743148231384652,0.0743148231384652,0.0,Acceso medio
070102,BELLAVISTA,CALLAO,CALLAO,118.0,1.0,118.0,100095.76923076923,0.0,0.1615440034839861,0.1615440034839861,0.0,Acceso medio
150105,BREÑA,LIMA,LIMA,147.0,1.0,147.0,89612.66666666667,0.0,0.182395451830473,0.182395451830473,0.0,Mejor atendido
120107,CHILCA,JUNIN,HUANCAYO,28.0,13.0,2.1538461538461537,1135.1666666666667,0.9230769230769232,0.3102692154132488,0.3359102410542744,0.0256410256410256,Mejor atendido
120133,SAPALLANGA,JUNIN,HUANCAYO,6.0,36.0,0.1666666666666666,3.857142857142857,0.6388888888888888,0.2131172424069413,0.3334876127773117,0.1203703703703703,Mejor atendido
120901,CHUPACA,JUNIN,CHUPACA,4.0,13.0,0.3076923076923077,3755.0,1.0,0.3356318919844085,0.3356318919844085,0.0,Mejor atendido
150725,SAN PEDRO DE HUANCAYRE,LIMA,HUAROCHIRI,1.0,37.0,0.027027027027027,0.0,0.0,2.468221646303838e-05,2.468221646303838e-05,0.0,Subatendido
090715,SALCAHUASI,HUANCAVELICA,TAYACAJA,4.0,55.0,0.0727272727272727,8.25,1.0,0.3334041836581402,0.3334041836581402,0.0,Mejor atendido
120907,SAN JUAN DE JARPA,JUNIN,CHUPACA,2.0,21.0,0.0952380952380952,0.0,0.8095238095238095,0.269928245270711,0.3334203087627745,0.0634920634920634,Mejor atendido
120902,AHUAC,JUNIN,CHUPACA,2.0,38.0,0.0526315789473684,0.0,1.0,0.333381398702235,0.333381398702235,0.0,Mejor atendido
151030,TOMAS,LIMA,YAUYOS,2.0,54.0,0.037037037037037,0.0,0.0,3.382377811601556e-05,3.382377811601556e-05,0.0,Subatendido
090717,SURCUBAMBA,HUANCAVELICA,TAYACAJA,7.0,119.0,0.0588235294117647,45.85714285714285,0.8991596638655462,0.2997982471114583,0.3334116924896095,0.0336134453781512,Mejor atendido
150137,SANTA ANITA,LIMA,LIMA,178.0,3.0,59.333333333333336,60877.5,0.0,0.0868951669658445,0.0868951669658445,0.0,Acceso medio
120125,PILCOMAYO,JUNIN,HUANCAYO,1.0,3.0,0.3333333333333333,0.5,1.0,0.3336380159863255,0.3336380159863255,0.0,Mejor atendido
120904,HUACHAC,JUNIN,CHUPACA,4.0,10.0,0.4,0.0,1.0,0.3336986301369862,0.3336986301369862,0.0,Mejor atendido
150109,CIENEGUILLA,LIMA,LIMA,22.0,11.0,2.0,0.0,0.0,0.0018264840182648,0.0018264840182648,0.0,Acceso medio
090716,SAN MARCOS DE ROCCHAC,HUANCAVELICA,TAYACAJA,4.0,54.0,0.074074074074074,24.0,0.9444444444444444,0.3148953575685529,0.3334138760870714,0.0185185185185185,Mejor atendido
120214,SAN JOSE DE QUERO,JUNIN,CONCEPCION,6.0,61.0,0.0983606557377049,0.0,0.8032786885245902,0.2678493899243955,0.3334231604161988,0.0655737704918032,Mejor atendido
090707,HUACHOCOLPA,HUANCAVELICA,TAYACAJA,4.0,50.0,0.08,25.8,0.9,0.3000869216980496,0.3334202550313829,0.0333333333333333,Mejor atendido
151014,HUANCAYA,LIMA,YAUYOS,1.0,36.0,0.0277777777777777,0.0,0.0,2.5367833587011662e-05,2.5367833587011662e-05,0.0,Subatendido
151028,TANTA,LIMA,YAUYOS,1.0,27.0,0.037037037037037,0.0,0.0,3.382377811601556e-05,3.382377811601556e-05,0.0,Subatendido
120134,SICAYA,JUNIN,HUANCAYO,1.0,14.0,0.0714285714285714,0.0,1.0,0.3333985649054142,0.3333985649054142,0.0,Mejor atendido
160510,JENARO HERRERA,LORETO,REQUENA,1.0,24.0,0.0416666666666666,0.0,0.0,3.80517503805175e-05,3.80517503805175e-05,0.0,Subatendido
120809,SUITUCANCHA,JUNIN,YAULI,1.0,161.0,0.0062111801242236,0.0,0.5217391304347826,0.1739187157888766,0.3312686122692078,0.1573498964803312,Mejor atendido
120416,MASMA,JUNIN,JAUJA,2.0,13.0,0.1538461538461538,0.0,1.0,0.3334738321039691,0.3334738321039691,0.0,Mejor atendido
120408,HUAMALI,JUNIN,JAUJA,1.0,10.0,0.1,0.0,1.0,0.3334246575342465,0.3334246575342465,0.0,Mejor atendido
120405,CANCHAYLLO,JUNIN,JAUJA,2.0,22.0,0.0909090909090909,0.0,0.2727272727272727,0.0909921129099211,0.2425072644250726,0.1515151515151515,Acceso medio
120410,HUERTAS,JUNIN,JAUJA,1.0,22.0,0.0454545454545454,0.0,1.0,0.3333748443337485,0.3333748443337485,0.0,Mejor atendido
120411,JANJAILLO,JUNIN,JAUJA,1.0,21.0,0.0476190476190476,0.0,1.0,0.3333768210480539,0.3333768210480539,0.0,Mejor atendido
120417,MASMA CHICCHE,JUNIN,JAUJA,1.0,15.0,0.0666666666666666,0.0,1.0,0.3333942161339422,0.3333942161339422,0.0,Mejor atendido
120412,JULCAN,JUNIN,JAUJA,1.0,12.0,0.0833333333333333,0.0,1.0,0.3334094368340943,0.3334094368340943,0.0,Mejor atendido
150724,SAN PEDRO DE CASTA,LIMA,HUAROCHIRI,3.0,14.0,0.2142857142857142,0.0,0.0,0.0001956947162426,0.0001956947162426,0.0,Acceso medio
120415,MARCO,JUNIN,JAUJA,1.0,8.0,0.125,0.0,1.0,0.3334474885844748,0.3334474885844748,0.0,Mejor atendido
120424,PANCAN,JUNIN,JAUJA,2.0,4.0,0.5,0.0,1.0,0.3337899543378995,0.3337899543378995,0.0,Mejor atendido
120406,CURICACA,JUNIN,JAUJA,1.0,25.0,0.04,0.0,0.92,0.3067031963470319,0.3333698630136986,0.0266666666666666,Mejor atendido
150701,MATUCANA,LIMA,HUAROCHIRI,1.0,75.0,0.0133333333333333,11073.0,0.0,0.0059616983094842,0.0059616983094842,0.0,Acceso medio
150708,HUANZA,LIMA,HUAROCHIRI,2.0,48.0,0.0416666666666666,0.0,0.0,3.80517503805175e-05,3.80517503805175e-05,0.0,Subatendido
120801,LA OROYA,JUNIN,YAULI,8.0,70.0,0.1142857142857142,69.25,0.1571428571428571,0.0525225309140857,0.3334749118664667,0.280952380952381,Acceso medio
150712,SAN PEDRO DE LARAOS,LIMA,HUAROCHIRI,1.0,27.0,0.037037037037037,0.0,0.0,3.382377811601556e-05,3.382377811601556e-05,0.0,Subatendido
120427,RICRAN,JUNIN,JAUJA,2.0,61.0,0.0327868852459016,0.0,0.6229508196721312,0.2076802155849989,0.3333632756942885,0.1256830601092896,Mejor atendido
120703,HUARICOLCA,JUNIN,TARMA,3.0,31.0,0.0967741935483871,0.0,0.7419354838709677,0.2474002062159375,0.3334217115922817,0.0860215053763441,Mejor atendido
120418,MOLINOS,JUNIN,JAUJA,3.0,34.0,0.088235294117647,0.0,0.7941176470588235,0.2647864625302175,0.3334139135106097,0.0686274509803921,Mejor atendido
120403,APATA,JUNIN,JAUJA,5.0,120.0,0.0416666666666666,0.0,0.4333333333333333,0.1444824961948249,0.3333713850837138,0.1888888888888888,Acceso medio
120206,COMAS,JUNIN,CONCEPCION,7.0,118.0,0.059322033898305,0.0,0.788135593220339,0.2627660397802028,0.3333875087067564,0.0706214689265536,Mejor atendido
150403,HUAMANTANGA,LIMA,CANTA,3.0,34.0,0.088235294117647,0.0,0.0,8.058017727639001e-05,8.058017727639001e-05,0.0,Subatendido
150401,CANTA,LIMA,CANTA,3.0,123.0,0.024390243902439,0.0,0.0,2.227419534469317e-05,2.227419534469317e-05,0.0,Subatendido
120805,MOROCOCHA,JUNIN,YAULI,7.0,24.0,0.2916666666666667,4.5,0.5416666666666666,0.1808243356577515,0.3336021134355293,0.1527777777777778,Mejor atendido
150605,CHANCAY,LIMA,HUARAL,14.0,47.0,0.2978723404255319,33698.5,0.0,0.018378230082896,0.018378230082896,0.0,Acceso medio
170103,LAS PIEDRAS,MADRE DE DIOS,TAMBOPATA,11.0,76.0,0.1447368421052631,0.0,0.4210526315789473,0.1404830569574621,0.3027637587118481,0.162280701754386,Acceso medio
120701,TARMA,JUNIN,TARMA,19.0,111.0,0.1711711711711711,4681.571428571428,0.8828828828828829,0.2969660228406517,0.3360050618796908,0.0390390390390391,Mejor atendido
150604,AUCALLAMA,LIMA,HUARAL,6.0,75.0,0.08,0.0,0.0,7.305936073059361e-05,7.305936073059361e-05,0.0,Subatendido
120709,TAPO,JUNIN,TARMA,6.0,30.0,0.2,0.0,1.0,0.3335159817351598,0.3335159817351598,0.0,Mejor atendido
120603,LLAYLLA,JUNIN,SATIPO,3.0,35.0,0.0857142857142857,15.666666666666666,0.8571428571428571,0.2858009812991547,0.3334200289182024,0.0476190476190476,Mejor atendido
150406,SAN BUENAVENTURA,LIMA,CANTA,3.0,37.0,0.081081081081081,0.0,0.0,7.404664938911514e-05,7.404664938911514e-05,0.0,Subatendido
120806,PACCHA,JUNIN,YAULI,1.0,30.0,0.0333333333333333,13.0,0.3666666666666666,0.1222596485211757,0.3333707596322868,0.211111111111111,Acceso medio
170303,TAHUAMANU,MADRE DE DIOS,TAHUAMANU,7.0,11.0,0.6363636363636364,0.0,0.5454545454545454,0.1823993358239933,0.3339144873391448,0.1515151515151515,Mejor atendido
120705,LA UNION,JUNIN,TARMA,5.0,29.0,0.1724137931034483,0.0,0.7586206896551724,0.2530310187372067,0.3334907888521493,0.0804597701149425,Mejor atendido
150611,SUMBILCA,LIMA,HUARAL,4.0,22.0,0.1818181818181818,0.0,0.0,0.0001660440016604,0.0001660440016604,0.0,Acceso medio
170202,FITZCARRALD,MADRE DE DIOS,MANU,4.0,15.0,0.2666666666666666,0.0,0.2666666666666666,0.0891324200913242,0.2002435312024353,0.1111111111111111,Acceso medio
150404,HUAROS,LIMA,CANTA,2.0,109.0,0.018348623853211,0.0,0.0,1.675673411252147e-05,1.675673411252147e-05,0.0,Subatendido
120702,ACOBAMBA,JUNIN,TARMA,6.0,45.0,0.1333333333333333,947.0,1.0,0.3339639219361446,0.3339639219361446,0.0,Mejor atendido
150603,ATAVILLOS BAJO,LIMA,HUARAL,4.0,41.0,0.0975609756097561,0.0,0.0,8.90967813787727e-05,8.90967813787727e-05,0.0,Subatendido
120605,PAMPA HERMOSA,JUNIN,SATIPO,6.0,58.0,0.1034482758620689,0.0,0.8793103448275862,0.2931979215871516,0.3334278066446228,0.0402298850574712,Mejor atendido
120602,COVIRIALI,JUNIN,SATIPO,6.0,46.0,0.1304347826086956,0.0,1.0,0.3334524518562636,0.3334524518562636,0.0,Mejor atendido
120419,MONOBAMBA,JUNIN,JAUJA,2.0,25.0,0.08,0.0,0.8,0.2667397260273972,0.3334063926940639,0.0666666666666667,Mejor atendido
150608,PACARAOS,LIMA,HUARAL,4.0,73.0,0.0547945205479452,0.0,0.0,5.004065803465316e-05,5.004065803465316e-05,0.0,Subatendido
070103,CARMEN DE LA LEGUA REYNOSO,CALLAO,CALLAO,100.0,1.0,100.0,82283.25,0.0,0.1355349825878768,0.1355349825878768,0.0,Acceso medio
150101,LIMA,LIMA,LIMA,253.0,1.0,253.0,141554.66666666666,0.0,0.307107536001019,0.307107536001019,0.0,Mejor atendido
150111,EL AGUSTINO,LIMA,LIMA,100.0,3.0,33.333333333333336,61606.5,0.0,0.0635425663526484,0.0635425663526484,0.0,Acceso medio
150128,RIMAC,LIMA,LIMA,67.0,1.0,67.0,27072.6,0.0,0.0757333197786554,0.0757333197786554,0.0,Acceso medio
150103,ATE,LIMA,LIMA,338.0,11.0,30.727272727272727,143179.9090909091,0.0,0.1049919865567913,0.1049919865567913,0.0,Acceso medio
150107,CHACLACAYO,LIMA,LIMA,32.0,8.0,4.0,146.0,0.0,0.0037314138213582,0.0037314138213582,0.0,Acceso medio
150112,INDEPENDENCIA,LIMA,LIMA,62.0,3.0,20.666666666666668,90958.0,0.0,0.0677453921369452,0.0677453921369452,0.0,Acceso medio
070101,CALLAO,CALLAO,CALLAO,298.0,7.0,42.57142857142857,46101.41463414634,0.0,0.0636483022525623,0.0636483022525623,0.0,Acceso medio
150135,SAN MARTIN DE PORRES,LIMA,LIMA,367.0,8.0,45.875,97737.375,0.0,0.0944092586001877,0.0944092586001877,0.0,Acceso medio
150117,LOS OLIVOS,LIMA,LIMA,539.0,8.0,67.375,15485.6875,0.0,0.0698501386498701,0.0698501386498701,0.0,Acceso medio
150110,COMAS,LIMA,LIMA,262.0,13.0,20.153846153846157,158301.5625,0.0,0.1034607520348172,0.1034607520348172,0.0,Acceso medio
150118,LURIGANCHO,LIMA,LIMA,89.0,26.0,3.423076923076923,91666.66666666669,0.0,0.0523785881212139,0.0523785881212139,0.0,Acceso medio
150132,SAN JUAN DE LURIGANCHO,LIMA,LIMA,669.0,16.0,41.8125,143498.0,0.0,0.1152863919954268,0.1152863919954268,0.0,Acceso medio
070106,VENTANILLA,CALLAO,CALLAO,165.0,7.0,23.571428571428573,18635.0,0.0,0.0315390023502591,0.0315390023502591,0.0,Acceso medio
150125,PUENTE PIEDRA,LIMA,LIMA,190.0,15.0,12.666666666666666,36302.11111111111,0.0,0.031072852643387,0.031072852643387,0.0,Acceso medio
150808,PACCHO,LIMA,HUAURA,4.0,62.0,0.064516129032258,0.0,0.0,5.891883929886581e-05,5.891883929886581e-05,0.0,Subatendido
090205,MARCAS,HUANCAVELICA,ACOBAMBA,4.0,49.0,0.0816326530612244,380.5,0.7755102040816326,0.2587823943390974,0.3336123263118866,0.0748299319727891,Mejor atendido
120135,SANTO DOMINGO DE ACOBAMBA,JUNIN,HUANCAYO,9.0,82.0,0.1097560975609756,0.0,0.7439024390243902,0.2480677135538478,0.3253034859115714,0.0772357723577235,Mejor atendido
120429,SAN PEDRO DE CHUNAN,JUNIN,JAUJA,1.0,5.0,0.2,0.0,1.0,0.3335159817351598,0.3335159817351598,0.0,Mejor atendido
150722,SAN MATEO,LIMA,HUAROCHIRI,7.0,85.0,0.0823529411764705,0.0,0.0,7.520816545796401e-05,7.520816545796401e-05,0.0,Subatendido
150719,SAN JUAN DE IRIS,LIMA,HUAROCHIRI,1.0,15.0,0.0666666666666666,0.0,0.0,6.088280060882801e-05,6.088280060882801e-05,0.0,Subatendido
150716,SAN ANTONIO,LIMA,HUAROCHIRI,7.0,42.0,0.1666666666666666,5970.5,0.0,0.0033601560311047,0.0033601560311047,0.0,Acceso medio
120432,TUNAN MARCA,JUNIN,JAUJA,1.0,9.0,0.1111111111111111,0.0,1.0,0.3334348046676814,0.3334348046676814,0.0,Mejor atendido
120802,CHACAPALPA,JUNIN,YAULI,1.0,148.0,0.0067567567567567,0.0,0.5,0.1666728372207824,0.3333395038874491,0.1666666666666666,Acceso medio
120803,HUAY-HUAY,JUNIN,YAULI,2.0,169.0,0.0118343195266272,0.0,0.4556213017751479,0.1518845748561238,0.3333441409310745,0.1814595660749506,Acceso medio
120422,PACA,JUNIN,JAUJA,2.0,10.0,0.2,0.0,1.0,0.3335159817351598,0.3335159817351598,0.0,Mejor atendido
150707,HUACHUPAMPA,LIMA,HUAROCHIRI,2.0,17.0,0.1176470588235294,0.0,0.0,0.0001074402363685,0.0001074402363685,0.0,Subatendido
120433,YAULI,JUNIN,JAUJA,1.0,56.0,0.0178571428571428,0.0,0.3035714285714285,0.1012067840834964,0.3333496412263535,0.2321428571428571,Acceso medio
150402,ARAHUAY,LIMA,CANTA,2.0,34.0,0.0588235294117647,0.0,0.0,5.372011818426001e-05,5.372011818426001e-05,0.0,Subatendido
120810,YAULI,JUNIN,YAULI,5.0,96.0,0.0520833333333333,0.0,0.2916666666666667,0.0972697869101978,0.3160197869101979,0.21875,Acceso medio
130504,HUASO,LA LIBERTAD,JULCAN,7.0,74.0,0.0945945945945946,8.857142857142858,0.0,9.114669955739782e-05,9.114669955739782e-05,0.0,Subatendido
221005,UCHIZA,SAN MARTIN,TOCACHE,13.0,95.0,0.1368421052631579,424.0,0.0,0.0003527851150849,0.0003527851150849,0.0,Acceso medio
131201,VIRU,LA LIBERTAD,VIRU,15.0,102.0,0.1470588235294117,5232.0,0.0,0.0029454533517836,0.0029454533517836,0.0,Acceso medio
130107,MOCHE,LA LIBERTAD,TRUJILLO,8.0,53.0,0.1509433962264151,9052.875,0.0,0.0050019566472164,0.0050019566472164,0.0,Acceso medio
220708,SHAMBOYACU,SAN MARTIN,PICOTA,5.0,54.0,0.0925925925925925,39.0,0.0,0.0001055141412374,0.0001055141412374,0.0,Subatendido
140107,LAGUNAS,LAMBAYEQUE,CHICLAYO,6.0,37.0,0.1621621621621621,0.0,0.0,0.0001480932987782,0.0001480932987782,0.0,Subatendido
022005,QUILLO,ANCASH,YUNGAY,3.0,117.0,0.0256410256410256,0.0,0.0,2.341646177262616e-05,2.341646177262616e-05,0.0,Subatendido
021002,ANRA,ANCASH,HUARI,1.0,27.0,0.037037037037037,0.0,0.0,3.382377811601556e-05,3.382377811601556e-05,0.0,Subatendido
022002,CASCAPARA,ANCASH,YUNGAY,1.0,30.0,0.0333333333333333,0.0,0.0,3.0441400304414005e-05,3.0441400304414005e-05,0.0,Subatendido
020801,CASMA,ANCASH,CASMA,7.0,75.0,0.0933333333333333,19185.666666666668,0.0,0.0103936926271968,0.0103936926271968,0.0,Acceso medio
022004,MATACOTO,ANCASH,YUNGAY,1.0,45.0,0.0222222222222222,0.0,0.0,2.0294266869609337e-05,2.0294266869609337e-05,0.0,Subatendido
020609,SHILLA,ANCASH,CARHUAZ,1.0,25.0,0.04,0.0,0.0,3.6529680365296805e-05,3.6529680365296805e-05,0.0,Subatendido
021207,PUEBLO LIBRE,ANCASH,HUAYLAS,6.0,75.0,0.08,0.0,0.0,7.305936073059361e-05,7.305936073059361e-05,0.0,Subatendido
020703,YAUYA,ANCASH,CARLOS FERMIN FITZCARRALD,5.0,98.0,0.0510204081632653,0.0,0.0,4.659398005777654e-05,4.659398005777654e-05,0.0,Subatendido
021306,LLUMPA,ANCASH,MARISCAL LUZURIAGA,4.0,80.0,0.05,798.8,0.0,0.0004748572574502,0.0004748572574502,0.0,Acceso medio
021205,MATO,ANCASH,HUAYLAS,2.0,60.0,0.0333333333333333,0.0,0.0,3.0441400304414005e-05,3.0441400304414005e-05,0.0,Subatendido
021307,LUCMA,ANCASH,MARISCAL LUZURIAGA,3.0,58.0,0.0517241379310344,0.0,0.0,4.723665564478034e-05,4.723665564478034e-05,0.0,Subatendido
022008,YANAMA,ANCASH,YUNGAY,6.0,67.0,0.0895522388059701,0.0,0.0,8.178286648947046e-05,8.178286648947046e-05,0.0,Subatendido
021704,HUAYLLAPAMPA,ANCASH,RECUAY,1.0,22.0,0.0454545454545454,0.0,0.0,4.151100041511e-05,4.151100041511e-05,0.0,Subatendido
061201,SAN PABLO,CAJAMARCA,SAN PABLO,6.0,64.0,0.09375,495.0,0.0,0.0003515798869188,0.0003515798869188,0.0,Acceso medio
220406,TINGO DE SAPOSOA,SAN MARTIN,HUALLAGA,1.0,31.0,0.032258064516129,0.0,0.0,2.9459419649432907e-05,2.9459419649432907e-05,0.0,Subatendido
061110,SAN GREGORIO,CAJAMARCA,SAN MIGUEL,3.0,62.0,0.0483870967741935,0.0,0.0,4.418912947414935e-05,4.418912947414935e-05,0.0,Subatendido
220203,BAJO BIAVO,SAN MARTIN,BELLAVISTA,10.0,76.0,0.131578947368421,47.2,0.0,0.0001455239773495,0.0001455239773495,0.0,Subatendido
060108,LOS BAÑOS DEL INCA,CAJAMARCA,CAJAMARCA,7.0,119.0,0.0588235294117647,1247.7777777777778,0.0,0.0007241509885229,0.0007241509885229,0.0,Acceso medio
061113,UNION AGUA BLANCA,CAJAMARCA,SAN MIGUEL,2.0,40.0,0.05,0.0,0.0,4.566210045662101e-05,4.566210045662101e-05,0.0,Subatendido
061105,EL PRADO,CAJAMARCA,SAN MIGUEL,5.0,15.0,0.3333333333333333,0.0,0.0,0.0003044140030441,0.0003044140030441,0.0,Acceso medio
130304,LONGOTEA,LA LIBERTAD,BOLIVAR,2.0,50.0,0.04,0.0,0.0,3.6529680365296805e-05,3.6529680365296805e-05,0.0,Subatendido
130402,PACANGA,LA LIBERTAD,CHEPEN,2.0,57.0,0.0350877192982456,16.0,0.0,4.064037760518341e-05,4.064037760518341e-05,0.0,Subatendido
220206,SAN RAFAEL,SAN MARTIN,BELLAVISTA,5.0,54.0,0.0925925925925925,1.0,0.0,8.50967451861251e-05,8.50967451861251e-05,0.0,Subatendido
060308,OXAMARCA,CAJAMARCA,CELENDIN,4.0,78.0,0.0512820512820512,17.5,0.0,5.6235671726760816e-05,5.6235671726760816e-05,0.0,Subatendido
130905,MARCABAL,LA LIBERTAD,SANCHEZ CARRION,6.0,125.0,0.048,3.2222222222222223,0.0,4.556691610352282e-05,4.556691610352282e-05,0.0,Subatendido
060502,CHILETE,CAJAMARCA,CONTUMAZA,2.0,56.0,0.0357142857142857,4158.5,0.0,0.0022669774039149,0.0022669774039149,0.0,Acceso medio
220202,ALTO BIAVO,SAN MARTIN,BELLAVISTA,6.0,53.0,0.1132075471698113,0.0,0.0,0.0001033858878263,0.0001033858878263,0.0,Subatendido
060106,JESUS,CAJAMARCA,CAJAMARCA,6.0,100.0,0.06,49.833333333333336,0.0,8.156996536957419e-05,8.156996536957419e-05,0.0,Subatendido
060507,TANTARICA,CAJAMARCA,CONTUMAZA,1.0,50.0,0.02,8.0,0.0,2.2563239351338005e-05,2.2563239351338005e-05,0.0,Subatendido
060508,YONAN,CAJAMARCA,CONTUMAZA,5.0,46.0,0.108695652173913,1053.0,0.0,0.000665042226354,0.000665042226354,0.0,Acceso medio
060109,MAGDALENA,CAJAMARCA,CAJAMARCA,4.0,139.0,0.0287769784172661,19.4,0.0,3.670396357061675e-05,3.670396357061675e-05,0.0,Subatendido
060107,LLACANORA,CAJAMARCA,CAJAMARCA,1.0,61.0,0.0163934426229508,0.5,0.0,1.5239830425623756e-05,1.5239830425623756e-05,0.0,Subatendido
061004,GREGORIO PITA,CAJAMARCA,SAN MARCOS,5.0,72.0,0.0694444444444444,19.0,0.0,7.362828199316698e-05,7.362828199316698e-05,0.0,Subatendido
130401,CHEPEN,LA LIBERTAD,CHEPEN,5.0,45.0,0.1111111111111111,47396.66666666666,0.0,0.0255676954091803,0.0255676954091803,0.0,Acceso medio
220605,PAJARILLO,SAN MARTIN,MARISCAL CACERES,5.0,86.0,0.0581395348837209,0.4,0.0,5.331038560566821e-05,5.331038560566821e-05,0.0,Subatendido
060111,NAMORA,CAJAMARCA,CAJAMARCA,5.0,58.0,0.0862068965517241,1.8333333333333333,0.0,7.971280921745862e-05,7.971280921745862e-05,0.0,Subatendido
061202,SAN BERNARDINO,CAJAMARCA,SAN PABLO,3.0,39.0,0.0769230769230769,0.0,0.0,7.024938531787847e-05,7.024938531787847e-05,0.0,Subatendido
130306,UCUNCHA,LA LIBERTAD,BOLIVAR,1.0,26.0,0.0384615384615384,0.0,0.0,3.512469265893924e-05,3.512469265893924e-05,0.0,Subatendido
061203,SAN LUIS,CAJAMARCA,SAN PABLO,2.0,15.0,0.1333333333333333,0.0,0.0,0.0001217656012176,0.0001217656012176,0.0,Subatendido
220204,HUALLAGA,SAN MARTIN,BELLAVISTA,2.0,71.0,0.028169014084507,0.0,0.0,2.572512701781465e-05,2.572512701781465e-05,0.0,Subatendido
130704,PACASMAYO,LA LIBERTAD,PACASMAYO,4.0,4.0,1.0,52956.333333333336,0.0,0.0293666744062385,0.0293666744062385,0.0,Acceso medio
060104,COSPAN,CAJAMARCA,CAJAMARCA,3.0,104.0,0.0288461538461538,24.0,0.0,3.923871700027323e-05,3.923871700027323e-05,0.0,Subatendido
061005,ICHOCAN,CAJAMARCA,SAN MARCOS,1.0,20.0,0.05,269.0,0.0,0.0001901957725038,0.0001901957725038,0.0,Acceso medio
060204,SITACOCHA,CAJAMARCA,CAJABAMBA,6.0,81.0,0.074074074074074,0.0,0.0,6.764755623203112e-05,6.764755623203112e-05,0.0,Subatendido
130703,JEQUETEPEQUE,LA LIBERTAD,PACASMAYO,2.0,46.0,0.0434782608695652,0.0,0.0,3.970617431010522e-05,3.970617431010522e-05,0.0,Subatendido
130705,SAN JOSE,LA LIBERTAD,PACASMAYO,3.0,32.0,0.09375,0.0,0.0,8.561643835616437e-05,8.561643835616437e-05,0.0,Subatendido
060504,GUZMANGO,CAJAMARCA,CONTUMAZA,2.0,56.0,0.0357142857142857,0.0,0.0,3.261578604044357e-05,3.261578604044357e-05,0.0,Subatendido
061006,JOSE MANUEL QUIROZ,CAJAMARCA,SAN MARCOS,1.0,73.0,0.0136986301369863,101.0,0.0,6.67774540133695e-05,6.67774540133695e-05,0.0,Subatendido
060506,SANTA CRUZ DE TOLED,CAJAMARCA,CONTUMAZA,1.0,82.0,0.0121951219512195,0.0,0.0,1.1137097672346589e-05,1.1137097672346589e-05,0.0,Subatendido
060102,ASUNCION,CAJAMARCA,CAJAMARCA,3.0,106.0,0.0283018867924528,43.66666666666666,0.0,4.9308567419008667e-05,4.9308567419008667e-05,0.0,Subatendido
250101,CALLERIA,UCAYALI,CORONEL PORTILLO,72.0,177.0,0.4067796610169492,14243.068181818182,0.7062146892655368,0.2434291837507864,0.3149922722630275,0.071563088512241,Mejor atendido
061001,PEDRO GALVEZ,CAJAMARCA,SAN MARCOS,6.0,81.0,0.074074074074074,2334.333333333333,0.0,0.0013218846136625,0.0013218846136625,0.0,Acceso medio
060110,MATARA,CAJAMARCA,CAJAMARCA,1.0,27.0,0.037037037037037,0.0,0.0,3.382377811601556e-05,3.382377811601556e-05,0.0,Subatendido
060112,SAN JUAN,CAJAMARCA,CAJAMARCA,1.0,43.0,0.0232558139534883,47.0,0.0,4.6491281374944895e-05,4.6491281374944895e-05,0.0,Subatendido
130702,GUADALUPE,LA LIBERTAD,PACASMAYO,7.0,50.0,0.14,11274.333333333334,0.0,0.0061855520097197,0.0061855520097197,0.0,Acceso medio
060501,CONTUMAZA,CAJAMARCA,CONTUMAZA,6.0,165.0,0.0363636363636363,354.0,0.0,0.0002234129635466,0.0002234129635466,0.0,Acceso medio
020401,CHACAS,ANCASH,ASUNCION,1.0,73.0,0.0136986301369863,789.0,0.0,0.0004364397825206,0.0004364397825206,0.0,Acceso medio
130802,BULDIBUYO,LA LIBERTAD,PATAZ,4.0,60.0,0.0666666666666666,0.0,0.0,6.088280060882801e-05,6.088280060882801e-05,0.0,Subatendido
131002,ANGASMARCA,LA LIBERTAD,SANTIAGO DE CHUCO,2.0,42.0,0.0476190476190476,0.0,0.0,4.348771472059143e-05,4.348771472059143e-05,0.0,Subatendido
250105,YARINACOCHA,UCAYALI,CORONEL PORTILLO,28.0,71.0,0.3943661971830985,4582.16,0.9154929577464788,0.307986465118926,0.3361554792034331,0.028169014084507,Mejor atendido
130803,CHILLIA,LA LIBERTAD,PATAZ,5.0,80.0,0.0625,0.0,0.0,5.7077625570776254e-05,5.7077625570776254e-05,0.0,Subatendido
021509,PAMPAS,ANCASH,PALLASCA,5.0,77.0,0.0649350649350649,424.5,0.0,0.000287385235053,0.000287385235053,0.0,Acceso medio
131004,MOLLEBAMBA,LA LIBERTAD,SANTIAGO DE CHUCO,2.0,59.0,0.0338983050847457,0.0,0.0,3.095735624177695e-05,3.095735624177695e-05,0.0,Subatendido
130105,LA ESPERANZA,LA LIBERTAD,TRUJILLO,26.0,1.0,26.0,27634.08333333333,0.0,0.0385920823408803,0.0385920823408803,0.0,Acceso medio
221001,TOCACHE,SAN MARTIN,TOCACHE,13.0,92.0,0.1413043478260869,61496.5,0.0,0.0331711081261728,0.0331711081261728,0.0,Acceso medio
130502,CALAMARCA,LA LIBERTAD,JULCAN,5.0,65.0,0.0769230769230769,38.8,0.0,9.109662128602305e-05,9.109662128602305e-05,0.0,Subatendido
130102,EL PORVENIR,LA LIBERTAD,TRUJILLO,22.0,1.0,22.0,6492.636363636364,0.0,0.0235798170444205,0.0235798170444205,0.0,Acceso medio
130807,ONGON,LA LIBERTAD,PATAZ,2.0,56.0,0.0357142857142857,0.0,0.0,3.261578604044357e-05,3.261578604044357e-05,0.0,Subatendido
130805,HUAYLILLAS,LA LIBERTAD,PATAZ,1.0,43.0,0.0232558139534883,0.0,0.0,2.1238186258893487e-05,2.1238186258893487e-05,0.0,Subatendido
130111,VICTOR LARCO HERRERA,LA LIBERTAD,TRUJILLO,24.0,6.0,4.0,16023.0,0.0,0.0122621242715188,0.0122621242715188,0.0,Acceso medio
021503,CONCHUCOS,ANCASH,PALLASCA,5.0,114.0,0.043859649122807,1999.5,0.0,0.0011143856163091,0.0011143856163091,0.0,Acceso medio
131001,SANTIAGO DE CHUCO,LA LIBERTAD,SANTIAGO DE CHUCO,10.0,156.0,0.0641025641025641,3819.0,0.0,0.0021104894575847,0.0021104894575847,0.0,Acceso medio
130101,TRUJILLO,LA LIBERTAD,TRUJILLO,266.0,11.0,24.181818181818183,25389.33333333333,0.0,0.0357255383825364,0.0357255383825364,0.0,Acceso medio
131005,MOLLEPATA,LA LIBERTAD,SANTIAGO DE CHUCO,2.0,31.0,0.064516129032258,0.0,0.0,5.891883929886581e-05,5.891883929886581e-05,0.0,Subatendido
130103,FLORENCIA DE MORA,LA LIBERTAD,TRUJILLO,7.0,1.0,7.0,9613.0,0.0,0.0115577579650035,0.0115577579650035,0.0,Acceso medio
061002,CHANCAY,CAJAMARCA,SAN MARCOS,3.0,31.0,0.0967741935483871,8.333333333333334,0.0,9.285575808235038e-05,9.285575808235038e-05,0.0,Subatendido
060202,CACHACHI,CAJAMARCA,CAJABAMBA,9.0,243.0,0.037037037037037,0.0,0.0,3.382377811601556e-05,3.382377811601556e-05,0.0,Subatendido
100317,RIPAN,HUANUCO,DOS DE MAYO,3.0,107.0,0.02803738317757,0.6666666666666666,0.0,2.596311607462376e-05,2.596311607462376e-05,0.0,Subatendido
100322,SILLAPATA,HUANUCO,DOS DE MAYO,1.0,111.0,0.009009009009009,2.0,0.0,9.30200527985186e-06,9.30200527985186e-06,0.0,Subatendido
020201,AIJA,ANCASH,AIJA,1.0,98.0,0.010204081632653,80.0,0.0,5.230278769845131e-05,5.230278769845131e-05,0.0,Subatendido
100321,SHUNQUI,HUANUCO,DOS DE MAYO,2.0,64.0,0.03125,5.5,0.0,3.149396221386223e-05,3.149396221386223e-05,0.0,Subatendido
020508,HUALLANCA,ANCASH,BOLOGNESI,2.0,229.0,0.0087336244541484,216.0,0.0,0.0001240326902981,0.0001240326902981,0.0,Subatendido
020202,CORIS,ANCASH,AIJA,3.0,132.0,0.0227272727272727,0.0,0.0,2.0755500207555e-05,2.0755500207555e-05,0.0,Subatendido
101107,PAMPAMARCA,HUANUCO,YAROWILCA,1.0,95.0,0.0105263157894736,0.0,0.0,9.613073780341263e-06,9.613073780341263e-06,0.0,Subatendido
021103,CULEBRAS,ANCASH,HUARMEY,3.0,26.0,0.1153846153846153,0.0,0.0,0.0001053740779768,0.0001053740779768,0.0,Subatendido
021702,CATAC,ANCASH,RECUAY,1.0,198.0,0.005050505050505,0.0,0.0,4.612333379456668e-06,4.612333379456668e-06,0.0,Subatendido
060306,JOSE GALVEZ,CAJAMARCA,CELENDIN,2.0,27.0,0.074074074074074,0.5,0.0,6.791620618007423e-05,6.791620618007423e-05,0.0,Subatendido
060101,CAJAMARCA,CAJAMARCA,CAJAMARCA,165.0,199.0,0.8291457286432161,10236.068181818182,0.0,0.0062570490815118,0.0062570490815118,0.0,Acceso medio
140103,ETEN,LAMBAYEQUE,CHICLAYO,3.0,10.0,0.3,0.0,0.0,0.0002739726027397,0.0002739726027397,0.0,Acceso medio
220701,PICOTA,SAN MARTIN,PICOTA,7.0,82.0,0.0853658536585365,1229.25,0.0,0.0007384355809703,0.0007384355809703,0.0,Acceso medio
061108,NANCHOC,CAJAMARCA,SAN MIGUEL,2.0,50.0,0.04,0.0,0.0,3.6529680365296805e-05,3.6529680365296805e-05,0.0,Subatendido
220201,BELLAVISTA,SAN MARTIN,BELLAVISTA,15.0,65.0,0.2307692307692307,7963.111111111111,0.0,0.0044893269284765,0.0044893269284765,0.0,Acceso medio
060309,SOROCHUCO,CAJAMARCA,CELENDIN,7.0,95.0,0.0736842105263157,0.0,0.0,6.729151646238885e-05,6.729151646238885e-05,0.0,Subatendido
010106,CHUQUIBAMBA,AMAZONAS,CHACHAPOYAS,6.0,40.0,0.15,0.0,0.0,0.0001369863013698,0.0001369863013698,0.0,Subatendido
020601,CARHUAZ,ANCASH,CARHUAZ,8.0,159.0,0.050314465408805,5275.25,0.0,0.002880340560307,0.002880340560307,0.0,Acceso medio
020603,AMASHCA,ANCASH,CARHUAZ,2.0,27.0,0.074074074074074,0.0,0.0,6.764755623203112e-05,6.764755623203112e-05,0.0,Subatendido
022007,SHUPLUY,ANCASH,YUNGAY,5.0,33.0,0.1515151515151515,0.0,0.0,0.0001383700013837,0.0001383700013837,0.0,Subatendido
021807,SAMANCO,ANCASH,SANTA,3.0,16.0,0.1875,0.0,0.0,0.0001712328767123,0.0001712328767123,0.0,Acceso medio
021013,RAPAYAN,ANCASH,HUARI,1.0,29.0,0.0344827586206896,0.0,0.0,3.14911037631869e-05,3.14911037631869e-05,0.0,Subatendido
021001,HUARI,ANCASH,HUARI,6.0,63.0,0.0952380952380952,7224.666666666667,0.0,0.0039687880786986,0.0039687880786986,0.0,Acceso medio
021004,CHAVIN DE HUANTAR,ANCASH,HUARI,4.0,96.0,0.0416666666666666,25.25,0.0,5.1618572756694055e-05,5.1618572756694055e-05,0.0,Subatendido
100504,JACAS GRANDE,HUANUCO,HUAMALIES,5.0,202.0,0.0247524752475247,0.0,0.0,2.2605000226050005e-05,2.2605000226050005e-05,0.0,Subatendido
021014,SAN MARCOS,ANCASH,HUARI,9.0,155.0,0.0580645161290322,0.0,0.0,5.302695536897923e-05,5.302695536897923e-05,0.0,Subatendido
020101,HUARAZ,ANCASH,HUARAZ,64.0,220.0,0.2909090909090909,13045.285714285714,0.0,0.0072749010613572,0.0072749010613572,0.0,Acceso medio
100509,PUÑOS,HUANUCO,HUAMALIES,3.0,120.0,0.025,0.0,0.0,2.2831050228310503e-05,2.2831050228310503e-05,0.0,Subatendido
250401,PURUS,UCAYALI,PURUS,9.0,64.0,0.140625,0.0,0.453125,0.1511700913242009,0.3178367579908676,0.1666666666666666,Acceso medio
130302,BAMBAMARCA,LA LIBERTAD,BOLIVAR,2.0,49.0,0.0408163265306122,0.0,0.0,3.727518404622123e-05,3.727518404622123e-05,0.0,Subatendido
061003,EDUARDO VILLANUEVA,CAJAMARCA,SAN MARCOS,1.0,11.0,0.0909090909090909,2.0,0.0,8.40966006223924e-05,8.40966006223924e-05,0.0,Subatendido
021705,LLACLLIN,ANCASH,RECUAY,2.0,9.0,0.2222222222222222,0.0,0.0,0.000202942668696,0.000202942668696,0.0,Acceso medio
101001,JESUS,HUANUCO,LAURICOCHA,3.0,539.0,0.0055658627087198,174.0,0.0,9.857316156166534e-05,9.857316156166534e-05,0.0,Subatendido
100208,TOMAY KICHWA,HUANUCO,AMBO,1.0,38.0,0.0263157894736842,0.0,0.0,2.403268445085316e-05,2.403268445085316e-05,0.0,Subatendido
101002,BAÑOS,HUANUCO,LAURICOCHA,3.0,226.0,0.0132743362831858,4.0,0.0,1.427188112150082e-05,1.427188112150082e-05,0.0,Subatendido
130305,UCHUMARCA,LA LIBERTAD,BOLIVAR,1.0,57.0,0.0175438596491228,0.0,0.0,1.6021789633902107e-05,1.6021789633902107e-05,0.0,Subatendido
220404,PISCOYACU,SAN MARTIN,HUALLAGA,2.0,29.0,0.0689655172413793,293.0,0.0,0.0002204110770796,0.0002204110770796,0.0,Acceso medio
061102,BOLIVAR,CAJAMARCA,SAN MIGUEL,2.0,41.0,0.048780487804878,0.0,0.0,4.454839068938635e-05,4.454839068938635e-05,0.0,Subatendido
160602,INAHUAYA,LORETO,UCAYALI,2.0,8.0,0.25,0.0,0.0,0.0002283105022831,0.0002283105022831,0.0,Acceso medio
220706,SAN CRISTOBAL,SAN MARTIN,PICOTA,1.0,18.0,0.0555555555555555,0.0,0.0,5.073566717402333e-05,5.073566717402333e-05,0.0,Subatendido
061101,SAN MIGUEL,CAJAMARCA,SAN MIGUEL,8.0,103.0,0.0776699029126213,143.0,0.0,0.0001477653033253,0.0001477653033253,0.0,Subatendido
060310,SUCRE,CAJAMARCA,CELENDIN,3.0,62.0,0.0483870967741935,63.25,0.0,7.817334790160151e-05,7.817334790160151e-05,0.0,Subatendido
150301,CAJATAMBO,LIMA,CAJATAMBO,2.0,162.0,0.0123456790123456,0.0,0.0,1.1274592705338518e-05,1.1274592705338518e-05,0.0,Subatendido
020502,ABELARDO PARDO LEZAMETA,ANCASH,BOLOGNESI,1.0,2.0,0.5,0.0,0.0,0.0004566210045662,0.0004566210045662,0.0,Acceso medio
190204,PAUCAR,PASCO,DANIEL ALCIDES CARRION,5.0,64.0,0.078125,0.0,0.0,7.134703196347032e-05,7.134703196347032e-05,0.0,Subatendido
150302,COPA,LIMA,CAJATAMBO,2.0,15.0,0.1333333333333333,0.0,0.0,0.0001217656012176,0.0001217656012176,0.0,Subatendido
021406,CONGAS,ANCASH,OCROS,1.0,67.0,0.0149253731343283,0.0,0.0,1.3630477748245077e-05,1.3630477748245077e-05,0.0,Subatendido
020512,MANGAS,ANCASH,BOLOGNESI,1.0,20.0,0.05,0.0,0.0,4.566210045662101e-05,4.566210045662101e-05,0.0,Subatendido
021401,OCROS,ANCASH,OCROS,1.0,56.0,0.0178571428571428,0.0,0.0,1.6307893020221784e-05,1.6307893020221784e-05,0.0,Subatendido
020511,LA PRIMAVERA,ANCASH,BOLOGNESI,1.0,8.0,0.125,0.0,0.0,0.0001141552511415,0.0001141552511415,0.0,Subatendido
021403,CAJAMARQUILLA,ANCASH,OCROS,1.0,11.0,0.0909090909090909,0.0,0.0,8.302200083022e-05,8.302200083022e-05,0.0,Subatendido
020514,SAN MIGUEL DE CORPANQUI,ANCASH,BOLOGNESI,1.0,4.0,0.25,0.0,0.0,0.0002283105022831,0.0002283105022831,0.0,Acceso medio
100206,SAN FRANCISCO,HUANUCO,AMBO,3.0,56.0,0.0535714285714285,0.0,0.0,4.892367906066536e-05,4.892367906066536e-05,0.0,Subatendido
100207,SAN RAFAEL,HUANUCO,AMBO,10.0,158.0,0.0632911392405063,0.0,0.0,5.780012716027976e-05,5.780012716027976e-05,0.0,Subatendido
020510,HUAYLLACAYAN,ANCASH,BOLOGNESI,2.0,41.0,0.048780487804878,0.0,0.0,4.454839068938635e-05,4.454839068938635e-05,0.0,Subatendido
020513,PACLLON,ANCASH,BOLOGNESI,2.0,10.0,0.2,0.0,0.0,0.0001826484018264,0.0001826484018264,0.0,Acceso medio
020515,TICLLOS,ANCASH,BOLOGNESI,1.0,15.0,0.0666666666666666,0.0,0.0,6.088280060882801e-05,6.088280060882801e-05,0.0,Subatendido
021903,ALFONSO UGARTE,ANCASH,SIHUAS,1.0,16.0,0.0625,12330.0,0.0,0.0066819853443136,0.0066819853443136,0.0,Acceso medio
100702,CHOLON,HUANUCO,MARAÑON,5.0,92.0,0.0543478260869565,0.0,0.0,4.963271788763152e-05,4.963271788763152e-05,0.0,Subatendido
021906,HUAYLLABAMBA,ANCASH,SIHUAS,3.0,56.0,0.0535714285714285,0.0,0.0,4.892367906066536e-05,4.892367906066536e-05,0.0,Subatendido
250107,MANANTAY,UCAYALI,CORONEL PORTILLO,16.0,18.0,0.8888888888888888,1467.1764705882354,0.9444444444444444,0.3164148992547863,0.3349334177733049,0.0185185185185186,Mejor atendido
020904,CUSCA,ANCASH,CORONGO,4.0,28.0,0.1428571428571428,0.0,0.0,0.0001304631441617,0.0001304631441617,0.0,Subatendido
021511,TAUCA,ANCASH,PALLASCA,2.0,70.0,0.0285714285714285,0.0,0.0,2.609262883235486e-05,2.609262883235486e-05,0.0,Subatendido
130811,SANTIAGO DE CHALLAS,LA LIBERTAD,PATAZ,2.0,40.0,0.05,0.0,0.0,4.566210045662101e-05,4.566210045662101e-05,0.0,Subatendido
021501,CABANA,ANCASH,PALLASCA,2.0,109.0,0.018348623853211,148.5,0.0,9.65457686813222e-05,9.65457686813222e-05,0.0,Subatendido
021908,RAGASH,ANCASH,SIHUAS,2.0,58.0,0.0344827586206896,0.0,0.0,3.14911037631869e-05,3.14911037631869e-05,0.0,Subatendido
021402,ACAS,ANCASH,OCROS,1.0,32.0,0.03125,0.0,0.0,2.8538812785388127e-05,2.8538812785388127e-05,0.0,Subatendido
190103,HUARIACA,PASCO,PASCO,4.0,87.0,0.0459770114942528,8709.0,0.0,0.0047213329333656,0.0047213329333656,0.0,Acceso medio
021410,SANTIAGO DE CHILCAS,ANCASH,OCROS,1.0,10.0,0.1,0.0,0.0,9.132420091324204e-05,9.132420091324204e-05,0.0,Subatendido
190205,SAN PEDRO DE PILLAO,PASCO,DANIEL ALCIDES CARRION,2.0,67.0,0.0298507462686567,0.0,0.0,2.726095549649015e-05,2.726095549649015e-05,0.0,Subatendido
190106,PALLANCHACRA,PASCO,PASCO,7.0,51.0,0.1372549019607843,0.0,0.0,0.0001253469424299,0.0001253469424299,0.0,Subatendido
190207,TAPUC,PASCO,DANIEL ALCIDES CARRION,3.0,55.0,0.0545454545454545,8.666666666666666,0.0,5.446979959754573e-05,5.446979959754573e-05,0.0,Subatendido
021408,SAN CRISTOBAL DE RAJAN,ANCASH,OCROS,1.0,7.0,0.1428571428571428,0.0,0.0,0.0001304631441617,0.0001304631441617,0.0,Subatendido
021407,LLIPA,ANCASH,OCROS,1.0,14.0,0.0714285714285714,0.0,0.0,6.523157208088714e-05,6.523157208088714e-05,0.0,Subatendido
190206,SANTA ANA DE TUSI,PASCO,DANIEL ALCIDES CARRION,16.0,171.0,0.0935672514619883,15.5625,0.0,9.381127434698606e-05,9.381127434698606e-05,0.0,Subatendido
190202,CHACAYAN,PASCO,DANIEL ALCIDES CARRION,5.0,83.0,0.0602409638554216,0.0,0.0,5.50145788633988e-05,5.50145788633988e-05,0.0,Subatendido
020506,CANIS,ANCASH,BOLOGNESI,1.0,4.0,0.25,0.0,0.0,0.0002283105022831,0.0002283105022831,0.0,Acceso medio
021709,TAPACOCHA,ANCASH,RECUAY,1.0,22.0,0.0454545454545454,0.0,0.0,4.151100041511e-05,4.151100041511e-05,0.0,Subatendido
021102,COCHAPETI,ANCASH,HUARMEY,1.0,50.0,0.02,0.0,0.0,1.82648401826484e-05,1.82648401826484e-05,0.0,Subatendido
170301,IÑAPARI,MADRE DE DIOS,TAHUAMANU,4.0,7.0,0.5714285714285714,0.0,0.8571428571428571,0.2862361382909328,0.2862361382909328,0.0,Mejor atendido
100803,MOLINO,HUANUCO,PACHITEA,5.0,121.0,0.0413223140495867,0.0,0.0,3.773727310464546e-05,3.773727310464546e-05,0.0,Subatendido
101103,CHACABAMBA,HUANUCO,YAROWILCA,2.0,55.0,0.0363636363636363,0.0,0.0,3.3208800332088e-05,3.3208800332088e-05,0.0,Subatendido
101005,RONDOS,HUANUCO,LAURICOCHA,9.0,301.0,0.0299003322259136,6.555555555555555,0.0,3.0828538794507515e-05,3.0828538794507515e-05,0.0,Subatendido
021703,COTAPARACO,ANCASH,RECUAY,1.0,75.0,0.0133333333333333,0.0,0.0,1.21765601217656e-05,1.21765601217656e-05,0.0,Subatendido
021105,MALVAS,ANCASH,HUARMEY,2.0,55.0,0.0363636363636363,0.0,0.0,3.3208800332088e-05,3.3208800332088e-05,0.0,Subatendido
100503,CHAVIN DE PARIARCA,HUANUCO,HUAMALIES,3.0,131.0,0.0229007633587786,0.0,0.0,2.09139391404371e-05,2.09139391404371e-05,0.0,Subatendido
021209,SANTO TORIBIO,ANCASH,HUAYLAS,2.0,17.0,0.1176470588235294,0.0,0.0,0.0001074402363685,0.0001074402363685,0.0,Subatendido
021302,CASCA,ANCASH,MARISCAL LUZURIAGA,1.0,63.0,0.0158730158730158,0.0,0.0,1.4495904906863811e-05,1.4495904906863811e-05,0.0,Subatendido
100402,CANCHABAMBA,HUANUCO,HUACAYBAMBA,2.0,31.0,0.064516129032258,0.0,0.0,5.891883929886581e-05,5.891883929886581e-05,0.0,Subatendido
100703,SAN BUENAVENTURA,HUANUCO,MARAÑON,3.0,88.0,0.034090909090909,0.0,0.0,3.11332503113325e-05,3.11332503113325e-05,0.0,Subatendido
021304,FIDEL OLIVAS ESCUDERO,ANCASH,MARISCAL LUZURIAGA,2.0,51.0,0.0392156862745098,311.0,0.0,0.0002029136798056,0.0002029136798056,0.0,Acceso medio
021202,HUALLANCA,ANCASH,HUAYLAS,3.0,30.0,0.1,0.0,0.0,9.132420091324204e-05,9.132420091324204e-05,0.0,Subatendido
021601,POMABAMBA,ANCASH,POMABAMBA,9.0,246.0,0.0365853658536585,2922.125,0.0,0.0016034687518679,0.0016034687518679,0.0,Acceso medio
131203,GUADALUPITO,LA LIBERTAD,VIRU,1.0,28.0,0.0357142857142857,0.0,0.0,3.261578604044357e-05,3.261578604044357e-05,0.0,Subatendido
021210,YURACMARCA,ANCASH,HUAYLAS,3.0,49.0,0.0612244897959183,0.0,0.0,5.591277606933184e-05,5.591277606933184e-05,0.0,Subatendido
021801,CHIMBOTE,ANCASH,SANTA,54.0,111.0,0.4864864864864865,78814.16666666667,0.0,0.0427911234564551,0.0427911234564551,0.0,Acceso medio
021804,MACATE,ANCASH,SANTA,4.0,155.0,0.0258064516129032,0.0,0.0,2.3567535719546323e-05,2.3567535719546323e-05,0.0,Subatendido
021604,QUINUABAMBA,ANCASH,POMABAMBA,2.0,59.0,0.0338983050847457,73844.5,0.0,0.0397075995327791,0.0397075995327791,0.0,Acceso medio
020905,LA PAMPA,ANCASH,CORONGO,1.0,10.0,0.1,0.0,0.0,9.132420091324204e-05,9.132420091324204e-05,0.0,Subatendido
020906,YANAC,ANCASH,CORONGO,1.0,12.0,0.0833333333333333,0.0,0.0,7.6103500761035e-05,7.6103500761035e-05,0.0,Subatendido
021909,SAN JUAN,ANCASH,SIHUAS,4.0,123.0,0.032520325203252,0.0,0.0,2.9698927126257564e-05,2.9698927126257564e-05,0.0,Subatendido
130503,CARABAMBA,LA LIBERTAD,JULCAN,3.0,49.0,0.0612244897959183,407.6666666666667,0.0,0.0002749520337071,0.0002749520337071,0.0,Acceso medio
130108,POROTO,LA LIBERTAD,TRUJILLO,1.0,36.0,0.0277777777777777,0.0,0.0,2.5367833587011662e-05,2.5367833587011662e-05,0.0,Subatendido
131003,CACHICADAN,LA LIBERTAD,SANTIAGO DE CHUCO,1.0,60.0,0.0166666666666666,0.0,0.0,1.5220700152207004e-05,1.5220700152207004e-05,0.0,Subatendido
131006,QUIRUVILCA,LA LIBERTAD,SANTIAGO DE CHUCO,9.0,99.0,0.0909090909090909,62.6,0.0,0.0001166569743252,0.0001166569743252,0.0,Subatendido
130808,PARCOY,LA LIBERTAD,PATAZ,8.0,86.0,0.0930232558139534,143.0,0.0,0.0001617866301759,0.0001617866301759,0.0,Acceso medio
130610,PARANDAY,LA LIBERTAD,OTUZCO,1.0,21.0,0.0476190476190476,0.0,0.0,4.348771472059143e-05,4.348771472059143e-05,0.0,Subatendido
130602,AGALLPAMPA,LA LIBERTAD,OTUZCO,10.0,84.0,0.119047619047619,0.0,0.0,0.0001087192868014,0.0001087192868014,0.0,Subatendido
130606,LA CUESTA,LA LIBERTAD,OTUZCO,1.0,30.0,0.0333333333333333,0.0,0.0,3.0441400304414005e-05,3.0441400304414005e-05,0.0,Subatendido
130907,SARIN,LA LIBERTAD,SANCHEZ CARRION,5.0,122.0,0.040983606557377,0.0,0.0,3.742795119395164e-05,3.742795119395164e-05,0.0,Subatendido
130904,CURGOS,LA LIBERTAD,SANCHEZ CARRION,1.0,57.0,0.0175438596491228,0.0,0.0,1.6021789633902107e-05,1.6021789633902107e-05,0.0,Subatendido
130810,PIAS,LA LIBERTAD,PATAZ,1.0,41.0,0.024390243902439,0.0,0.0,2.227419534469317e-05,2.227419534469317e-05,0.0,Subatendido
130604,CHARAT,LA LIBERTAD,OTUZCO,4.0,47.0,0.0851063829787234,0.0,0.0,7.772272418148256e-05,7.772272418148256e-05,0.0,Subatendido
130601,OTUZCO,LA LIBERTAD,OTUZCO,10.0,150.0,0.0666666666666666,15568.0,0.0,0.0084255675828787,0.0084255675828787,0.0,Acceso medio
130901,HUAMACHUCO,LA LIBERTAD,SANCHEZ CARRION,15.0,117.0,0.1282051282051282,5510.333333333333,0.0,0.0030777838362634,0.0030777838362634,0.0,Acceso medio
130903,COCHORCO,LA LIBERTAD,SANCHEZ CARRION,5.0,111.0,0.045045045045045,10.8,0.0,4.693986631612826e-05,4.693986631612826e-05,0.0,Subatendido
221003,POLVORA,SAN MARTIN,TOCACHE,7.0,86.0,0.0813953488372093,0.0,0.0,7.433365190612722e-05,7.433365190612722e-05,0.0,Subatendido
130614,USQUIL,LA LIBERTAD,OTUZCO,10.0,239.0,0.0418410041841004,0.0,0.0,3.821096272520586e-05,3.821096272520586e-05,0.0,Subatendido
130906,SANAGORAN,LA LIBERTAD,SANCHEZ CARRION,4.0,119.0,0.0336134453781512,0.0,0.0,3.069721039100572e-05,3.069721039100572e-05,0.0,Subatendido
130902,CHUGAY,LA LIBERTAD,SANCHEZ CARRION,6.0,118.0,0.0508474576271186,0.0,0.0,4.643603436266543e-05,4.643603436266543e-05,0.0,Subatendido
130605,HUARANCHAL,LA LIBERTAD,OTUZCO,2.0,81.0,0.0246913580246913,0.0,0.0,2.254918541067704e-05,2.254918541067704e-05,0.0,Subatendido
130809,PATAZ,LA LIBERTAD,PATAZ,11.0,123.0,0.089430894308943,0.0,0.0,8.16720495972083e-05,8.16720495972083e-05,0.0,Subatendido
220709,TINGO DE PONASA,SAN MARTIN,PICOTA,5.0,105.0,0.0476190476190476,32.4,0.0,6.089623135378432e-05,6.089623135378432e-05,0.0,Subatendido
061111,SAN SILVESTRE DE COCHAN,CAJAMARCA,SAN MIGUEL,6.0,48.0,0.125,0.0,0.0,0.0001141552511415,0.0001141552511415,0.0,Subatendido
220703,CASPISAPA,SAN MARTIN,PICOTA,1.0,29.0,0.0344827586206896,620.0,0.0,0.0003646170393366,0.0003646170393366,0.0,Acceso medio
140109,NUEVA ARICA,LAMBAYEQUE,CHICLAYO,2.0,12.0,0.1666666666666666,0.0,0.0,0.000152207001522,0.000152207001522,0.0,Acceso medio
220707,SAN HILARION,SAN MARTIN,PICOTA,3.0,33.0,0.0909090909090909,389.6666666666667,0.0,0.0002923898603384,0.0002923898603384,0.0,Acceso medio
061109,NIEPOS,CAJAMARCA,SAN MIGUEL,4.0,63.0,0.0634920634920634,0.0,0.0,5.7983619627455245e-05,5.7983619627455245e-05,0.0,Subatendido
061204,TUMBADEN,CAJAMARCA,SAN PABLO,3.0,32.0,0.09375,0.0,0.0,8.561643835616437e-05,8.561643835616437e-05,0.0,Subatendido
140114,SANTA ROSA,LAMBAYEQUE,CHICLAYO,1.0,4.0,0.25,0.0,0.0,0.0002283105022831,0.0002283105022831,0.0,Acceso medio
061103,CALQUIS,CAJAMARCA,SAN MIGUEL,3.0,37.0,0.081081081081081,0.0,0.0,7.404664938911514e-05,7.404664938911514e-05,0.0,Subatendido
140116,CAYALTI,LAMBAYEQUE,CHICLAYO,3.0,31.0,0.0967741935483871,0.0,0.0,8.83782589482987e-05,8.83782589482987e-05,0.0,Subatendido
060311,UTCO,CAJAMARCA,CELENDIN,1.0,45.0,0.0222222222222222,0.0,0.0,2.0294266869609337e-05,2.0294266869609337e-05,0.0,Subatendido
061106,LA FLORIDA,CAJAMARCA,SAN MIGUEL,1.0,31.0,0.032258064516129,0.0,0.0,2.9459419649432907e-05,2.9459419649432907e-05,0.0,Subatendido
140108,MONSEFU,LAMBAYEQUE,CHICLAYO,9.0,56.0,0.1607142857142857,0.0,0.0,0.0001467710371819,0.0001467710371819,0.0,Subatendido
140113,REQUE,LAMBAYEQUE,CHICLAYO,4.0,25.0,0.16,5546.0,0.0,0.0031259839451552,0.0031259839451552,0.0,Acceso medio
061107,LLAPA,CAJAMARCA,SAN MIGUEL,7.0,39.0,0.1794871794871795,0.0,0.0,0.0001639152324083,0.0001639152324083,0.0,Acceso medio
060105,ENCAÑADA,CAJAMARCA,CAJAMARCA,13.0,200.0,0.065,0.0,0.0,5.936073059360731e-05,5.936073059360731e-05,0.0,Subatendido
160604,PAMPA HERMOSA,LORETO,UCAYALI,3.0,31.0,0.0967741935483871,0.0,0.0,8.83782589482987e-05,8.83782589482987e-05,0.0,Subatendido
140106,LA VICTORIA,LAMBAYEQUE,CHICLAYO,22.0,35.0,0.6285714285714286,1137.0,0.0,0.0011849478161618,0.0011849478161618,0.0,Acceso medio
140115,SAÑA,LAMBAYEQUE,CHICLAYO,5.0,39.0,0.1282051282051282,0.0,0.0,0.0001170823088631,0.0001170823088631,0.0,Subatendido
220705,PUCACACA,SAN MARTIN,PICOTA,2.0,34.0,0.0588235294117647,158.5,0.0,0.0001388821517139,0.0001388821517139,0.0,Subatendido
140119,PUCALA,LAMBAYEQUE,CHICLAYO,3.0,27.0,0.1111111111111111,0.0,0.0,0.000101471334348,0.000101471334348,0.0,Subatendido
140101,CHICLAYO,LAMBAYEQUE,CHICLAYO,389.0,8.0,48.625,28413.19230769231,0.0,0.0596727979684642,0.0596727979684642,0.0,Acceso medio
061104,CATILLUC,CAJAMARCA,SAN MIGUEL,2.0,33.0,0.0606060606060606,0.0,0.0,5.534800055348001e-05,5.534800055348001e-05,0.0,Subatendido
140118,POMALCA,LAMBAYEQUE,CHICLAYO,7.0,22.0,0.3181818181818182,0.0,0.0,0.0002905770029057,0.0002905770029057,0.0,Acceso medio
140311,SAN JOSE,LAMBAYEQUE,LAMBAYEQUE,5.0,19.0,0.2631578947368421,0.0,0.0,0.0002403268445085,0.0002403268445085,0.0,Acceso medio
101006,SAN FRANCISCO DE ASIS,HUANUCO,LAURICOCHA,2.0,145.0,0.0137931034482758,1.0,0.0,1.313374140136096e-05,1.313374140136096e-05,0.0,Subatendido
100107,SAN FRANCISCO DE CAYRAN,HUANUCO,HUANUCO,2.0,70.0,0.0285714285714285,2462.5,0.0,0.0013491936229446,0.0013491936229446,0.0,Acceso medio
010601,SAN NICOLAS,AMAZONAS,RODRIGUEZ DE MENDOZA,5.0,37.0,0.1351351351351351,8474.5,0.0,0.0046767590516976,0.0046767590516976,0.0,Acceso medio
060402,ANGUIA,CAJAMARCA,CHOTA,5.0,27.0,0.1851851851851851,4328.8,0.0,0.002494982680758,0.002494982680758,0.0,Acceso medio
010606,LONGAR,AMAZONAS,RODRIGUEZ DE MENDOZA,2.0,31.0,0.064516129032258,0.0,0.0,5.891883929886581e-05,5.891883929886581e-05,0.0,Subatendido
010111,LEVANTO,AMAZONAS,CHACHAPOYAS,1.0,33.0,0.0303030303030303,0.0,0.0,2.7674000276740005e-05,2.7674000276740005e-05,0.0,Subatendido
060406,CHOROPAMPA,CAJAMARCA,CHOTA,4.0,27.0,0.1481481481481481,0.0,0.0,0.000135295112464,0.000135295112464,0.0,Subatendido
220505,CUÑUMBUQUI,SAN MARTIN,LAMAS,6.0,26.0,0.2307692307692307,413.1666666666667,0.0,0.0004327425630199,0.0004327425630199,0.0,Acceso medio
140102,CHONGOYAPE,LAMBAYEQUE,CHICLAYO,4.0,66.0,0.0606060606060606,0.0,0.0,5.534800055348001e-05,5.534800055348001e-05,0.0,Subatendido
060413,PACCHA,CAJAMARCA,CHOTA,8.0,24.0,0.3333333333333333,0.0,0.0,0.0003044140030441,0.0003044140030441,0.0,Acceso medio
060302,CHUMUCH,CAJAMARCA,CELENDIN,2.0,25.0,0.08,5.0,0.0,7.57458602110246e-05,7.57458602110246e-05,0.0,Subatendido
010602,CHIRIMOTO,AMAZONAS,RODRIGUEZ DE MENDOZA,6.0,41.0,0.1463414634146341,0.0,0.0,0.0001336451720681,0.0001336451720681,0.0,Subatendido
060410,LAJAS,CAJAMARCA,CHOTA,15.0,50.0,0.3,4428.133333333333,0.0,0.0026532081825955,0.0026532081825955,0.0,Acceso medio
140312,TUCUME,LAMBAYEQUE,LAMBAYEQUE,7.0,54.0,0.1296296296296296,0.0,0.0,0.000118383223406,0.000118383223406,0.0,Subatendido
010611,TOTORA,AMAZONAS,RODRIGUEZ DE MENDOZA,1.0,6.0,0.1666666666666666,0.0,0.0,0.000152207001522,0.000152207001522,0.0,Acceso medio
220305,SHATOJA,SAN MARTIN,EL DORADO,2.0,8.0,0.25,19.5,0.0,0.0002387878502567,0.0002387878502567,0.0,Acceso medio
220302,AGUA BLANCA,SAN MARTIN,EL DORADO,2.0,35.0,0.0571428571428571,0.5,0.0,5.2453907612752825e-05,5.2453907612752825e-05,0.0,Subatendido
140117,PATAPO,LAMBAYEQUE,CHICLAYO,7.0,36.0,0.1944444444444444,4838.5,0.0,0.0027773003823221,0.0027773003823221,0.0,Acceso medio
060702,CHUGUR,CAJAMARCA,HUALGAYOC,3.0,23.0,0.1304347826086956,1.75,0.0,0.0001200587977484,0.0001200587977484,0.0,Subatendido
060312,LA LIBERTAD DE PALLAN,CAJAMARCA,CELENDIN,3.0,52.0,0.0576923076923076,12.0,0.0,5.913463774144326e-05,5.913463774144326e-05,0.0,Subatendido
061303,CATACHE,CAJAMARCA,SANTA CRUZ,7.0,80.0,0.0875,0.0,0.0,7.990867579908676e-05,7.990867579908676e-05,0.0,Subatendido
010509,LUYA,AMAZONAS,LUYA,5.0,20.0,0.25,0.0,0.0,0.0002283105022831,0.0002283105022831,0.0,Acceso medio
220906,EL PORVENIR,SAN MARTIN,SAN MARTIN,2.0,17.0,0.1176470588235294,0.0,0.0,0.0001074402363685,0.0001074402363685,0.0,Subatendido
220808,YORONGOS,SAN MARTIN,RIOJA,2.0,12.0,0.1666666666666666,45.5,0.0,0.0001766541467939,0.0001766541467939,0.0,Acceso medio
220503,BARRANQUITA,SAN MARTIN,LAMAS,7.0,32.0,0.21875,237.28571428571428,0.0,0.0003272652791261,0.0003272652791261,0.0,Acceso medio
060414,PION,CAJAMARCA,CHOTA,4.0,16.0,0.25,0.0,0.0,0.0002283105022831,0.0002283105022831,0.0,Acceso medio
010502,CAMPORREDONDO,AMAZONAS,LUYA,5.0,47.0,0.1063829787234042,0.0,0.0,9.71534052268532e-05,9.71534052268532e-05,0.0,Subatendido
140203,INCAHUASI,LAMBAYEQUE,FERREÑAFE,13.0,150.0,0.0866666666666666,0.0,0.0,7.91476407914764e-05,7.91476407914764e-05,0.0,Subatendido
060604,CUJILLO,CAJAMARCA,CUTERVO,4.0,28.0,0.1428571428571428,0.0,0.0,0.0001304631441617,0.0001304631441617,0.0,Subatendido
010608,MILPUC,AMAZONAS,RODRIGUEZ DE MENDOZA,2.0,20.0,0.1,0.0,0.0,9.132420091324204e-05,9.132420091324204e-05,0.0,Subatendido
220904,CHAZUTA,SAN MARTIN,SAN MARTIN,8.0,75.0,0.1066666666666666,564.75,0.0,0.0004008525972888,0.0004008525972888,0.0,Acceso medio
060401,CHOTA,CAJAMARCA,CHOTA,42.0,120.0,0.35,15157.0,0.0,0.0084634892281748,0.0084634892281748,0.0,Acceso medio
010306,FLORIDA,AMAZONAS,BONGARA,5.0,35.0,0.1428571428571428,0.0,0.0,0.0001304631441617,0.0001304631441617,0.0,Subatendido
160211,TENIENTE CESAR LOPEZ ROJAS,LORETO,ALTO AMAZONAS,8.0,32.0,0.25,0.0,0.0,0.0002283105022831,0.0002283105022831,0.0,Acceso medio
060807,POMAHUACA,CAJAMARCA,JAEN,6.0,95.0,0.0631578947368421,178.14285714285714,0.0,0.0001533945813134,0.0001533945813134,0.0,Acceso medio
060804,COLASAY,CAJAMARCA,JAEN,7.0,135.0,0.0518518518518518,150.125,0.0,0.0001280154362623,0.0001280154362623,0.0,Subatendido
060810,SAN FELIPE,CAJAMARCA,JAEN,2.0,82.0,0.024390243902439,94.0,0.0,7.278038557679597e-05,7.278038557679597e-05,0.0,Subatendido
220802,AWAJUN,SAN MARTIN,RIOJA,4.0,23.0,0.1739130434782608,2090.75,0.0,0.0012821844549826,0.0012821844549826,0.0,Acceso medio
010701,BAGUA GRANDE,AMAZONAS,UTCUBAMBA,38.0,134.0,0.2835820895522388,24917.25,0.0,0.0136470149129705,0.0136470149129705,0.0,Acceso medio
060801,JAEN,CAJAMARCA,JAEN,97.0,145.0,0.6689655172413793,6597.513513513513,0.0,0.0041557707382439,0.0041557707382439,0.0,Acceso medio
160201,YURIMAGUAS,LORETO,ALTO AMAZONAS,46.0,142.0,0.323943661971831,10948.583333333334,0.0,0.0061785116479959,0.0061785116479959,0.0,Acceso medio
010204,EL PARCO,AMAZONAS,BAGUA,3.0,10.0,0.3,0.0,0.0,0.0002739726027397,0.0002739726027397,0.0,Acceso medio
060806,LAS PIRIAS,CAJAMARCA,JAEN,2.0,43.0,0.0465116279069767,162.0,0.0,0.0001295189556837,0.0001295189556837,0.0,Subatendido
160509,TAPICHE,LORETO,REQUENA,2.0,16.0,0.125,0.0,0.0,0.0001141552511415,0.0001141552511415,0.0,Subatendido
160508,SOPLIN,LORETO,REQUENA,2.0,14.0,0.1428571428571428,0.0,0.0,0.0001304631441617,0.0001304631441617,0.0,Subatendido
010203,COPALLIN,AMAZONAS,BAGUA,6.0,38.0,0.1578947368421052,0.0,0.0,0.0001441961067051,0.0001441961067051,0.0,Subatendido
060805,HUABAL,CAJAMARCA,JAEN,8.0,33.0,0.2424242424242424,42.55555555555556,0.0,0.0002442570977918,0.0002442570977918,0.0,Acceso medio
220103,HABANA,SAN MARTIN,MOYOBAMBA,1.0,9.0,0.1111111111111111,993.0,0.0,0.0006350101311616,0.0006350101311616,0.0,Acceso medio
220502,ALONSO DE ALVARADO,SAN MARTIN,LAMAS,5.0,59.0,0.0847457627118644,1066.6,0.0,0.0006504774597699,0.0006504774597699,0.0,Acceso medio
060608,SAN ANDRES DE CUTERVO,CAJAMARCA,CUTERVO,5.0,15.0,0.3333333333333333,0.0,0.0,0.0003044140030441,0.0003044140030441,0.0,Acceso medio
010523,TRITA,AMAZONAS,LUYA,2.0,8.0,0.25,0.0,0.0,0.0002283105022831,0.0002283105022831,0.0,Acceso medio
140304,JAYANCA,LAMBAYEQUE,LAMBAYEQUE,3.0,76.0,0.0394736842105263,0.0,0.0,3.604902667627974e-05,3.604902667627974e-05,0.0,Subatendido
010512,OCALLI,AMAZONAS,LUYA,5.0,48.0,0.1041666666666666,0.0,0.0,9.512937595129375e-05,9.512937595129375e-05,0.0,Subatendido
010114,MOLINOPAMPA,AMAZONAS,CHACHAPOYAS,4.0,34.0,0.1176470588235294,0.0,0.0,0.0001074402363685,0.0001074402363685,0.0,Subatendido
140302,CHOCHOPE,LAMBAYEQUE,LAMBAYEQUE,1.0,24.0,0.0416666666666666,0.0,0.0,3.80517503805175e-05,3.80517503805175e-05,0.0,Subatendido
010121,SONCHE,AMAZONAS,CHACHAPOYAS,2.0,20.0,0.1,0.0,0.0,9.132420091324204e-05,9.132420091324204e-05,0.0,Subatendido
220105,SORITOR,SAN MARTIN,MOYOBAMBA,5.0,56.0,0.0892857142857142,5875.0,0.0,0.0032381763546075,0.0032381763546075,0.0,Acceso medio
060609,SAN JUAN DE CUTERVO,CAJAMARCA,CUTERVO,4.0,34.0,0.1176470588235294,0.0,0.0,0.0001074402363685,0.0001074402363685,0.0,Subatendido
160504,EMILIO SAN MARTIN,LORETO,REQUENA,2.0,52.0,0.0384615384615384,0.0,0.0,3.512469265893924e-05,3.512469265893924e-05,0.0,Subatendido
160210,SANTA CRUZ,LORETO,ALTO AMAZONAS,7.0,43.0,0.1627906976744186,1098.5454545454545,0.0,0.0007389156623854,0.0007389156623854,0.0,Acceso medio
220805,PARDO MIGUEL,SAN MARTIN,RIOJA,8.0,55.0,0.1454545454545454,2010.125,0.0,0.0012128751549486,0.0012128751549486,0.0,Acceso medio
010202,ARAMANGO,AMAZONAS,BAGUA,19.0,98.0,0.1938775510204081,0.0,0.0,0.0001770571242195,0.0001770571242195,0.0,Acceso medio
160503,CAPELO,LORETO,REQUENA,2.0,16.0,0.125,0.0,0.0,0.0001141552511415,0.0001141552511415,0.0,Subatendido
010312,YAMBRASBAMBA,AMAZONAS,BONGARA,8.0,59.0,0.135593220338983,0.0,0.0,0.0001238294249671,0.0001238294249671,0.0,Subatendido
160506,PUINAHUA,LORETO,REQUENA,4.0,23.0,0.1739130434782608,0.0,0.0,0.0001588246972404,0.0001588246972404,0.0,Acceso medio
060417,TACABAMBA,CAJAMARCA,CHOTA,13.0,83.0,0.1566265060240964,7054.8,0.0,0.0039335812119537,0.0039335812119537,0.0,Acceso medio
060409,HUAMBOS,CAJAMARCA,CHOTA,8.0,79.0,0.1012658227848101,0.0,0.0,9.24802034564476e-05,9.24802034564476e-05,0.0,Subatendido
220907,HUIMBAYOC,SAN MARTIN,SAN MARTIN,9.0,21.0,0.4285714285714285,216.77777777777777,0.0,0.0005078641099591,0.0005078641099591,0.0,Acceso medio
220402,ALTO SAPOSOA,SAN MARTIN,HUALLAGA,3.0,27.0,0.1111111111111111,262.6666666666667,0.0,0.0002426021070533,0.0002426021070533,0.0,Acceso medio
010522,TINGO,AMAZONAS,LUYA,2.0,26.0,0.0769230769230769,0.0,0.0,7.024938531787847e-05,7.024938531787847e-05,0.0,Subatendido
010609,OMIA,AMAZONAS,RODRIGUEZ DE MENDOZA,15.0,60.0,0.25,0.0,0.0,0.0002283105022831,0.0002283105022831,0.0,Acceso medio
220905,CHIPURANA,SAN MARTIN,SAN MARTIN,3.0,14.0,0.2142857142857142,2.0,0.0,0.0001967693160348,0.0001967693160348,0.0,Acceso medio
220501,LAMAS,SAN MARTIN,LAMAS,8.0,22.0,0.3636363636363636,9356.4,0.0,0.0053592807510618,0.0053592807510618,0.0,Acceso medio
010119,SAN ISIDRO DE MAINO,AMAZONAS,CHACHAPOYAS,1.0,91.0,0.0109890109890109,0.0,0.0,1.003562647398264e-05,1.003562647398264e-05,0.0,Subatendido
010307,JAZAN,AMAZONAS,BONGARA,8.0,63.0,0.1269841269841269,2907.0,0.0,0.0016778980371774,0.0016778980371774,0.0,Acceso medio
060615,TORIBIO CASANOVA,CAJAMARCA,CUTERVO,2.0,32.0,0.0625,0.0,0.0,5.7077625570776254e-05,5.7077625570776254e-05,0.0,Subatendido
010308,RECTA,AMAZONAS,BONGARA,1.0,23.0,0.0434782608695652,0.0,0.0,3.970617431010522e-05,3.970617431010522e-05,0.0,Subatendido
220809,YURACYACU,SAN MARTIN,RIOJA,1.0,8.0,0.125,2309.0,0.0,0.0013547807112045,0.0013547807112045,0.0,Acceso medio
160605,SARAYACU,LORETO,UCAYALI,13.0,97.0,0.134020618556701,4392.0,0.0,0.0024822144025664,0.0024822144025664,0.0,Acceso medio
010305,CUISPES,AMAZONAS,BONGARA,2.0,40.0,0.05,0.0,0.0,4.566210045662101e-05,4.566210045662101e-05,0.0,Subatendido
010310,SHIPASBAMBA,AMAZONAS,BONGARA,3.0,19.0,0.1578947368421052,0.0,0.0,0.0001441961067051,0.0001441961067051,0.0,Subatendido
010302,CHISQUILLA,AMAZONAS,BONGARA,1.0,45.0,0.0222222222222222,0.0,0.0,2.0294266869609337e-05,2.0294266869609337e-05,0.0,Subatendido
010301,JUMBILLA,AMAZONAS,BONGARA,2.0,42.0,0.0476190476190476,0.0,0.0,4.348771472059143e-05,4.348771472059143e-05,0.0,Subatendido
220804,NUEVA CAJAMARCA,SAN MARTIN,RIOJA,20.0,47.0,0.425531914893617,5218.818181818182,0.0,0.003192684087691,0.003192684087691,0.0,Acceso medio
060603,CHOROS,CAJAMARCA,CUTERVO,4.0,40.0,0.1,0.0,0.0,9.132420091324204e-05,9.132420091324204e-05,0.0,Subatendido
060301,CELENDIN,CAJAMARCA,CELENDIN,8.0,81.0,0.0987654320987654,16531.0,0.0,0.0089723013238436,0.0089723013238436,0.0,Acceso medio
140206,PUEBLO NUEVO,LAMBAYEQUE,FERREÑAFE,5.0,15.0,0.3333333333333333,1097.0,0.0,0.0008938319890507,0.0008938319890507,0.0,Acceso medio
010513,OCUMAL,AMAZONAS,LUYA,5.0,53.0,0.0943396226415094,0.0,0.0,8.615490652192643e-05,8.615490652192643e-05,0.0,Subatendido
010120,SOLOCO,AMAZONAS,CHACHAPOYAS,4.0,15.0,0.2666666666666666,0.0,0.0,0.0002435312024353,0.0002435312024353,0.0,Acceso medio
061301,SANTA CRUZ,CAJAMARCA,SANTA CRUZ,8.0,57.0,0.1403508771929824,0.0,0.0,0.0001281743170712,0.0001281743170712,0.0,Subatendido
010115,MONTEVIDEO,AMAZONAS,CHACHAPOYAS,1.0,13.0,0.0769230769230769,0.0,0.0,7.024938531787847e-05,7.024938531787847e-05,0.0,Subatendido
061310,UTICYACU,CAJAMARCA,SANTA CRUZ,3.0,13.0,0.2307692307692307,0.0,0.0,0.0002107481559536,0.0002107481559536,0.0,Acceso medio
061305,LA ESPERANZA,CAJAMARCA,SANTA CRUZ,3.0,35.0,0.0857142857142857,0.0,0.0,7.827788649706458e-05,7.827788649706458e-05,0.0,Subatendido
140201,FERREÑAFE,LAMBAYEQUE,FERREÑAFE,12.0,27.0,0.4444444444444444,22188.0,0.0,0.0123274954317527,0.0123274954317527,0.0,Acceso medio
060307,MIGUEL IGLESIAS,CAJAMARCA,CELENDIN,4.0,28.0,0.1428571428571428,0.0,0.0,0.0001304631441617,0.0001304631441617,0.0,Subatendido
060701,BAMBAMARCA,CAJAMARCA,HUALGAYOC,40.0,227.0,0.1762114537444934,491.1627906976744,0.0,0.000424825418453,0.000424825418453,0.0,Acceso medio
140204,MANUEL ANTONIO MESONES MURO,LAMBAYEQUE,FERREÑAFE,1.0,44.0,0.0227272727272727,0.0,0.0,2.0755500207555e-05,2.0755500207555e-05,0.0,Subatendido
220908,JUAN GUERRA,SAN MARTIN,SAN MARTIN,2.0,40.0,0.05,432.0,0.0,0.0002777756555658,0.0002777756555658,0.0,Acceso medio
010113,MARISCAL CASTILLA,AMAZONAS,CHACHAPOYAS,2.0,79.0,0.0253164556962025,0.0,0.0,2.31200508641119e-05,2.31200508641119e-05,0.0,Subatendido
220604,PACHIZA,SAN MARTIN,MARISCAL CACERES,7.0,73.0,0.0958904109589041,40.333333333333336,0.0,0.0001092422473694,0.0001092422473694,0.0,Subatendido
220301,SAN JOSE DE SISA,SAN MARTIN,EL DORADO,7.0,32.0,0.21875,3902.2,0.0,0.0022964233440052,0.0022964233440052,0.0,Acceso medio
140305,MOCHUMI,LAMBAYEQUE,LAMBAYEQUE,7.0,49.0,0.1428571428571428,1896.0,0.0,0.0011491837471412,0.0011491837471412,0.0,Acceso medio
010503,COCABAMBA,AMAZONAS,LUYA,7.0,111.0,0.063063063063063,0.0,0.0,5.759183841375622e-05,5.759183841375622e-05,0.0,Subatendido
010521,SANTO TOMAS,AMAZONAS,LUYA,6.0,117.0,0.0512820512820512,0.0,0.0,4.683292354525231e-05,4.683292354525231e-05,0.0,Subatendido
061309,SEXI,CAJAMARCA,SANTA CRUZ,1.0,41.0,0.024390243902439,0.0,0.0,2.227419534469317e-05,2.227419534469317e-05,0.0,Subatendido
061304,CHANCAYBAÑOS,CAJAMARCA,SANTA CRUZ,6.0,33.0,0.1818181818181818,0.0,0.0,0.0001660440016604,0.0001660440016604,0.0,Acceso medio
060408,CONCHAN,CAJAMARCA,CHOTA,7.0,45.0,0.1555555555555555,0.0,0.0,0.0001420598680872,0.0001420598680872,0.0,Subatendido
140303,ILLIMO,LAMBAYEQUE,LAMBAYEQUE,3.0,26.0,0.1153846153846153,0.0,0.0,0.0001053740779768,0.0001053740779768,0.0,Subatendido
220511,ZAPATERO,SAN MARTIN,LAMAS,11.0,28.0,0.3928571428571428,0.0,0.0,0.0003587736464448,0.0003587736464448,0.0,Acceso medio
060419,CHALAMARCA,CAJAMARCA,CHOTA,13.0,42.0,0.3095238095238095,0.0,0.0,0.0002826701456838,0.0002826701456838,0.0,Acceso medio
220910,MORALES,SAN MARTIN,SAN MARTIN,7.0,42.0,0.1666666666666666,24995.0,0.0,0.0135820179041966,0.0135820179041966,0.0,Acceso medio
010610,SANTA ROSA,AMAZONAS,RODRIGUEZ DE MENDOZA,1.0,12.0,0.0833333333333333,0.0,0.0,7.6103500761035e-05,7.6103500761035e-05,0.0,Subatendido
160112,BELEN,LORETO,MAYNAS,19.0,60.0,0.3166666666666666,0.0,0.0,0.0002891933028919,0.0002891933028919,0.0,Acceso medio
240106,SAN JUAN DE LA VIRGEN,TUMBES,TUMBES,4.0,9.0,0.4444444444444444,0.0,0.0,0.0004058853373921,0.0004058853373921,0.0,Acceso medio
240102,CORRALES,TUMBES,TUMBES,5.0,22.0,0.2272727272727272,1894.0,0.0,0.0012252010052628,0.0012252010052628,0.0,Acceso medio
240304,PAPAYAL,TUMBES,ZARUMILLA,5.0,16.0,0.3125,47.8,0.0,0.0003110710628868,0.0003110710628868,0.0,Acceso medio
240101,TUMBES,TUMBES,TUMBES,40.0,23.0,1.7391304347826086,31150.0,0.0,0.0183251387354893,0.0183251387354893,0.0,Acceso medio
240302,AGUAS VERDES,TUMBES,ZARUMILLA,4.0,12.0,0.3333333333333333,1796.5,0.0,0.0012696732663629,0.0012696732663629,0.0,Acceso medio
160104,INDIANA,LORETO,MAYNAS,7.0,70.0,0.1,0.0,0.0,9.132420091324204e-05,9.132420091324204e-05,0.0,Subatendido
240301,ZARUMILLA,TUMBES,ZARUMILLA,5.0,8.0,0.625,3012.75,0.0,0.0021895265176414,0.0021895265176414,0.0,Acceso medio
160108,PUNCHANA,LORETO,MAYNAS,38.0,59.0,0.6440677966101694,141557.8,0.0,0.0766471809987848,0.0766471809987848,0.0,Acceso medio
220807,SAN FERNANDO,SAN MARTIN,RIOJA,2.0,12.0,0.1666666666666666,982.5,0.0,0.0006801041494267,0.0006801041494267,0.0,Acceso medio
010702,CAJARURO,AMAZONAS,UTCUBAMBA,32.0,140.0,0.2285714285714285,0.0,0.0,0.0002087410306588,0.0002087410306588,0.0,Acceso medio
240203,CANOAS DE PUNTA SAL,TUMBES,CONTRALMIRANTE VILLAR,3.0,26.0,0.1153846153846153,1.3333333333333333,0.0,0.0001060904778382,0.0001060904778382,0.0,Subatendido
160301,NAUTA,LORETO,LORETO,12.0,179.0,0.0670391061452514,2814.0,0.0,0.001573184835573,0.001573184835573,0.0,Acceso medio
240202,CASITAS,TUMBES,CONTRALMIRANTE VILLAR,3.0,42.0,0.0714285714285714,8.0,0.0,6.952997124957674e-05,6.952997124957674e-05,0.0,Subatendido
160103,FERNANDO LORES,LORETO,MAYNAS,12.0,156.0,0.0769230769230769,0.0,0.0,7.024938531787847e-05,7.024938531787847e-05,0.0,Subatendido
160404,SAN PABLO,LORETO,MARISCAL RAMON CASTILLA,5.0,56.0,0.0892857142857142,0.0,0.0,8.153946510110893e-05,8.153946510110893e-05,0.0,Subatendido
160401,RAMON CASTILLA,LORETO,MARISCAL RAMON CASTILLA,10.0,103.0,0.0970873786407767,0.0,0.0,8.866427273130293e-05,8.866427273130293e-05,0.0,Subatendido
160705,PASTAZA,LORETO,DATEM DEL MARAÑON,9.0,49.0,0.1836734693877551,0.0,0.0,0.0001677383282079,0.0001677383282079,0.0,Acceso medio
160105,LAS AMAZONAS,LORETO,MAYNAS,4.0,85.0,0.0470588235294117,0.0,0.0,4.2976094547408005e-05,4.2976094547408005e-05,0.0,Subatendido
160402,PEBAS,LORETO,MARISCAL RAMON CASTILLA,8.0,87.0,0.0919540229885057,0.0,0.0,8.397627670183173e-05,8.397627670183173e-05,0.0,Subatendido
160704,MORONA,LORETO,DATEM DEL MARAÑON,10.0,25.0,0.4,0.0,0.0,0.0003652968036529,0.0003652968036529,0.0,Acceso medio
060902,CHIRINOS,CAJAMARCA,SAN IGNACIO,8.0,83.0,0.0963855421686747,0.0,0.0,8.802332618143808e-05,8.802332618143808e-05,0.0,Subatendido
060907,TABACONAS,CAJAMARCA,SAN IGNACIO,9.0,102.0,0.088235294117647,68.66666666666667,0.0,0.0001174747701409,0.0001174747701409,0.0,Subatendido
060901,SAN IGNACIO,CAJAMARCA,SAN IGNACIO,18.0,99.0,0.1818181818181818,2231.555555555556,0.0,0.001365058569771,0.001365058569771,0.0,Acceso medio
060905,NAMBALLE,CAJAMARCA,SAN IGNACIO,6.0,41.0,0.1463414634146341,0.0,0.0,0.0001336451720681,0.0001336451720681,0.0,Subatendido
060906,SAN JOSE DE LOURDES,CAJAMARCA,SAN IGNACIO,15.0,96.0,0.15625,0.0,0.0,0.0001426940639269,0.0001426940639269,0.0,Subatendido
060903,HUARANGO,CAJAMARCA,SAN IGNACIO,13.0,91.0,0.1428571428571428,0.0,0.0,0.0001304631441617,0.0001304631441617,0.0,Subatendido
010205,IMAZA,AMAZONAS,BAGUA,41.0,149.0,0.2751677852348993,0.0,0.0,0.0002512947810364,0.0002512947810364,0.0,Acceso medio
010402,EL CENEPA,AMAZONAS,CONDORCANQUI,21.0,86.0,0.2441860465116279,0.0,0.0,0.0002230009557183,0.0002230009557183,0.0,Acceso medio
010403,RIO SANTIAGO,AMAZONAS,CONDORCANQUI,26.0,89.0,0.2921348314606741,0.0,0.0,0.0002667898004207,0.0002667898004207,0.0,Acceso medio
200407,SAN JUAN DE BIGOTE,PIURA,MORROPON,3.0,32.0,0.09375,0.0,0.0,8.561643835616437e-05,8.561643835616437e-05,0.0,Subatendido
200402,BUENOS AIRES,PIURA,MORROPON,5.0,30.0,0.1666666666666666,0.0,0.0,0.000152207001522,0.000152207001522,0.0,Acceso medio
200302,CANCHAQUE,PIURA,HUANCABAMBA,7.0,81.0,0.0864197530864197,0.0,0.0,7.892214893736963e-05,7.892214893736963e-05,0.0,Subatendido
200404,LA MATANZA,PIURA,MORROPON,7.0,46.0,0.1521739130434782,0.0,0.0,0.0001389716100853,0.0001389716100853,0.0,Subatendido
200105,CATACAOS,PIURA,PIURA,19.0,60.0,0.3166666666666666,3740.0,0.0,0.0022986949142543,0.0022986949142543,0.0,Acceso medio
200115,VEINTISEIS DE OCTUBRE,PIURA,PIURA,10.0,6.0,1.6666666666666667,59308.333333333336,0.0,0.0333884313522664,0.0333884313522664,0.0,Acceso medio
200305,LALAQUIZ,PIURA,HUANCABAMBA,4.0,55.0,0.0727272727272727,0.0,0.0,6.6417600664176e-05,6.6417600664176e-05,0.0,Subatendido
200408,SANTA CATALINA DE MOSSA,PIURA,MORROPON,5.0,40.0,0.125,0.0,0.0,0.0001141552511415,0.0001141552511415,0.0,Subatendido
200410,YAMANGO,PIURA,MORROPON,7.0,87.0,0.0804597701149425,0.0,0.0,7.347924211410277e-05,7.347924211410277e-05,0.0,Subatendido
200405,MORROPON,PIURA,MORROPON,6.0,35.0,0.1714285714285714,0.0,0.0,0.0001565557729941,0.0001565557729941,0.0,Acceso medio
200301,HUANCABAMBA,PIURA,HUANCABAMBA,10.0,89.0,0.1123595505617977,2.0,0.0,0.0001036860614924,0.0001036860614924,0.0,Subatendido
200403,CHALACO,PIURA,MORROPON,8.0,77.0,0.1038961038961039,0.0,0.0,9.488228666310858e-05,9.488228666310858e-05,0.0,Subatendido
200101,PIURA,PIURA,PIURA,253.0,46.0,5.5,26900.736842105263,0.0,0.0194765941601336,0.0194765941601336,0.0,Acceso medio
200104,CASTILLA,PIURA,PIURA,68.0,36.0,1.8888888888888888,18512.14285714286,0.0,0.0116715851173925,0.0116715851173925,0.0,Acceso medio
200409,SANTO DOMINGO,PIURA,MORROPON,5.0,60.0,0.0833333333333333,0.0,0.0,7.6103500761035e-05,7.6103500761035e-05,0.0,Subatendido
200401,CHULUCANAS,PIURA,MORROPON,15.0,120.0,0.125,23502.666666666668,0.0,0.0127421356088901,0.0127421356088901,0.0,Acceso medio
200606,MIGUEL CHECA,PIURA,SULLANA,2.0,12.0,0.1666666666666666,0.0,0.0,0.000152207001522,0.000152207001522,0.0,Acceso medio
200503,ARENAL,PIURA,PAITA,1.0,6.0,0.1666666666666666,0.0,0.0,0.000152207001522,0.000152207001522,0.0,Acceso medio
200505,LA HUACA,PIURA,PAITA,7.0,21.0,0.3333333333333333,0.0,0.0,0.0003044140030441,0.0003044140030441,0.0,Acceso medio
200602,BELLAVISTA,PIURA,SULLANA,16.0,1.0,16.0,2794.0,0.0,0.0161130880557835,0.0161130880557835,0.0,Acceso medio
200504,COLAN,PIURA,PAITA,1.0,19.0,0.0526315789473684,0.0,0.0,4.806536890170632e-05,4.806536890170632e-05,0.0,Subatendido
200303,EL CARMEN DE LA FRONTERA,PIURA,HUANCABAMBA,9.0,55.0,0.1636363636363636,0.0,0.0,0.0001494396014943,0.0001494396014943,0.0,Subatendido
200608,SALITRAL,PIURA,SULLANA,2.0,14.0,0.1428571428571428,0.0,0.0,0.0001304631441617,0.0001304631441617,0.0,Subatendido
200507,VICHAYAL,PIURA,PAITA,3.0,17.0,0.1764705882352941,0.0,0.0,0.0001611603545527,0.0001611603545527,0.0,Acceso medio
200202,FRIAS,PIURA,AYABACA,9.0,156.0,0.0576923076923076,0.0,0.0,5.268703898840885e-05,5.268703898840885e-05,0.0,Subatendido
200502,AMOTAPE,PIURA,PAITA,2.0,10.0,0.2,0.0,0.0,0.0001826484018264,0.0001826484018264,0.0,Acceso medio
200506,TAMARINDO,PIURA,PAITA,1.0,8.0,0.125,0.0,0.0,0.0001141552511415,0.0001141552511415,0.0,Subatendido
200206,PACAIPAMPA,PIURA,AYABACA,8.0,183.0,0.0437158469945355,0.0,0.0,3.992314794021509e-05,3.992314794021509e-05,0.0,Subatendido
200603,IGNACIO ESCUDERO,PIURA,SULLANA,7.0,33.0,0.2121212121212121,0.0,0.0,0.0001937180019371,0.0001937180019371,0.0,Acceso medio
200208,SAPILLICA,PIURA,AYABACA,4.0,78.0,0.0512820512820512,0.0,0.0,4.683292354525231e-05,4.683292354525231e-05,0.0,Subatendido
200204,LAGUNAS,PIURA,AYABACA,5.0,63.0,0.0793650793650793,0.0,0.0,7.247952453431905e-05,7.247952453431905e-05,0.0,Subatendido
200114,TAMBO GRANDE,PIURA,PIURA,38.0,227.0,0.1674008810572687,18494.0,0.0,0.0100897017951654,0.0100897017951654,0.0,Acceso medio
200601,SULLANA,PIURA,SULLANA,155.0,86.0,1.802325581395349,31597.42857142857,0.0,0.0186232545230839,0.0186232545230839,0.0,Acceso medio
200607,QUERECOTILLO,PIURA,SULLANA,8.0,35.0,0.2285714285714285,0.0,0.0,0.0002087410306588,0.0002087410306588,0.0,Acceso medio
200703,LA BREA,PIURA,TALARA,6.0,26.0,0.2307692307692307,0.0,0.0,0.0002107481559536,0.0002107481559536,0.0,Acceso medio
200111,LAS LOMAS,PIURA,PIURA,21.0,97.0,0.2164948453608247,0.0,0.0,0.0001977121875441,0.0001977121875441,0.0,Acceso medio
200205,MONTERO,PIURA,AYABACA,4.0,54.0,0.074074074074074,0.0,0.0,6.764755623203112e-05,6.764755623203112e-05,0.0,Subatendido
200207,PAIMAS,PIURA,AYABACA,4.0,49.0,0.0816326530612244,0.0,0.0,7.455036809244245e-05,7.455036809244245e-05,0.0,Subatendido
200209,SICCHEZ,PIURA,AYABACA,3.0,28.0,0.1071428571428571,0.0,0.0,9.784735812133073e-05,9.784735812133073e-05,0.0,Subatendido
200203,JILILI,PIURA,AYABACA,3.0,25.0,0.12,0.0,0.0,0.0001095890410958,0.0001095890410958,0.0,Subatendido
200201,AYABACA,PIURA,AYABACA,30.0,344.0,0.0872093023255814,0.0,0.0,7.964319847085059e-05,7.964319847085059e-05,0.0,Subatendido
200701,PARIÑAS,PIURA,TALARA,83.0,47.0,1.7659574468085106,20410.7,0.0,0.0125794135158123,0.0125794135158123,0.0,Acceso medio
200704,LOBITOS,PIURA,TALARA,1.0,8.0,0.125,0.0,0.0,0.0001141552511415,0.0001141552511415,0.0,Subatendido
200210,SUYO,PIURA,AYABACA,10.0,141.0,0.0709219858156028,0.0,0.0,6.476893681790214e-05,6.476893681790214e-05,0.0,Subatendido
200702,EL ALTO,PIURA,TALARA,7.0,5.0,1.4,0.0,0.0,0.0012785388127853,0.0012785388127853,0.0,Acceso medio
200605,MARCAVELICA,PIURA,SULLANA,10.0,105.0,0.0952380952380952,0.0,0.0,8.697542944118286e-05,8.697542944118286e-05,0.0,Subatendido
200705,LOS ORGANOS,PIURA,TALARA,6.0,18.0,0.3333333333333333,0.0,0.0,0.0003044140030441,0.0003044140030441,0.0,Acceso medio
200706,MANCORA,PIURA,TALARA,6.0,6.0,1.0,43.0,0.0,0.0009363459046641,0.0009363459046641,0.0,Acceso medio
200604,LANCONES,PIURA,SULLANA,16.0,225.0,0.0711111111111111,0.0,0.0,6.494165398274987e-05,6.494165398274987e-05,0.0,Subatendido
140308,OLMOS,LAMBAYEQUE,LAMBAYEQUE,21.0,233.0,0.0901287553648068,3365.7,0.0,0.0018906996258872,0.0018906996258872,0.0,Acceso medio
200501,PAITA,PIURA,PAITA,33.0,12.0,2.75,60200.5,0.0,0.0348571379194514,0.0348571379194514,0.0,Acceso medio
200801,SECHURA,PIURA,SECHURA,20.0,64.0,0.3125,315.0,0.0,0.000454637595121,0.000454637595121,0.0,Acceso medio
090607,PILPICHACA,HUANCAVELICA,HUAYTARA,9.0,597.0,0.0150753768844221,19.22222222222222,0.3651591289782244,0.121743805224885,0.2992982440858565,0.1775544388609715,Acceso medio
090311,SANTO TOMAS DE PATA,HUANCAVELICA,ANGARAES,3.0,47.0,0.0638297872340425,19.0,0.723404255319149,0.2412032525142114,0.3334018340744951,0.0921985815602836,Mejor atendido
090310,SAN ANTONIO DE ANTAPARCO,HUANCAVELICA,ANGARAES,2.0,20.0,0.1,65.5,1.0,0.3334598506774402,0.3334598506774402,0.0,Mejor atendido
090309,JULCAMARCA,HUANCAVELICA,ANGARAES,1.0,24.0,0.0416666666666666,272.0,0.875,0.2918508639887826,0.3335175306554492,0.0416666666666666,Mejor atendido
090301,LIRCAY,HUANCAVELICA,ANGARAES,23.0,282.0,0.0815602836879432,2940.7894736842104,0.74822695035461,0.2510635536074991,0.3349879034892958,0.0839243498817966,Mejor atendido
090305,CHINCHO,HUANCAVELICA,ANGARAES,2.0,30.0,0.0666666666666666,27.0,0.8666666666666667,0.288964278786692,0.3334087232311364,0.0444444444444444,Mejor atendido
050617,SAN PEDRO,AYACUCHO,LUCANAS,2.0,131.0,0.015267175572519,0.0,0.4045801526717557,0.1348739935166788,0.2850012199797831,0.1501272264631043,Acceso medio
050708,UPAHUACHO,AYACUCHO,PARINACOCHAS,5.0,147.0,0.0340136054421768,0.0,0.7414965986394558,0.2471965955331904,0.3333643959867052,0.0861678004535147,Mejor atendido
050621,SANTA LUCIA,AYACUCHO,LUCANAS,4.0,69.0,0.0579710144927536,0.0,0.4347826086956521,0.1449804777976308,0.2995698497783072,0.1545893719806763,Acceso medio
050615,SAN CRISTOBAL,AYACUCHO,LUCANAS,2.0,64.0,0.03125,0.0,0.640625,0.213570205479452,0.3125285388127853,0.0989583333333333,Mejor atendido
050703,CORONEL CASTAÑEDA,AYACUCHO,PARINACOCHAS,3.0,65.0,0.0461538461538461,0.0,0.1538461538461538,0.051324200913242,0.2974780470670882,0.2461538461538461,Acceso medio
051011,SARHUA,AYACUCHO,VICTOR FAJARDO,4.0,74.0,0.054054054054054,0.0,0.4054054054054054,0.1351844995680612,0.3333826977662594,0.1981981981981982,Acceso medio
051101,VILCAS HUAMAN,AYACUCHO,VILCAS HUAMAN,6.0,99.0,0.0606060606060606,463.4,0.8383838383838383,0.2797656122336793,0.3336376661057331,0.0538720538720538,Mejor atendido
051012,VILCANCHOS,AYACUCHO,VICTOR FAJARDO,4.0,175.0,0.0228571428571428,0.0,0.5942857142857143,0.1981161121983039,0.3295446836268754,0.1314285714285714,Mejor atendido
050619,SANCOS,AYACUCHO,LUCANAS,6.0,212.0,0.0283018867924528,0.0,0.4292452830188679,0.1431076074782458,0.3129189282329628,0.1698113207547169,Acceso medio
050806,OYOLO,AYACUCHO,PAUCAR DEL SARA SARA,2.0,105.0,0.019047619047619,0.0,0.4476190476190476,0.1492237442922374,0.2539856490541421,0.1047619047619047,Acceso medio
050614,SAISA,AYACUCHO,LUCANAS,1.0,102.0,0.0098039215686274,0.0,0.3529411764705882,0.1176560121765601,0.3202703912615274,0.2026143790849673,Acceso medio
050605,CHAVIÑA,AYACUCHO,LUCANAS,1.0,121.0,0.0082644628099173,0.0,0.3636363636363636,0.1212196686667421,0.3333408807879542,0.2121212121212121,Acceso medio
050616,SAN JUAN,AYACUCHO,LUCANAS,1.0,37.0,0.027027027027027,0.0,0.972972972972973,0.3243490065407874,0.3333580155497964,0.0090090090090089,Mejor atendido
051008,HUAMANQUIQUIA,AYACUCHO,VICTOR FAJARDO,3.0,56.0,0.0535714285714285,0.0,1.0,0.333382257012394,0.333382257012394,0.0,Mejor atendido
051002,ALCAMENCA,AYACUCHO,VICTOR FAJARDO,3.0,36.0,0.0833333333333333,0.0,1.0,0.3334094368340943,0.3334094368340943,0.0,Mejor atendido
050803,CORCULLA,AYACUCHO,PAUCAR DEL SARA SARA,1.0,20.0,0.05,0.0,0.9,0.3000456621004566,0.3333789954337899,0.0333333333333333,Mejor atendido
050810,SARA SARA,AYACUCHO,PAUCAR DEL SARA SARA,1.0,18.0,0.0555555555555555,0.0,0.8888888888888888,0.2963470319634703,0.3333840690005074,0.037037037037037,Mejor atendido
050801,PAUSA,AYACUCHO,PAUCAR DEL SARA SARA,3.0,33.0,0.0909090909090909,369.0,0.8181818181818182,0.2730085583897587,0.3336146189958193,0.0606060606060606,Mejor atendido
050809,SAN JOSE DE USHUA,AYACUCHO,PAUCAR DEL SARA SARA,1.0,12.0,0.0833333333333333,0.0,1.0,0.3334094368340943,0.3334094368340943,0.0,Mejor atendido
050807,PARARCA,AYACUCHO,PAUCAR DEL SARA SARA,1.0,10.0,0.1,0.0,0.9,0.3000913242009133,0.3334246575342465,0.0333333333333332,Mejor atendido
050705,PULLO,AYACUCHO,PARINACOCHAS,4.0,212.0,0.0188679245283018,0.0,0.320754716981132,0.106935469975015,0.2437279228052037,0.1367924528301886,Acceso medio
050706,PUYUSCA,AYACUCHO,PARINACOCHAS,5.0,85.0,0.0588235294117647,0.0,0.6,0.2000537201181842,0.3333870534515176,0.1333333333333333,Mejor atendido
050804,LAMPA,AYACUCHO,PAUCAR DEL SARA SARA,2.0,43.0,0.0465116279069767,0.0,0.7674418604651163,0.2558564298608899,0.333375809705851,0.0775193798449611,Mejor atendido
050805,MARCABAMBA,AYACUCHO,PAUCAR DEL SARA SARA,1.0,21.0,0.0476190476190476,0.0,0.8095238095238095,0.2698847575559904,0.3333768210480539,0.0634920634920634,Mejor atendido
050802,COLTA,AYACUCHO,PAUCAR DEL SARA SARA,1.0,30.0,0.0333333333333333,0.0,0.7333333333333333,0.2444748858447488,0.3222526636225266,0.0777777777777777,Mejor atendido
050702,CHUMPI,AYACUCHO,PARINACOCHAS,4.0,71.0,0.056338028169014,0.0,0.7887323943661971,0.2629622483761013,0.3333847835873689,0.0704225352112676,Mejor atendido
050808,SAN JAVIER DE ALPABAMBA,AYACUCHO,PAUCAR DEL SARA SARA,1.0,21.0,0.0476190476190476,0.0,0.6190476190476191,0.2063926940639269,0.3333768210480539,0.126984126984127,Mejor atendido
050701,CORACORA,AYACUCHO,PARINACOCHAS,9.0,378.0,0.0238095238095238,7710.5,0.5846560846560847,0.1990499562581611,0.3348524253939636,0.1358024691358024,Mejor atendido
050609,LEONCIO PRADO,AYACUCHO,LUCANAS,4.0,116.0,0.0344827586206896,0.0,0.4137931034482758,0.1379625255865218,0.2615257439773263,0.1235632183908045,Acceso medio
050606,CHIPAO,AYACUCHO,LUCANAS,4.0,195.0,0.0205128205128205,0.0,0.3897435897435897,0.129933263083948,0.3265144596651446,0.1965811965811965,Acceso medio
050611,LUCANAS,AYACUCHO,LUCANAS,4.0,425.0,0.0094117647058823,0.0,0.3505882352941176,0.1168713403169487,0.2533419285522428,0.1364705882352941,Acceso medio
050603,CABANA,AYACUCHO,LUCANAS,2.0,65.0,0.0307692307692307,0.0,0.3692307692307692,0.1231050228310502,0.2666947664207938,0.1435897435897435,Acceso medio
050612,OCAÑA,AYACUCHO,LUCANAS,3.0,168.0,0.0178571428571428,0.0,0.5476190476190477,0.1825559904327027,0.3095401174168297,0.1269841269841269,Mejor atendido
050613,OTOCA,AYACUCHO,LUCANAS,3.0,148.0,0.0202702702702702,0.0,0.4797297297297297,0.1599284215722572,0.3153338269776626,0.1554054054054054,Acceso medio
050604,CARMEN SALCEDO,AYACUCHO,LUCANAS,1.0,63.0,0.0158730158730158,0.0,0.4761904761904761,0.1587446546350655,0.275146771037182,0.1164021164021164,Acceso medio
050707,SAN FRANCISCO DE RAVACAYCO,AYACUCHO,PARINACOCHAS,1.0,56.0,0.0178571428571428,0.0,0.6071428571428571,0.2023972602739725,0.3333496412263535,0.1309523809523809,Mejor atendido
050911,SORAS,AYACUCHO,SUCRE,1.0,82.0,0.0121951219512195,180.0,0.2682926829268293,0.0895387453879109,0.3334411844123012,0.2439024390243903,Acceso medio
050607,HUAC-HUAS,AYACUCHO,LUCANAS,3.0,140.0,0.0214285714285714,0.0,0.8214285714285714,0.2738290932811481,0.3333529028049576,0.0595238095238095,Mejor atendido
050608,LARAMATE,AYACUCHO,LUCANAS,2.0,136.0,0.0147058823529411,0.0,0.4338235294117647,0.1446212731668009,0.2671702927746441,0.1225490196078431,Acceso medio
050610,LLAUTA,AYACUCHO,LUCANAS,3.0,76.0,0.0394736842105263,0.0,0.4078947368421052,0.136000961307378,0.3202114876231675,0.1842105263157894,Acceso medio
050910,SANTIAGO DE PAUCARAY,AYACUCHO,SUCRE,3.0,48.0,0.0625,0.0,0.9583333333333334,0.3195015220700152,0.3333904109589041,0.0138888888888888,Mejor atendido
051004,ASQUIPATA,AYACUCHO,VICTOR FAJARDO,3.0,16.0,0.1875,0.0,0.9375,0.3126712328767123,0.3335045662100457,0.0208333333333333,Mejor atendido
050602,AUCARA,AYACUCHO,LUCANAS,4.0,175.0,0.0228571428571428,0.0,0.3142857142857143,0.1047827788649706,0.2285923026744944,0.1238095238095238,Acceso medio
050906,MORCOLLA,AYACUCHO,SUCRE,3.0,73.0,0.0410958904109589,0.0,0.821917808219178,0.274010133233252,0.3333708638268593,0.0593607305936073,Mejor atendido
051003,APONGO,AYACUCHO,VICTOR FAJARDO,1.0,29.0,0.0344827586206896,0.0,0.3103448275862069,0.1034797669658321,0.3333648244370965,0.2298850574712643,Acceso medio
050704,PACAPAUSA,AYACUCHO,PARINACOCHAS,1.0,59.0,0.0169491525423728,0.0,0.6610169491525424,0.2203544617289683,0.3333488120114542,0.1129943502824858,Mejor atendido
050601,PUQUIO,AYACUCHO,LUCANAS,5.0,239.0,0.0209205020920502,13421.0,0.5732217573221757,0.1983041264941274,0.3084854375122585,0.110181311018131,Mejor atendido
050620,SANTA ANA DE HUAYCAHUACHO,AYACUCHO,LUCANAS,1.0,7.0,0.1428571428571428,0.0,1.0,0.3334637964774951,0.3334637964774951,0.0,Mejor atendido
051102,ACCOMARCA,AYACUCHO,VILCAS HUAMAN,3.0,28.0,0.1071428571428571,0.0,1.0,0.3334311806914546,0.3334311806914546,0.0,Mejor atendido
050902,BELEN,AYACUCHO,SUCRE,1.0,4.0,0.25,0.0,1.0,0.3335616438356164,0.3335616438356164,0.0,Mejor atendido
051006,CAYARA,AYACUCHO,VICTOR FAJARDO,1.0,31.0,0.032258064516129,0.0,1.0,0.3333627927529827,0.3333627927529827,0.0,Mejor atendido
051009,HUANCARAYLLA,AYACUCHO,VICTOR FAJARDO,3.0,57.0,0.0526315789473684,0.0,0.5087719298245614,0.1696387086437555,0.333381398702235,0.1637426900584794,Mejor atendido
051007,COLCA,AYACUCHO,VICTOR FAJARDO,2.0,23.0,0.0869565217391304,0.0,1.0,0.3334127456819535,0.3334127456819535,0.0,Mejor atendido
051107,SAURAMA,AYACUCHO,VILCAS HUAMAN,1.0,15.0,0.0666666666666666,0.0,1.0,0.3333942161339422,0.3333942161339422,0.0,Mejor atendido
051001,HUANCAPI,AYACUCHO,VICTOR FAJARDO,2.0,122.0,0.0163934426229508,1166.0,0.6229508196721312,0.2082917360833578,0.3312425557554889,0.1229508196721311,Mejor atendido
050206,TOTOS,AYACUCHO,CANGALLO,3.0,74.0,0.0405405405405405,6.333333333333333,0.918918918918919,0.3063467325303428,0.3333737595573697,0.0270270270270269,Mejor atendido
050204,MARIA PARADO DE BELLIDO,AYACUCHO,CANGALLO,2.0,67.0,0.0298507462686567,87.0,0.9253731343283582,0.3085317174892421,0.3334073393797893,0.0248756218905472,Mejor atendido
050405,LURICOCHA,AYACUCHO,HUANTA,3.0,77.0,0.0389610389610389,0.0,0.974025974025974,0.3247109055328233,0.333368914190832,0.0086580086580086,Mejor atendido
050410,UCHURACCAY,AYACUCHO,HUANTA,6.0,48.0,0.125,0.0,0.9375,0.3126141552511415,0.3334474885844748,0.0208333333333333,Mejor atendido
050507,SANTA ROSA,AYACUCHO,LA MAR,5.0,47.0,0.1063829787234042,0.0,0.9574468085106383,0.3192460895754396,0.3334304867385602,0.0141843971631205,Mejor atendido
050503,AYNA,AYACUCHO,LA MAR,6.0,48.0,0.125,29167.0,0.75,0.2657855813202877,0.3491189146536211,0.0833333333333333,Mejor atendido
050201,CANGALLO,AYACUCHO,CANGALLO,7.0,80.0,0.0875,1328.6666666666667,0.9625,0.3216271344710656,0.3341271344710656,0.0125,Mejor atendido
051104,CONCEPCION,AYACUCHO,VILCAS HUAMAN,2.0,76.0,0.0263157894736842,0.0,0.8157894736842105,0.2719538572458543,0.3333573660177842,0.0614035087719298,Mejor atendido
051108,VISCHONGO,AYACUCHO,VILCAS HUAMAN,6.0,63.0,0.0952380952380952,30.428571428571427,0.9682539682539684,0.3228546474490305,0.3334366580310411,0.0105820105820105,Mejor atendido
050203,LOS MOROCHUCOS,AYACUCHO,CANGALLO,5.0,141.0,0.0354609929078014,475.8,0.9432624113475178,0.3147088355414727,0.3336213650923001,0.0189125295508273,Mejor atendido
050202,CHUSCHI,AYACUCHO,CANGALLO,6.0,95.0,0.0631578947368421,23.33333333333333,0.5684210526315789,0.1895438996507837,0.3334035487735907,0.143859649122807,Mejor atendido
050205,PARAS,AYACUCHO,CANGALLO,6.0,303.0,0.0198019801980198,1.8333333333333333,0.3795379537953795,0.1265317203151168,0.3333524023833236,0.2068206820682068,Acceso medio
050106,OCROS,AYACUCHO,HUAMANGA,6.0,133.0,0.0451127819548872,13.5,0.8796992481203008,0.2932815351429941,0.3333817857695605,0.0401002506265664,Mejor atendido
050105,CHIARA,AYACUCHO,HUAMANGA,5.0,91.0,0.0549450549450549,0.0,0.7692307692307693,0.2564604345426263,0.3333835114657033,0.0769230769230769,Mejor atendido
050506,LUIS CARRANZA,AYACUCHO,LA MAR,1.0,47.0,0.0212765957446808,0.0,0.723404255319149,0.241154182454095,0.3333527640143787,0.0921985815602836,Mejor atendido
050104,CARMEN ALTO,AYACUCHO,HUAMANGA,5.0,12.0,0.4166666666666667,1170.0,1.0,0.3343424917155593,0.3343424917155593,0.0,Mejor atendido
050110,SAN JUAN BAUTISTA,AYACUCHO,HUAMANGA,5.0,15.0,0.3333333333333333,80132.28571428571,1.0,0.3766928161238128,0.3766928161238128,0.0,Mejor atendido
050102,ACOCRO,AYACUCHO,HUAMANGA,5.0,109.0,0.0458715596330275,30.0,0.8348623853211009,0.2783454726058642,0.3333913441654972,0.055045871559633,Mejor atendido
050114,VINCHOS,AYACUCHO,HUAMANGA,10.0,279.0,0.03584229390681,2.636363636363636,0.7347670250896058,0.2449564909029425,0.3333674825397406,0.088410991636798,Mejor atendido
050116,ANDRES AVELINO CACERES DORREGARAY,AYACUCHO,HUAMANGA,5.0,14.0,0.3571428571428571,7412.2,1.0,0.3376420654835079,0.3376420654835079,0.0,Mejor atendido
050112,SOCOS,AYACUCHO,HUAMANGA,5.0,70.0,0.0714285714285714,0.0,0.9428571428571428,0.3143509458577951,0.3333985649054142,0.019047619047619,Mejor atendido
050113,TAMBILLO,AYACUCHO,HUAMANGA,4.0,66.0,0.0606060606060606,0.0,0.8787878787878788,0.2929846409298464,0.3333886813338868,0.0404040404040404,Mejor atendido
050115,JESUS NAZARENO,AYACUCHO,HUAMANGA,4.0,12.0,0.3333333333333333,2711.75,1.0,0.3350947703295892,0.3350947703295892,0.0,Mejor atendido
050101,AYACUCHO,AYACUCHO,HUAMANGA,26.0,45.0,0.5777777777777777,16666.0,1.0,0.3428156243401157,0.3428156243401157,0.0,Mejor atendido
050109,SAN JOSE DE TICLLAS,AYACUCHO,HUAMANGA,4.0,47.0,0.0851063829787234,0.0,1.0,0.3334110560575148,0.3334110560575148,0.0,Mejor atendido
050103,ACOS VINCHOS,AYACUCHO,HUAMANGA,3.0,61.0,0.0491803278688524,0.0,0.9672131147540984,0.3224492851261322,0.3333782468747661,0.0109289617486338,Mejor atendido
050111,SANTIAGO DE PISCHA,AYACUCHO,HUAMANGA,4.0,44.0,0.0909090909090909,0.0,1.0,0.3334163553341636,0.3334163553341636,0.0,Mejor atendido
050107,PACAYCASA,AYACUCHO,HUAMANGA,2.0,17.0,0.1176470588235294,0.0,1.0,0.3334407735697018,0.3334407735697018,0.0,Mejor atendido
050108,QUINUA,AYACUCHO,HUAMANGA,3.0,65.0,0.0461538461538461,0.0,0.9692307692307692,0.3231190727081138,0.3333754829645241,0.0102564102564102,Mejor atendido
040302,ACARI,AREQUIPA,CARAVELI,2.0,35.0,0.0571428571428571,1020.0,0.3142857142857143,0.1053621359135773,0.2101240406754821,0.1047619047619047,Acceso medio
040305,BELLA UNION,AREQUIPA,CARAVELI,1.0,62.0,0.0161290322580645,62.0,0.3225806451612903,0.1075749240238121,0.2796179347765004,0.1720430107526881,Acceso medio
070107,MI PERU,CALLAO,CALLAO,3.0,0.0,,15496.0,0.0,0.0083259991897517,0.0083259991897517,0.0,Acceso medio
160804,YAGUAS,LORETO,PUTUMAYO,0.0,11.0,0.0,0.0,0.0,0.0,0.0,0.0,Subatendido
160802,ROSA PANDURO,LORETO,PUTUMAYO,0.0,9.0,0.0,0.0,0.0,0.0,0.0,0.0,Subatendido
050401,HUANTA,AYACUCHO,HUANTA,8.0,112.0,0.0714285714285714,10627.5,0.8839285714285714,0.3004182433605941,0.3391087195510703,0.0386904761904761,Mejor atendido
080911,INKAWASI,CUSCO,LA CONVENCION,5.0,77.0,0.0649350649350649,0.0,0.6363636363636364,0.2121805135503765,0.3333926347624978,0.1212121212121212,Mejor atendido
090720,ANDAYMARCA,HUANCAVELICA,TAYACAJA,3.0,12.0,0.25,34.5,1.0,0.3335801806820314,0.3335801806820314,0.0,Mejor atendido
090719,QUICHUAS,HUANCAVELICA,TAYACAJA,5.0,28.0,0.1785714285714285,85.8,0.7142857142857143,0.2383044173565245,0.3335425125946197,0.0952380952380951,Mejor atendido
080912,VILLA VIRGEN,CUSCO,LA CONVENCION,0.0,13.0,0.0,0.0,0.7692307692307693,0.2564102564102564,0.3333333333333333,0.0769230769230768,Mejor atendido
030220,JOSE MARIA ARGUEDAS,APURIMAC,ANDAHUAYLAS,2.0,22.0,0.0909090909090909,0.0,0.5454545454545454,0.181901203819012,0.3334163553341636,0.1515151515151515,Mejor atendido
050411,PUCACOLPA,AYACUCHO,HUANTA,5.0,30.0,0.1666666666666666,0.0,0.4666666666666667,0.1557077625570776,0.2223744292237442,0.0666666666666666,Acceso medio
090718,TINTAY PUNCU,HUANCAVELICA,TAYACAJA,4.0,90.0,0.0444444444444444,37.0,0.7666666666666667,0.25561602418545,0.329690098259524,0.074074074074074,Mejor atendido
050402,AYAHUANCO,AYACUCHO,HUANTA,5.0,68.0,0.0735294117647058,0.0,0.7941176470588235,0.2647730325006714,0.3334004834810636,0.0686274509803921,Mejor atendido
120609,VIZCATAN DEL ENE,JUNIN,SATIPO,0.0,7.0,0.0,0.0,1.0,0.3333333333333333,0.3333333333333333,0.0,Mejor atendido
080913,VILLA KINTIARINA,CUSCO,LA CONVENCION,0.0,13.0,0.0,0.0,0.7692307692307693,0.2564102564102564,0.3333333333333333,0.0769230769230768,Mejor atendido
230111,LA YARADA LOS PALOS,TACNA,TACNA,1.0,46.0,0.0217391304347826,0.0,0.7608695652173914,0.2536430414929522,0.3333531864204884,0.0797101449275362,Mejor atendido
100704,LA MORADA,HUANUCO,MARAÑON,1.0,11.0,0.0909090909090909,0.0,0.0,8.302200083022e-05,8.302200083022e-05,0.0,Subatendido
100705,SANTA ROSA DE ALTO YANAJANCA,HUANUCO,MARAÑON,0.0,12.0,0.0,0.0,0.0,0.0,0.0,0.0,Subatendido
100113,SAN PABLO DE PILLAO,HUANUCO,HUANUCO,5.0,20.0,0.25,0.0,0.0,0.0002283105022831,0.0002283105022831,0.0,Acceso medio
050412,CHACA,AYACUCHO,HUANTA,1.0,12.0,0.0833333333333333,0.0,0.75,0.250076103500761,0.3334094368340943,0.0833333333333333,Mejor atendido
090721,ROBLE,HUANCAVELICA,TAYACAJA,1.0,9.0,0.1111111111111111,114.0,0.3333333333333333,0.1112738346336129,0.3334960568558352,0.2222222222222222,Acceso medio
090722,PICHOS,HUANCAVELICA,TAYACAJA,2.0,30.0,0.0666666666666666,28.0,0.4,0.1334092605310325,0.3334092605310326,0.2,Acceso medio
030609,ROCCHACC,APURIMAC,CHINCHEROS,0.0,18.0,0.0,0.0,1.0,0.3333333333333333,0.3333333333333333,0.0,Mejor atendido
030610,EL PORVENIR,APURIMAC,CHINCHEROS,0.0,10.0,0.0,0.0,1.0,0.3333333333333333,0.3333333333333333,0.0,Mejor atendido
090723,SANTIAGO DE TUCUMA,HUANCAVELICA,TAYACAJA,0.0,8.0,0.0,6.0,1.0,0.3333365571327098,0.3333365571327098,0.0,Mejor atendido
050505,CHUNGUI,AYACUCHO,LA MAR,9.0,73.0,0.1232876712328767,0.0,0.4794520547945205,0.1599299430787514,0.3334459248139113,0.1735159817351598,Acceso medio
030611,LOS CHANKAS,APURIMAC,CHINCHEROS,0.0,36.0,0.0,0.0,0.6666666666666666,0.2222222222222222,0.3333333333333333,0.1111111111111111,Mejor atendido
080902,ECHARATE,CUSCO,LA CONVENCION,24.0,410.0,0.0585365853658536,0.0,0.5804878048780487,0.1935493930281768,0.3195656531907784,0.1260162601626016,Mejor atendido
100604,JOSE CRESPO Y CASTILLO,HUANUCO,LEONCIO PRADO,6.0,94.0,0.0638297872340425,0.0,0.0,5.829204313611192e-05,5.829204313611192e-05,0.0,Subatendido
100603,HERMILIO VALDIZAN,HUANUCO,LEONCIO PRADO,6.0,24.0,0.25,0.0,0.0,0.0002283105022831,0.0002283105022831,0.0,Acceso medio
100602,DANIEL ALOMIA ROBLES,HUANUCO,LEONCIO PRADO,4.0,53.0,0.0754716981132075,0.0,0.0,6.892392521754113e-05,6.892392521754113e-05,0.0,Subatendido
100601,RUPA-RUPA,HUANUCO,LEONCIO PRADO,12.0,49.0,0.2448979591836734,116930.5,0.0,0.0630503966035847,0.0630503966035847,0.0,Acceso medio
100606,MARIANO DAMASO BERAUN,HUANUCO,LEONCIO PRADO,5.0,58.0,0.0862068965517241,0.0,0.0,7.872775940796725e-05,7.872775940796725e-05,0.0,Subatendido
100605,LUYANDO,HUANUCO,LEONCIO PRADO,7.0,47.0,0.1489361702127659,90317.0,0.0,0.0486633294821349,0.0486633294821349,0.0,Acceso medio
100607,PUCAYACU,HUANUCO,LEONCIO PRADO,3.0,9.0,0.3333333333333333,0.0,0.0,0.0003044140030441,0.0003044140030441,0.0,Acceso medio
100608,CASTILLO GRANDE,HUANUCO,LEONCIO PRADO,1.0,2.0,0.5,0.0,0.0,0.0004566210045662,0.0004566210045662,0.0,Acceso medio
100609,PUEBLO NUEVO,HUANUCO,LEONCIO PRADO,1.0,20.0,0.05,0.0,0.0,4.566210045662101e-05,4.566210045662101e-05,0.0,Subatendido
100610,SANTO DOMINGO DE ANDA,HUANUCO,LEONCIO PRADO,1.0,11.0,0.0909090909090909,0.0,0.0,8.302200083022e-05,8.302200083022e-05,0.0,Subatendido
211105,SAN MIGUEL,PUNO,SAN ROMAN,2.0,10.0,0.2,0.0,1.0,0.3335159817351598,0.3335159817351598,0.0,Mejor atendido
150806,HUAURA,LIMA,HUAURA,10.0,54.0,0.1851851851851851,0.0,0.0,0.00016911889058,0.00016911889058,0.0,Acceso medio
